file_path	file_role	accession	assembly_code	annotation_code	sample_code	dataset_code	md5
/home/labuser/rdcheng/gd/manual_files/genome.TG70.fasta	genome	TG70	ASM_TG70				
/home/labuser/rdcheng/gd/manual_files/genome.TG80.fasta	genome	TG80	ASM_TG80				
/home/labuser/rdcheng/gd/manual_files/genome.TG81.fasta	genome	TG81	ASM_TG81				
/home/labuser/rdcheng/gd/manual_files/genome.TG90.fasta	genome	TG90	ASM_TG90				
/home/labuser/rdcheng/gd/manual_files/genome.TG9.fasta	genome	TG9	ASM_TG9				
/home/labuser/rdcheng/gd/manual_files/genome.TM.fasta	genome	TM	ASM_TM				
/home/labuser/rdcheng/gd/manual_files/genome.Toyo.fasta	genome	Toyo	ASM_Toyo				
/home/labuser/rdcheng/gd/manual_files/genome.Tumba.fasta	genome	Tumba	ASM_Tumba				
/home/labuser/rdcheng/gd/manual_files/genome.WW8.fasta	genome	WW8	ASM_WW8				
/home/labuser/rdcheng/gd/manual_files/genome.WYJ3.fasta	genome	WYJ3	ASM_WYJ3				
/home/labuser/rdcheng/gd/manual_files/genome.XS134.fasta	genome	XS134	ASM_XS134				
/home/labuser/rdcheng/gd/manual_files/genome.Y3551.fasta	genome	Y3551	ASM_Y3551				
/home/labuser/rdcheng/gd/manual_files/genome.Y58S.fasta	genome	Y58S	ASM_Y58S				
/home/labuser/rdcheng/gd/manual_files/genome.YJSM.fasta	genome	YJSM	ASM_YJSM				
/home/labuser/rdcheng/gd/manual_files/genome.YZX.fasta	genome	YZX	ASM_YZX				
/home/labuser/rdcheng/gd/manual_files/rRNA.P64S.bed	rRNA	P64S	ASM_P64S				
/home/labuser/rdcheng/gd/manual_files/rRNA.R70.bed	rRNA	R70	ASM_R70				
/home/labuser/rdcheng/gd/manual_files/genome.IR64.fasta	genome	IR64	ASM_IR64				
/home/labuser/rdcheng/gd/manual_files/genome.IR8.fasta	genome	IR8	ASM_IR8				
/home/labuser/rdcheng/gd/manual_files/rRNA.NamRoo.bed	rRNA	NamRoo	ASM_NamRoo				
/home/labuser/rdcheng/gd/manual_files/rRNA.Nipponbare.bed	rRNA	Nipponbare	ASM_Nipponbare				
/home/labuser/rdcheng/gd/manual_files/rRNA.ObarRS3.bed	rRNA	ObarRS3	ASM_ObarRS3				
/home/labuser/rdcheng/gd/manual_files/rRNA.OgluRS3.bed	rRNA	OgluRS3	ASM_OgluRS3				
/home/labuser/rdcheng/gd/manual_files/rRNA.OrufRS1.bed	rRNA	OrufRS1	ASM_OrufRS1				
/home/labuser/rdcheng/gd/manual_files/rRNA.R600.bed	rRNA	R600	ASM_R600				
/home/labuser/rdcheng/gd/manual_files/rRNA.TF.bed	rRNA	TF	ASM_TF				
/home/labuser/rdcheng/gd/manual_files/genome.Nipponbare.fasta	genome	Nipponbare	ASM_Nipponbare				
/home/labuser/rdcheng/gd/manual_files/genome.Z9311S.fasta	genome	Z9311S	ASM_Z9311S				
/home/labuser/rdcheng/gd/manual_files/genome.ZH11.fasta	genome	ZH11	ASM_ZH11				
/home/labuser/rdcheng/gd/manual_files/genome.ZS97RS3.fasta	genome	ZS97RS3	ASM_ZS97RS3				
/home/labuser/rdcheng/gd/manual_files/rRNA.02428.bed	rRNA	02428	ASM_02428				
/home/labuser/rdcheng/gd/manual_files/rRNA.117425.bed	rRNA	117425	ASM_117425				
/home/labuser/rdcheng/gd/manual_files/rRNA.117534.bed	rRNA	117534	ASM_117534				
/home/labuser/rdcheng/gd/manual_files/rRNA.125619.bed	rRNA	125619	ASM_125619				
/home/labuser/rdcheng/gd/manual_files/rRNA.125827.bed	rRNA	125827	ASM_125827				
/home/labuser/rdcheng/gd/manual_files/rRNA.127518.bed	rRNA	127518	ASM_127518				
/home/labuser/rdcheng/gd/manual_files/rRNA.127564.bed	rRNA	127564	ASM_127564				
/home/labuser/rdcheng/gd/manual_files/rRNA.127652.bed	rRNA	127652	ASM_127652				
/home/labuser/rdcheng/gd/manual_files/rRNA.127742.bed	rRNA	127742	ASM_127742				
/home/labuser/rdcheng/gd/manual_files/rRNA.128077.bed	rRNA	128077	ASM_128077				
/home/labuser/rdcheng/gd/manual_files/rRNA.132278.bed	rRNA	132278	ASM_132278				
/home/labuser/rdcheng/gd/manual_files/rRNA.132424.bed	rRNA	132424	ASM_132424				
/home/labuser/rdcheng/gd/manual_files/rRNA.17S.bed	rRNA	17S	ASM_17S				
/home/labuser/rdcheng/gd/manual_files/rRNA.201B.bed	rRNA	201B	ASM_201B				
/home/labuser/rdcheng/gd/manual_files/rRNA.33S.bed	rRNA	33S	ASM_33S				
/home/labuser/rdcheng/gd/manual_files/rRNA.3R11.bed	rRNA	3R11	ASM_3R11				
/home/labuser/rdcheng/gd/manual_files/rRNA.3R17.bed	rRNA	3R17	ASM_3R17				
/home/labuser/rdcheng/gd/manual_files/rRNA.3R25.bed	rRNA	3R25	ASM_3R25				
/home/labuser/rdcheng/gd/manual_files/rRNA.3R30.bed	rRNA	3R30	ASM_3R30				
/home/labuser/rdcheng/gd/manual_files/rRNA.3R34.bed	rRNA	3R34	ASM_3R34				
/home/labuser/rdcheng/gd/manual_files/rRNA.66S.bed	rRNA	66S	ASM_66S				
/home/labuser/rdcheng/gd/manual_files/rRNA.923.bed	rRNA	923	ASM_923				
/home/labuser/rdcheng/gd/manual_files/rRNA.Aikoku.bed	rRNA	Aikoku	ASM_Aikoku				
/home/labuser/rdcheng/gd/manual_files/rRNA.Akita.bed	rRNA	Akita	ASM_Akita				
/home/labuser/rdcheng/gd/manual_files/rRNA.AUS449.bed	rRNA	AUS449	ASM_AUS449				
/home/labuser/rdcheng/gd/manual_files/rRNA.Azucena.bed	rRNA	Azucena	ASM_Azucena				
/home/labuser/rdcheng/gd/manual_files/rRNA.Balilla.bed	rRNA	Balilla	ASM_Balilla				
/home/labuser/rdcheng/gd/manual_files/rRNA.Basmati1.bed	rRNA	Basmati1	ASM_Basmati1				
/home/labuser/rdcheng/gd/manual_files/rRNA.Basmati334.bed	rRNA	Basmati334	ASM_Basmati334				
/home/labuser/rdcheng/gd/manual_files/rRNA.C62S.bed	rRNA	C62S	ASM_C62S				
/home/labuser/rdcheng/gd/manual_files/rRNA.C7.bed	rRNA	C7	ASM_C7				
/home/labuser/rdcheng/gd/manual_files/rRNA.CG14.bed	rRNA	CG14	ASM_CG14				
/home/labuser/rdcheng/gd/manual_files/rRNA.CJS.bed	rRNA	CJS	ASM_CJS				
/home/labuser/rdcheng/gd/manual_files/rRNA.CN1.bed	rRNA	CN1	ASM_CN1				
/home/labuser/rdcheng/gd/manual_files/rRNA.D62.bed	rRNA	D62	ASM_D62				
/home/labuser/rdcheng/gd/manual_files/rRNA.DG.bed	rRNA	DG	ASM_DG				
/home/labuser/rdcheng/gd/manual_files/rRNA.DHX2.bed	rRNA	DHX2	ASM_DHX2				
/home/labuser/rdcheng/gd/manual_files/rRNA.DomSufid.bed	rRNA	DomSufid	ASM_DomSufid				
/home/labuser/rdcheng/gd/manual_files/rRNA.DR11.bed	rRNA	DR11	ASM_DR11				
/home/labuser/rdcheng/gd/manual_files/rRNA.DR12.bed	rRNA	DR12	ASM_DR12				
/home/labuser/rdcheng/gd/manual_files/rRNA.DR13.bed	rRNA	DR13	ASM_DR13				
/home/labuser/rdcheng/gd/manual_files/rRNA.DR14.bed	rRNA	DR14	ASM_DR14				
/home/labuser/rdcheng/gd/manual_files/rRNA.DR15.bed	rRNA	DR15	ASM_DR15				
/home/labuser/rdcheng/gd/manual_files/rRNA.DR16.bed	rRNA	DR16	ASM_DR16				
/home/labuser/rdcheng/gd/manual_files/rRNA.DR17.bed	rRNA	DR17	ASM_DR17				
/home/labuser/rdcheng/gd/manual_files/rRNA.DR18.bed	rRNA	DR18	ASM_DR18				
/home/labuser/rdcheng/gd/manual_files/rRNA.DR1.bed	rRNA	DR1	ASM_DR1				
/home/labuser/rdcheng/gd/manual_files/rRNA.DR20.bed	rRNA	DR20	ASM_DR20				
/home/labuser/rdcheng/gd/manual_files/rRNA.DR2.bed	rRNA	DR2	ASM_DR2				
/home/labuser/rdcheng/gd/manual_files/rRNA.DR3.bed	rRNA	DR3	ASM_DR3				
/home/labuser/rdcheng/gd/manual_files/rRNA.DR4.bed	rRNA	DR4	ASM_DR4				
/home/labuser/rdcheng/gd/manual_files/rRNA.DR5.bed	rRNA	DR5	ASM_DR5				
/home/labuser/rdcheng/gd/manual_files/rRNA.DR6.bed	rRNA	DR6	ASM_DR6				
/home/labuser/rdcheng/gd/manual_files/rRNA.DR7.bed	rRNA	DR7	ASM_DR7				
/home/labuser/rdcheng/gd/manual_files/rRNA.DR8.bed	rRNA	DR8	ASM_DR8				
/home/labuser/rdcheng/gd/manual_files/rRNA.DR9.bed	rRNA	DR9	ASM_DR9				
/home/labuser/rdcheng/gd/manual_files/rRNA.Dular.bed	rRNA	Dular	ASM_Dular				
/home/labuser/rdcheng/gd/manual_files/rRNA.FH838.bed	rRNA	FH838	ASM_FH838				
/home/labuser/rdcheng/gd/manual_files/rRNA.FS32.bed	rRNA	FS32	ASM_FS32				
/home/labuser/rdcheng/gd/manual_files/rRNA.G46.bed	rRNA	G46	ASM_G46				
/home/labuser/rdcheng/gd/manual_files/rRNA.G630.bed	rRNA	G630	ASM_G630				
/home/labuser/rdcheng/gd/manual_files/rRNA.G8.bed	rRNA	G8	ASM_G8				
/home/labuser/rdcheng/gd/manual_files/rRNA.Gim.bed	rRNA	Gim	ASM_Gim				
/home/labuser/rdcheng/gd/manual_files/rRNA.GWX30.bed	rRNA	GWX30	ASM_GWX30				
/home/labuser/rdcheng/gd/manual_files/rRNA.HBK.bed	rRNA	HBK	ASM_HBK				
/home/labuser/rdcheng/gd/manual_files/rRNA.HHZ.bed	rRNA	HHZ	ASM_HHZ				
/home/labuser/rdcheng/gd/manual_files/rRNA.HMXRS1.bed	rRNA	HMXRS1	ASM_HMXRS1				
/home/labuser/rdcheng/gd/manual_files/rRNA.HMZ.bed	rRNA	HMZ	ASM_HMZ				
/home/labuser/rdcheng/gd/manual_files/rRNA.HZ.bed	rRNA	HZ	ASM_HZ				
/home/labuser/rdcheng/gd/manual_files/rRNA.II32.bed	rRNA	II32	ASM_II32				
/home/labuser/rdcheng/gd/manual_files/rRNA.IR64.bed	rRNA	IR64	ASM_IR64				
/home/labuser/rdcheng/gd/manual_files/rRNA.IR8.bed	rRNA	IR8	ASM_IR8				
/home/labuser/rdcheng/gd/manual_files/rRNA.J4155.bed	rRNA	J4155	ASM_J4155				
/home/labuser/rdcheng/gd/manual_files/rRNA.J4155S.bed	rRNA	J4155S	ASM_J4155S				
/home/labuser/rdcheng/gd/manual_files/rRNA.JR2031.bed	rRNA	JR2031	ASM_JR2031				
/home/labuser/rdcheng/gd/manual_files/rRNA.Kosh.bed	rRNA	Kosh	ASM_Kosh				
/home/labuser/rdcheng/gd/manual_files/rRNA.KY131.bed	rRNA	KY131	ASM_KY131				
/home/labuser/rdcheng/gd/manual_files/rRNA.LDXZ.bed	rRNA	LDXZ	ASM_LDXZ				
/home/labuser/rdcheng/gd/manual_files/rRNA.Lemont.bed	rRNA	Lemont	ASM_Lemont				
/home/labuser/rdcheng/gd/manual_files/rRNA.LG31.bed	rRNA	LG31	ASM_LG31				
/home/labuser/rdcheng/gd/manual_files/rRNA.LG5.bed	rRNA	LG5	ASM_LG5				
/home/labuser/rdcheng/gd/manual_files/rRNA.LJ.bed	rRNA	LJ	ASM_LJ				
/home/labuser/rdcheng/gd/manual_files/rRNA.LK638S.bed	rRNA	LK638S	ASM_LK638S				
/home/labuser/rdcheng/gd/manual_files/rRNA.LTH.bed	rRNA	LTH	ASM_LTH				
/home/labuser/rdcheng/gd/manual_files/rRNA.MH63RS3.bed	rRNA	MH63RS3	ASM_MH63RS3				
/home/labuser/rdcheng/gd/manual_files/rRNA.Mitak.bed	rRNA	Mitak	ASM_Mitak				
/home/labuser/rdcheng/gd/manual_files/rRNA.NG39.bed	rRNA	NG39	ASM_NG39				
/home/labuser/rdcheng/gd/manual_files/rRNA.No8.bed	rRNA	No8	ASM_No8				
/home/labuser/rdcheng/gd/manual_files/rRNA.OglaRS2.bed	rRNA	OglaRS2	ASM_OglaRS2				
/home/labuser/rdcheng/gd/manual_files/rRNA.OmerRS3.bed	rRNA	OmerRS3	ASM_OmerRS3				
/home/labuser/rdcheng/gd/manual_files/rRNA.R498.bed	rRNA	R498	ASM_R498				
/home/labuser/rdcheng/gd/manual_files/rRNA.R9311.bed	rRNA	R9311	ASM_R9311				
/home/labuser/rdcheng/gd/manual_files/genome.WSSM.fasta	genome	WSSM	ASM_WSSM				
/home/labuser/rdcheng/gd/manual_files/genome.WYG3.fasta	genome	WYG3	ASM_WYG3				
/home/labuser/rdcheng/gd/manual_files/genome.XL628S.fasta	genome	XL628S	ASM_XL628S				
/home/labuser/rdcheng/gd/manual_files/genome.XYXZ.fasta	genome	XYXZ	ASM_XYXZ				
/home/labuser/rdcheng/gd/manual_files/genome.Y4B.fasta	genome	Y4B	ASM_Y4B				
/home/labuser/rdcheng/gd/manual_files/genome.YF47.fasta	genome	YF47	ASM_YF47				
/home/labuser/rdcheng/gd/manual_files/genome.YX1.fasta	genome	YX1	ASM_YX1				
/home/labuser/rdcheng/gd/manual_files/rRNA.OnivRS2.bed	rRNA	OnivRS2	ASM_OnivRS2				
/home/labuser/rdcheng/gd/manual_files/rRNA.R527.bed	rRNA	R527	ASM_R527				
/home/labuser/rdcheng/gd/manual_files/rRNA.S548.bed	rRNA	S548	ASM_S548				
/home/labuser/rdcheng/gd/manual_files/rRNA.Sasa.bed	rRNA	Sasa	ASM_Sasa				
/home/labuser/rdcheng/gd/manual_files/rRNA.SN265.bed	rRNA	SN265	ASM_SN265				
/home/labuser/rdcheng/gd/manual_files/rRNA.TG14.bed	rRNA	TG14	ASM_TG14				
/home/labuser/rdcheng/gd/manual_files/rRNA.TG17.bed	rRNA	TG17	ASM_TG17				
/home/labuser/rdcheng/gd/manual_files/rRNA.TG19.bed	rRNA	TG19	ASM_TG19				
/home/labuser/rdcheng/gd/manual_files/rRNA.TG22.bed	rRNA	TG22	ASM_TG22				
/home/labuser/rdcheng/gd/manual_files/rRNA.TG27.bed	rRNA	TG27	ASM_TG27				
/home/labuser/rdcheng/gd/manual_files/rRNA.TG29.bed	rRNA	TG29	ASM_TG29				
/home/labuser/rdcheng/gd/manual_files/rRNA.TG31.bed	rRNA	TG31	ASM_TG31				
/home/labuser/rdcheng/gd/manual_files/rRNA.TG33.bed	rRNA	TG33	ASM_TG33				
/home/labuser/rdcheng/gd/manual_files/rRNA.TG3.bed	rRNA	TG3	ASM_TG3				
/home/labuser/rdcheng/gd/manual_files/rRNA.TG42.bed	rRNA	TG42	ASM_TG42				
/home/labuser/rdcheng/gd/manual_files/rRNA.TG49.bed	rRNA	TG49	ASM_TG49				
/home/labuser/rdcheng/gd/manual_files/rRNA.TG50.bed	rRNA	TG50	ASM_TG50				
/home/labuser/rdcheng/gd/manual_files/rRNA.TG53.bed	rRNA	TG53	ASM_TG53				
/home/labuser/rdcheng/gd/manual_files/rRNA.TG55.bed	rRNA	TG55	ASM_TG55				
/home/labuser/rdcheng/gd/manual_files/rRNA.TG56.bed	rRNA	TG56	ASM_TG56				
/home/labuser/rdcheng/gd/manual_files/rRNA.TG59.bed	rRNA	TG59	ASM_TG59				
/home/labuser/rdcheng/gd/manual_files/rRNA.TG61.bed	rRNA	TG61	ASM_TG61				
/home/labuser/rdcheng/gd/manual_files/rRNA.TG63.bed	rRNA	TG63	ASM_TG63				
/home/labuser/rdcheng/gd/manual_files/rRNA.TG65.bed	rRNA	TG65	ASM_TG65				
/home/labuser/rdcheng/gd/manual_files/rRNA.TG68.bed	rRNA	TG68	ASM_TG68				
/home/labuser/rdcheng/gd/manual_files/rRNA.TG6.bed	rRNA	TG6	ASM_TG6				
/home/labuser/rdcheng/gd/manual_files/rRNA.TG70.bed	rRNA	TG70	ASM_TG70				
/home/labuser/rdcheng/gd/manual_files/rRNA.TG80.bed	rRNA	TG80	ASM_TG80				
/home/labuser/rdcheng/gd/manual_files/rRNA.TG81.bed	rRNA	TG81	ASM_TG81				
/home/labuser/rdcheng/gd/manual_files/rRNA.TG90.bed	rRNA	TG90	ASM_TG90				
/home/labuser/rdcheng/gd/manual_files/rRNA.TG9.bed	rRNA	TG9	ASM_TG9				
/home/labuser/rdcheng/gd/manual_files/rRNA.TM.bed	rRNA	TM	ASM_TM				
/home/labuser/rdcheng/gd/manual_files/rRNA.Toyo.bed	rRNA	Toyo	ASM_Toyo				
/home/labuser/rdcheng/gd/manual_files/rRNA.Tumba.bed	rRNA	Tumba	ASM_Tumba				
/home/labuser/rdcheng/gd/manual_files/rRNA.WSSM.bed	rRNA	WSSM	ASM_WSSM				
/home/labuser/rdcheng/gd/manual_files/rRNA.WW8.bed	rRNA	WW8	ASM_WW8				
/home/labuser/rdcheng/gd/manual_files/rRNA.WYG3.bed	rRNA	WYG3	ASM_WYG3				
/home/labuser/rdcheng/gd/manual_files/rRNA.WYJ3.bed	rRNA	WYJ3	ASM_WYJ3				
/home/labuser/rdcheng/gd/manual_files/rRNA.XL628S.bed	rRNA	XL628S	ASM_XL628S				
/home/labuser/rdcheng/gd/manual_files/rRNA.XS134.bed	rRNA	XS134	ASM_XS134				
/home/labuser/rdcheng/gd/manual_files/rRNA.Y3551.bed	rRNA	Y3551	ASM_Y3551				
/home/labuser/rdcheng/gd/manual_files/rRNA.Y58S.bed	rRNA	Y58S	ASM_Y58S				
/home/labuser/rdcheng/gd/manual_files/rRNA.YJSM.bed	rRNA	YJSM	ASM_YJSM				
/home/labuser/rdcheng/gd/manual_files/rRNA.YZX.bed	rRNA	YZX	ASM_YZX				
/home/labuser/rdcheng/gd/manual_files/rRNA.ZH11.bed	rRNA	ZH11	ASM_ZH11				
/home/labuser/rdcheng/gd/manual_files/tRNA.02428.bed	tRNA	02428	ASM_02428				
/home/labuser/rdcheng/gd/manual_files/tRNA.117534.bed	tRNA	117534	ASM_117534				
/home/labuser/rdcheng/gd/manual_files/tRNA.125827.bed	tRNA	125827	ASM_125827				
/home/labuser/rdcheng/gd/manual_files/tRNA.127564.bed	tRNA	127564	ASM_127564				
/home/labuser/rdcheng/gd/manual_files/tRNA.127742.bed	tRNA	127742	ASM_127742				
/home/labuser/rdcheng/gd/manual_files/tRNA.132278.bed	tRNA	132278	ASM_132278				
/home/labuser/rdcheng/gd/manual_files/tRNA.17S.bed	tRNA	17S	ASM_17S				
/home/labuser/rdcheng/gd/manual_files/genome.FS32.fasta	genome	FS32	ASM_FS32				
/home/labuser/rdcheng/gd/manual_files/genome.G46.fasta	genome	G46	ASM_G46				
/home/labuser/rdcheng/gd/manual_files/genome.G630.fasta	genome	G630	ASM_G630				
/home/labuser/rdcheng/gd/manual_files/genome.G8.fasta	genome	G8	ASM_G8				
/home/labuser/rdcheng/gd/manual_files/genome.Gim.fasta	genome	Gim	ASM_Gim				
/home/labuser/rdcheng/gd/manual_files/genome.GWX30.fasta	genome	GWX30	ASM_GWX30				
/home/labuser/rdcheng/gd/manual_files/genome.HBK.fasta	genome	HBK	ASM_HBK				
/home/labuser/rdcheng/gd/manual_files/genome.HHZ.fasta	genome	HHZ	ASM_HHZ				
/home/labuser/rdcheng/gd/manual_files/genome.HMXRS1.fasta	genome	HMXRS1	ASM_HMXRS1				
/home/labuser/rdcheng/gd/manual_files/genome.HMZ.fasta	genome	HMZ	ASM_HMZ				
/home/labuser/rdcheng/gd/manual_files/genome.HZ.fasta	genome	HZ	ASM_HZ				
/home/labuser/rdcheng/gd/manual_files/genome.II32.fasta	genome	II32	ASM_II32				
/home/labuser/rdcheng/gd/manual_files/genome.J4155.fasta	genome	J4155	ASM_J4155				
/home/labuser/rdcheng/gd/manual_files/genome.J4155S.fasta	genome	J4155S	ASM_J4155S				
/home/labuser/rdcheng/gd/manual_files/genome.JR2031.fasta	genome	JR2031	ASM_JR2031				
/home/labuser/rdcheng/gd/manual_files/genome.Kosh.fasta	genome	Kosh	ASM_Kosh				
/home/labuser/rdcheng/gd/manual_files/genome.KY131.fasta	genome	KY131	ASM_KY131				
/home/labuser/rdcheng/gd/manual_files/genome.LDXZ.fasta	genome	LDXZ	ASM_LDXZ				
/home/labuser/rdcheng/gd/manual_files/genome.Lemont.fasta	genome	Lemont	ASM_Lemont				
/home/labuser/rdcheng/gd/manual_files/genome.LG31.fasta	genome	LG31	ASM_LG31				
/home/labuser/rdcheng/gd/manual_files/genome.LG5.fasta	genome	LG5	ASM_LG5				
/home/labuser/rdcheng/gd/manual_files/genome.LJ.fasta	genome	LJ	ASM_LJ				
/home/labuser/rdcheng/gd/manual_files/genome.LK638S.fasta	genome	LK638S	ASM_LK638S				
/home/labuser/rdcheng/gd/manual_files/genome.LTH.fasta	genome	LTH	ASM_LTH				
/home/labuser/rdcheng/gd/manual_files/genome.MH63RS3.fasta	genome	MH63RS3	ASM_MH63RS3				
/home/labuser/rdcheng/gd/manual_files/genome.Mitak.fasta	genome	Mitak	ASM_Mitak				
/home/labuser/rdcheng/gd/manual_files/genome.NamRoo.fasta	genome	NamRoo	ASM_NamRoo				
/home/labuser/rdcheng/gd/manual_files/genome.NG39.fasta	genome	NG39	ASM_NG39				
/home/labuser/rdcheng/gd/manual_files/genome.No8.fasta	genome	No8	ASM_No8				
/home/labuser/rdcheng/gd/manual_files/genome.ObarRS3.fasta	genome	ObarRS3	ASM_ObarRS3				
/home/labuser/rdcheng/gd/manual_files/genome.OglaRS2.fasta	genome	OglaRS2	ASM_OglaRS2				
/home/labuser/rdcheng/gd/manual_files/genome.OgluRS3.fasta	genome	OgluRS3	ASM_OgluRS3				
/home/labuser/rdcheng/gd/manual_files/genome.OmerRS3.fasta	genome	OmerRS3	ASM_OmerRS3				
/home/labuser/rdcheng/gd/manual_files/genome.OnivRS2.fasta	genome	OnivRS2	ASM_OnivRS2				
/home/labuser/rdcheng/gd/manual_files/genome.OrufRS1.fasta	genome	OrufRS1	ASM_OrufRS1				
/home/labuser/rdcheng/gd/manual_files/genome.P64S.fasta	genome	P64S	ASM_P64S				
/home/labuser/rdcheng/gd/manual_files/genome.R498.fasta	genome	R498	ASM_R498				
/home/labuser/rdcheng/gd/manual_files/genome.R527.fasta	genome	R527	ASM_R527				
/home/labuser/rdcheng/gd/manual_files/genome.R600.fasta	genome	R600	ASM_R600				
/home/labuser/rdcheng/gd/manual_files/genome.R70.fasta	genome	R70	ASM_R70				
/home/labuser/rdcheng/gd/manual_files/genome.R9311.fasta	genome	R9311	ASM_R9311				
/home/labuser/rdcheng/gd/manual_files/genome.S548.fasta	genome	S548	ASM_S548				
/home/labuser/rdcheng/gd/manual_files/genome.Sasa.fasta	genome	Sasa	ASM_Sasa				
/home/labuser/rdcheng/gd/manual_files/genome.SN265.fasta	genome	SN265	ASM_SN265				
/home/labuser/rdcheng/gd/manual_files/genome.TF.fasta	genome	TF	ASM_TF				
/home/labuser/rdcheng/gd/manual_files/genome.TG14.fasta	genome	TG14	ASM_TG14				
/home/labuser/rdcheng/gd/manual_files/genome.TG17.fasta	genome	TG17	ASM_TG17				
/home/labuser/rdcheng/gd/manual_files/genome.TG19.fasta	genome	TG19	ASM_TG19				
/home/labuser/rdcheng/gd/manual_files/genome.TG22.fasta	genome	TG22	ASM_TG22				
/home/labuser/rdcheng/gd/manual_files/genome.TG27.fasta	genome	TG27	ASM_TG27				
/home/labuser/rdcheng/gd/manual_files/genome.TG29.fasta	genome	TG29	ASM_TG29				
/home/labuser/rdcheng/gd/manual_files/genome.TG31.fasta	genome	TG31	ASM_TG31				
/home/labuser/rdcheng/gd/manual_files/genome.TG33.fasta	genome	TG33	ASM_TG33				
/home/labuser/rdcheng/gd/manual_files/genome.TG3.fasta	genome	TG3	ASM_TG3				
/home/labuser/rdcheng/gd/manual_files/genome.TG42.fasta	genome	TG42	ASM_TG42				
/home/labuser/rdcheng/gd/manual_files/genome.TG49.fasta	genome	TG49	ASM_TG49				
/home/labuser/rdcheng/gd/manual_files/genome.TG50.fasta	genome	TG50	ASM_TG50				
/home/labuser/rdcheng/gd/manual_files/genome.TG53.fasta	genome	TG53	ASM_TG53				
/home/labuser/rdcheng/gd/manual_files/genome.TG55.fasta	genome	TG55	ASM_TG55				
/home/labuser/rdcheng/gd/manual_files/genome.TG56.fasta	genome	TG56	ASM_TG56				
/home/labuser/rdcheng/gd/manual_files/genome.TG59.fasta	genome	TG59	ASM_TG59				
/home/labuser/rdcheng/gd/manual_files/genome.TG61.fasta	genome	TG61	ASM_TG61				
/home/labuser/rdcheng/gd/manual_files/genome.TG63.fasta	genome	TG63	ASM_TG63				
/home/labuser/rdcheng/gd/manual_files/genome.TG65.fasta	genome	TG65	ASM_TG65				
/home/labuser/rdcheng/gd/manual_files/genome.TG68.fasta	genome	TG68	ASM_TG68				
/home/labuser/rdcheng/gd/manual_files/genome.TG6.fasta	genome	TG6	ASM_TG6				
/home/labuser/rdcheng/gd/manual_files/rRNA.XYXZ.bed	rRNA	XYXZ	ASM_XYXZ				
/home/labuser/rdcheng/gd/manual_files/rRNA.Y4B.bed	rRNA	Y4B	ASM_Y4B				
/home/labuser/rdcheng/gd/manual_files/rRNA.YF47.bed	rRNA	YF47	ASM_YF47				
/home/labuser/rdcheng/gd/manual_files/rRNA.YX1.bed	rRNA	YX1	ASM_YX1				
/home/labuser/rdcheng/gd/manual_files/rRNA.Z9311S.bed	rRNA	Z9311S	ASM_Z9311S				
/home/labuser/rdcheng/gd/manual_files/rRNA.ZS97RS3.bed	rRNA	ZS97RS3	ASM_ZS97RS3				
/home/labuser/rdcheng/gd/manual_files/tRNA.117425.bed	tRNA	117425	ASM_117425				
/home/labuser/rdcheng/gd/manual_files/tRNA.125619.bed	tRNA	125619	ASM_125619				
/home/labuser/rdcheng/gd/manual_files/tRNA.127518.bed	tRNA	127518	ASM_127518				
/home/labuser/rdcheng/gd/manual_files/tRNA.127652.bed	tRNA	127652	ASM_127652				
/home/labuser/rdcheng/gd/manual_files/tRNA.128077.bed	tRNA	128077	ASM_128077				
/home/labuser/rdcheng/gd/manual_files/tRNA.132424.bed	tRNA	132424	ASM_132424				
/home/labuser/rdcheng/gd/manual_files/tRNA.33S.bed	tRNA	33S	ASM_33S				
/home/labuser/rdcheng/gd/manual_files/tRNA.201B.bed	tRNA	201B	ASM_201B				
/home/labuser/rdcheng/gd/manual_files/tRNA.3R11.bed	tRNA	3R11	ASM_3R11				
/home/labuser/rdcheng/gd/manual_files/tRNA.3R17.bed	tRNA	3R17	ASM_3R17				
/home/labuser/rdcheng/gd/manual_files/tRNA.3R25.bed	tRNA	3R25	ASM_3R25				
/home/labuser/rdcheng/gd/manual_files/tRNA.3R30.bed	tRNA	3R30	ASM_3R30				
/home/labuser/rdcheng/gd/manual_files/tRNA.3R34.bed	tRNA	3R34	ASM_3R34				
/home/labuser/rdcheng/gd/manual_files/tRNA.66S.bed	tRNA	66S	ASM_66S				
/home/labuser/rdcheng/gd/manual_files/tRNA.923.bed	tRNA	923	ASM_923				
/home/labuser/rdcheng/gd/manual_files/tRNA.Aikoku.bed	tRNA	Aikoku	ASM_Aikoku				
/home/labuser/rdcheng/gd/manual_files/tRNA.Akita.bed	tRNA	Akita	ASM_Akita				
/home/labuser/rdcheng/gd/manual_files/tRNA.AUS449.bed	tRNA	AUS449	ASM_AUS449				
/home/labuser/rdcheng/gd/manual_files/tRNA.Azucena.bed	tRNA	Azucena	ASM_Azucena				
/home/labuser/rdcheng/gd/manual_files/tRNA.Balilla.bed	tRNA	Balilla	ASM_Balilla				
/home/labuser/rdcheng/gd/manual_files/tRNA.Basmati1.bed	tRNA	Basmati1	ASM_Basmati1				
/home/labuser/rdcheng/gd/manual_files/tRNA.Basmati334.bed	tRNA	Basmati334	ASM_Basmati334				
/home/labuser/rdcheng/gd/manual_files/tRNA.C62S.bed	tRNA	C62S	ASM_C62S				
/home/labuser/rdcheng/gd/manual_files/tRNA.C7.bed	tRNA	C7	ASM_C7				
/home/labuser/rdcheng/gd/manual_files/tRNA.CG14.bed	tRNA	CG14	ASM_CG14				
/home/labuser/rdcheng/gd/manual_files/tRNA.CJS.bed	tRNA	CJS	ASM_CJS				
/home/labuser/rdcheng/gd/manual_files/tRNA.CN1.bed	tRNA	CN1	ASM_CN1				
/home/labuser/rdcheng/gd/manual_files/tRNA.D62.bed	tRNA	D62	ASM_D62				
/home/labuser/rdcheng/gd/manual_files/tRNA.DG.bed	tRNA	DG	ASM_DG				
/home/labuser/rdcheng/gd/manual_files/tRNA.DHX2.bed	tRNA	DHX2	ASM_DHX2				
/home/labuser/rdcheng/gd/manual_files/tRNA.DomSufid.bed	tRNA	DomSufid	ASM_DomSufid				
/home/labuser/rdcheng/gd/manual_files/tRNA.DR11.bed	tRNA	DR11	ASM_DR11				
/home/labuser/rdcheng/gd/manual_files/tRNA.DR12.bed	tRNA	DR12	ASM_DR12				
/home/labuser/rdcheng/gd/manual_files/tRNA.DR13.bed	tRNA	DR13	ASM_DR13				
/home/labuser/rdcheng/gd/manual_files/tRNA.DR14.bed	tRNA	DR14	ASM_DR14				
/home/labuser/rdcheng/gd/manual_files/tRNA.DR15.bed	tRNA	DR15	ASM_DR15				
/home/labuser/rdcheng/gd/manual_files/tRNA.DR16.bed	tRNA	DR16	ASM_DR16				
/home/labuser/rdcheng/gd/manual_files/tRNA.DR17.bed	tRNA	DR17	ASM_DR17				
/home/labuser/rdcheng/gd/manual_files/tRNA.DR18.bed	tRNA	DR18	ASM_DR18				
/home/labuser/rdcheng/gd/manual_files/tRNA.DR1.bed	tRNA	DR1	ASM_DR1				
/home/labuser/rdcheng/gd/manual_files/tRNA.DR20.bed	tRNA	DR20	ASM_DR20				
/home/labuser/rdcheng/gd/manual_files/tRNA.DR2.bed	tRNA	DR2	ASM_DR2				
/home/labuser/rdcheng/gd/manual_files/tRNA.DR3.bed	tRNA	DR3	ASM_DR3				
/home/labuser/rdcheng/gd/manual_files/tRNA.DR4.bed	tRNA	DR4	ASM_DR4				
/home/labuser/rdcheng/gd/manual_files/tRNA.DR5.bed	tRNA	DR5	ASM_DR5				
/home/labuser/rdcheng/gd/manual_files/tRNA.DR6.bed	tRNA	DR6	ASM_DR6				
/home/labuser/rdcheng/gd/manual_files/tRNA.DR7.bed	tRNA	DR7	ASM_DR7				
/home/labuser/rdcheng/gd/manual_files/tRNA.DR8.bed	tRNA	DR8	ASM_DR8				
/home/labuser/rdcheng/gd/manual_files/tRNA.DR9.bed	tRNA	DR9	ASM_DR9				
/home/labuser/rdcheng/gd/manual_files/tRNA.Dular.bed	tRNA	Dular	ASM_Dular				
/home/labuser/rdcheng/gd/manual_files/tRNA.FH838.bed	tRNA	FH838	ASM_FH838				
/home/labuser/rdcheng/gd/manual_files/tRNA.FS32.bed	tRNA	FS32	ASM_FS32				
/home/labuser/rdcheng/gd/manual_files/tRNA.G46.bed	tRNA	G46	ASM_G46				
/home/labuser/rdcheng/gd/manual_files/tRNA.G630.bed	tRNA	G630	ASM_G630				
/home/labuser/rdcheng/gd/manual_files/tRNA.G8.bed	tRNA	G8	ASM_G8				
/home/labuser/rdcheng/gd/manual_files/tRNA.Gim.bed	tRNA	Gim	ASM_Gim				
/home/labuser/rdcheng/gd/manual_files/tRNA.GWX30.bed	tRNA	GWX30	ASM_GWX30				
/home/labuser/rdcheng/gd/manual_files/tRNA.HBK.bed	tRNA	HBK	ASM_HBK				
/home/labuser/rdcheng/gd/manual_files/tRNA.HHZ.bed	tRNA	HHZ	ASM_HHZ				
/home/labuser/rdcheng/gd/manual_files/tRNA.HMXRS1.bed	tRNA	HMXRS1	ASM_HMXRS1				
/home/labuser/rdcheng/gd/manual_files/tRNA.HMZ.bed	tRNA	HMZ	ASM_HMZ				
/home/labuser/rdcheng/gd/manual_files/tRNA.HZ.bed	tRNA	HZ	ASM_HZ				
/home/labuser/rdcheng/gd/manual_files/tRNA.II32.bed	tRNA	II32	ASM_II32				
/home/labuser/rdcheng/gd/manual_files/tRNA.IR64.bed	tRNA	IR64	ASM_IR64				
/home/labuser/rdcheng/gd/manual_files/tRNA.IR8.bed	tRNA	IR8	ASM_IR8				
/home/labuser/rdcheng/gd/manual_files/tRNA.J4155.bed	tRNA	J4155	ASM_J4155				
/home/labuser/rdcheng/gd/manual_files/tRNA.J4155S.bed	tRNA	J4155S	ASM_J4155S				
/home/labuser/rdcheng/gd/manual_files/tRNA.JR2031.bed	tRNA	JR2031	ASM_JR2031				
/home/labuser/rdcheng/gd/manual_files/tRNA.Kosh.bed	tRNA	Kosh	ASM_Kosh				
/home/labuser/rdcheng/gd/manual_files/tRNA.KY131.bed	tRNA	KY131	ASM_KY131				
/home/labuser/rdcheng/gd/manual_files/tRNA.LDXZ.bed	tRNA	LDXZ	ASM_LDXZ				
/home/labuser/rdcheng/gd/manual_files/tRNA.Lemont.bed	tRNA	Lemont	ASM_Lemont				
/home/labuser/rdcheng/gd/manual_files/tRNA.LG31.bed	tRNA	LG31	ASM_LG31				
/home/labuser/rdcheng/gd/manual_files/tRNA.LG5.bed	tRNA	LG5	ASM_LG5				
/home/labuser/rdcheng/gd/manual_files/tRNA.LJ.bed	tRNA	LJ	ASM_LJ				
/home/labuser/rdcheng/gd/manual_files/tRNA.LK638S.bed	tRNA	LK638S	ASM_LK638S				
/home/labuser/rdcheng/gd/manual_files/tRNA.LTH.bed	tRNA	LTH	ASM_LTH				
/home/labuser/rdcheng/gd/manual_files/tRNA.MH63RS3.bed	tRNA	MH63RS3	ASM_MH63RS3				
/home/labuser/rdcheng/gd/manual_files/tRNA.Mitak.bed	tRNA	Mitak	ASM_Mitak				
/home/labuser/rdcheng/gd/manual_files/tRNA.NamRoo.bed	tRNA	NamRoo	ASM_NamRoo				
/home/labuser/rdcheng/gd/manual_files/tRNA.NG39.bed	tRNA	NG39	ASM_NG39				
/home/labuser/rdcheng/gd/manual_files/tRNA.Nipponbare.bed	tRNA	Nipponbare	ASM_Nipponbare				
/home/labuser/rdcheng/gd/manual_files/tRNA.No8.bed	tRNA	No8	ASM_No8				
/home/labuser/rdcheng/gd/manual_files/tRNA.ObarRS3.bed	tRNA	ObarRS3	ASM_ObarRS3				
/home/labuser/rdcheng/gd/manual_files/tRNA.OglaRS2.bed	tRNA	OglaRS2	ASM_OglaRS2				
/home/labuser/rdcheng/gd/manual_files/tRNA.OgluRS3.bed	tRNA	OgluRS3	ASM_OgluRS3				
/home/labuser/rdcheng/gd/manual_files/tRNA.OmerRS3.bed	tRNA	OmerRS3	ASM_OmerRS3				
/home/labuser/rdcheng/gd/manual_files/tRNA.OnivRS2.bed	tRNA	OnivRS2	ASM_OnivRS2				
/home/labuser/rdcheng/gd/manual_files/tRNA.OrufRS1.bed	tRNA	OrufRS1	ASM_OrufRS1				
/home/labuser/rdcheng/gd/manual_files/tRNA.P64S.bed	tRNA	P64S	ASM_P64S				
/home/labuser/rdcheng/gd/manual_files/tRNA.R498.bed	tRNA	R498	ASM_R498				
/home/labuser/rdcheng/gd/manual_files/tRNA.R527.bed	tRNA	R527	ASM_R527				
/home/labuser/rdcheng/gd/manual_files/tRNA.R600.bed	tRNA	R600	ASM_R600				
/home/labuser/rdcheng/gd/manual_files/tRNA.R70.bed	tRNA	R70	ASM_R70				
/home/labuser/rdcheng/gd/manual_files/tRNA.R9311.bed	tRNA	R9311	ASM_R9311				
/home/labuser/rdcheng/gd/manual_files/tRNA.S548.bed	tRNA	S548	ASM_S548				
/home/labuser/rdcheng/gd/manual_files/tRNA.Sasa.bed	tRNA	Sasa	ASM_Sasa				
/home/labuser/rdcheng/gd/manual_files/tRNA.SN265.bed	tRNA	SN265	ASM_SN265				
/home/labuser/rdcheng/gd/manual_files/tRNA.TF.bed	tRNA	TF	ASM_TF				
/home/labuser/rdcheng/gd/manual_files/tRNA.TG14.bed	tRNA	TG14	ASM_TG14				
/home/labuser/rdcheng/gd/manual_files/tRNA.TG17.bed	tRNA	TG17	ASM_TG17				
/home/labuser/rdcheng/gd/manual_files/tRNA.TG19.bed	tRNA	TG19	ASM_TG19				
/home/labuser/rdcheng/gd/manual_files/tRNA.TG22.bed	tRNA	TG22	ASM_TG22				
/home/labuser/rdcheng/gd/manual_files/tRNA.TG27.bed	tRNA	TG27	ASM_TG27				
/home/labuser/rdcheng/gd/manual_files/tRNA.TG29.bed	tRNA	TG29	ASM_TG29				
/home/labuser/rdcheng/gd/manual_files/tRNA.TG31.bed	tRNA	TG31	ASM_TG31				
/home/labuser/rdcheng/gd/manual_files/tRNA.TG33.bed	tRNA	TG33	ASM_TG33				
/home/labuser/rdcheng/gd/manual_files/tRNA.TG3.bed	tRNA	TG3	ASM_TG3				
/home/labuser/rdcheng/gd/manual_files/tRNA.TG42.bed	tRNA	TG42	ASM_TG42				
/home/labuser/rdcheng/gd/manual_files/tRNA.TG49.bed	tRNA	TG49	ASM_TG49				
/home/labuser/rdcheng/gd/manual_files/tRNA.TG50.bed	tRNA	TG50	ASM_TG50				
/home/labuser/rdcheng/gd/manual_files/tRNA.TG53.bed	tRNA	TG53	ASM_TG53				
/home/labuser/rdcheng/gd/manual_files/tRNA.TG55.bed	tRNA	TG55	ASM_TG55				
/home/labuser/rdcheng/gd/manual_files/tRNA.TG56.bed	tRNA	TG56	ASM_TG56				
/home/labuser/rdcheng/gd/manual_files/tRNA.TG59.bed	tRNA	TG59	ASM_TG59				
/home/labuser/rdcheng/gd/manual_files/tRNA.TG61.bed	tRNA	TG61	ASM_TG61				
/home/labuser/rdcheng/gd/manual_files/tRNA.TG63.bed	tRNA	TG63	ASM_TG63				
/home/labuser/rdcheng/gd/manual_files/tRNA.TG65.bed	tRNA	TG65	ASM_TG65				
/home/labuser/rdcheng/gd/manual_files/tRNA.TG68.bed	tRNA	TG68	ASM_TG68				
/home/labuser/rdcheng/gd/manual_files/tRNA.TG6.bed	tRNA	TG6	ASM_TG6				
/home/labuser/rdcheng/gd/manual_files/tRNA.TG70.bed	tRNA	TG70	ASM_TG70				
/home/labuser/rdcheng/gd/manual_files/tRNA.TG80.bed	tRNA	TG80	ASM_TG80				
/home/labuser/rdcheng/gd/manual_files/tRNA.TG81.bed	tRNA	TG81	ASM_TG81				
/home/labuser/rdcheng/gd/manual_files/tRNA.TG90.bed	tRNA	TG90	ASM_TG90				
/home/labuser/rdcheng/gd/manual_files/tRNA.TG9.bed	tRNA	TG9	ASM_TG9				
/home/labuser/rdcheng/gd/manual_files/tRNA.TM.bed	tRNA	TM	ASM_TM				
/home/labuser/rdcheng/gd/manual_files/tRNA.Toyo.bed	tRNA	Toyo	ASM_Toyo				
/home/labuser/rdcheng/gd/manual_files/tRNA.Tumba.bed	tRNA	Tumba	ASM_Tumba				
/home/labuser/rdcheng/gd/manual_files/tRNA.WSSM.bed	tRNA	WSSM	ASM_WSSM				
/home/labuser/rdcheng/gd/manual_files/tRNA.WW8.bed	tRNA	WW8	ASM_WW8				
/home/labuser/rdcheng/gd/manual_files/tRNA.WYG3.bed	tRNA	WYG3	ASM_WYG3				
/home/labuser/rdcheng/gd/manual_files/tRNA.WYJ3.bed	tRNA	WYJ3	ASM_WYJ3				
/home/labuser/rdcheng/gd/manual_files/tRNA.XL628S.bed	tRNA	XL628S	ASM_XL628S				
/home/labuser/rdcheng/gd/manual_files/tRNA.XS134.bed	tRNA	XS134	ASM_XS134				
/home/labuser/rdcheng/gd/manual_files/tRNA.XYXZ.bed	tRNA	XYXZ	ASM_XYXZ				
/home/labuser/rdcheng/gd/manual_files/tRNA.Y3551.bed	tRNA	Y3551	ASM_Y3551				
/home/labuser/rdcheng/gd/manual_files/tRNA.Y4B.bed	tRNA	Y4B	ASM_Y4B				
/home/labuser/rdcheng/gd/manual_files/tRNA.Y58S.bed	tRNA	Y58S	ASM_Y58S				
/home/labuser/rdcheng/gd/manual_files/tRNA.YF47.bed	tRNA	YF47	ASM_YF47				
/home/labuser/rdcheng/gd/manual_files/tRNA.YJSM.bed	tRNA	YJSM	ASM_YJSM				
/home/labuser/rdcheng/gd/manual_files/tRNA.YX1.bed	tRNA	YX1	ASM_YX1				
/home/labuser/rdcheng/gd/manual_files/tRNA.YZX.bed	tRNA	YZX	ASM_YZX				
/home/labuser/rdcheng/gd/manual_files/tRNA.Z9311S.bed	tRNA	Z9311S	ASM_Z9311S				
/home/labuser/rdcheng/gd/manual_files/tRNA.ZH11.bed	tRNA	ZH11	ASM_ZH11				
/home/labuser/rdcheng/gd/manual_files/tRNA.ZS97RS3.bed	tRNA	ZS97RS3	ASM_ZS97RS3				
/home/labuser/rdcheng/gd/manual_files/miRNA.02428.bed	miRNA	02428	ASM_02428				
/home/labuser/rdcheng/gd/manual_files/miRNA.117425.bed	miRNA	117425	ASM_117425				
/home/labuser/rdcheng/gd/manual_files/miRNA.117534.bed	miRNA	117534	ASM_117534				
/home/labuser/rdcheng/gd/manual_files/miRNA.125619.bed	miRNA	125619	ASM_125619				
/home/labuser/rdcheng/gd/manual_files/miRNA.125827.bed	miRNA	125827	ASM_125827				
/home/labuser/rdcheng/gd/manual_files/miRNA.127518.bed	miRNA	127518	ASM_127518				
/home/labuser/rdcheng/gd/manual_files/miRNA.127564.bed	miRNA	127564	ASM_127564				
/home/labuser/rdcheng/gd/manual_files/miRNA.127652.bed	miRNA	127652	ASM_127652				
/home/labuser/rdcheng/gd/manual_files/miRNA.127742.bed	miRNA	127742	ASM_127742				
/home/labuser/rdcheng/gd/manual_files/miRNA.128077.bed	miRNA	128077	ASM_128077				
/home/labuser/rdcheng/gd/manual_files/miRNA.132278.bed	miRNA	132278	ASM_132278				
/home/labuser/rdcheng/gd/manual_files/miRNA.132424.bed	miRNA	132424	ASM_132424				
/home/labuser/rdcheng/gd/manual_files/miRNA.17S.bed	miRNA	17S	ASM_17S				
/home/labuser/rdcheng/gd/manual_files/miRNA.201B.bed	miRNA	201B	ASM_201B				
/home/labuser/rdcheng/gd/manual_files/miRNA.33S.bed	miRNA	33S	ASM_33S				
/home/labuser/rdcheng/gd/manual_files/miRNA.3R11.bed	miRNA	3R11	ASM_3R11				
/home/labuser/rdcheng/gd/manual_files/miRNA.3R17.bed	miRNA	3R17	ASM_3R17				
/home/labuser/rdcheng/gd/manual_files/miRNA.3R25.bed	miRNA	3R25	ASM_3R25				
/home/labuser/rdcheng/gd/manual_files/miRNA.3R30.bed	miRNA	3R30	ASM_3R30				
/home/labuser/rdcheng/gd/manual_files/miRNA.3R34.bed	miRNA	3R34	ASM_3R34				
/home/labuser/rdcheng/gd/manual_files/miRNA.66S.bed	miRNA	66S	ASM_66S				
/home/labuser/rdcheng/gd/manual_files/miRNA.923.bed	miRNA	923	ASM_923				
/home/labuser/rdcheng/gd/manual_files/miRNA.Aikoku.bed	miRNA	Aikoku	ASM_Aikoku				
/home/labuser/rdcheng/gd/manual_files/miRNA.Akita.bed	miRNA	Akita	ASM_Akita				
/home/labuser/rdcheng/gd/manual_files/miRNA.AUS449.bed	miRNA	AUS449	ASM_AUS449				
/home/labuser/rdcheng/gd/manual_files/miRNA.Azucena.bed	miRNA	Azucena	ASM_Azucena				
/home/labuser/rdcheng/gd/manual_files/miRNA.Balilla.bed	miRNA	Balilla	ASM_Balilla				
/home/labuser/rdcheng/gd/manual_files/miRNA.Basmati1.bed	miRNA	Basmati1	ASM_Basmati1				
/home/labuser/rdcheng/gd/manual_files/miRNA.Basmati334.bed	miRNA	Basmati334	ASM_Basmati334				
/home/labuser/rdcheng/gd/manual_files/miRNA.C62S.bed	miRNA	C62S	ASM_C62S				
/home/labuser/rdcheng/gd/manual_files/miRNA.C7.bed	miRNA	C7	ASM_C7				
/home/labuser/rdcheng/gd/manual_files/miRNA.CG14.bed	miRNA	CG14	ASM_CG14				
/home/labuser/rdcheng/gd/manual_files/miRNA.CJS.bed	miRNA	CJS	ASM_CJS				
/home/labuser/rdcheng/gd/manual_files/miRNA.CN1.bed	miRNA	CN1	ASM_CN1				
/home/labuser/rdcheng/gd/manual_files/miRNA.D62.bed	miRNA	D62	ASM_D62				
/home/labuser/rdcheng/gd/manual_files/miRNA.DG.bed	miRNA	DG	ASM_DG				
/home/labuser/rdcheng/gd/manual_files/miRNA.DHX2.bed	miRNA	DHX2	ASM_DHX2				
/home/labuser/rdcheng/gd/manual_files/miRNA.DomSufid.bed	miRNA	DomSufid	ASM_DomSufid				
/home/labuser/rdcheng/gd/manual_files/miRNA.DR11.bed	miRNA	DR11	ASM_DR11				
/home/labuser/rdcheng/gd/manual_files/miRNA.DR12.bed	miRNA	DR12	ASM_DR12				
/home/labuser/rdcheng/gd/manual_files/miRNA.DR13.bed	miRNA	DR13	ASM_DR13				
/home/labuser/rdcheng/gd/manual_files/miRNA.DR14.bed	miRNA	DR14	ASM_DR14				
/home/labuser/rdcheng/gd/manual_files/miRNA.DR15.bed	miRNA	DR15	ASM_DR15				
/home/labuser/rdcheng/gd/manual_files/miRNA.DR16.bed	miRNA	DR16	ASM_DR16				
/home/labuser/rdcheng/gd/manual_files/miRNA.DR17.bed	miRNA	DR17	ASM_DR17				
/home/labuser/rdcheng/gd/manual_files/miRNA.DR18.bed	miRNA	DR18	ASM_DR18				
/home/labuser/rdcheng/gd/manual_files/miRNA.DR1.bed	miRNA	DR1	ASM_DR1				
/home/labuser/rdcheng/gd/manual_files/miRNA.DR20.bed	miRNA	DR20	ASM_DR20				
/home/labuser/rdcheng/gd/manual_files/miRNA.DR2.bed	miRNA	DR2	ASM_DR2				
/home/labuser/rdcheng/gd/manual_files/miRNA.DR3.bed	miRNA	DR3	ASM_DR3				
/home/labuser/rdcheng/gd/manual_files/miRNA.DR4.bed	miRNA	DR4	ASM_DR4				
/home/labuser/rdcheng/gd/manual_files/miRNA.DR5.bed	miRNA	DR5	ASM_DR5				
/home/labuser/rdcheng/gd/manual_files/miRNA.DR6.bed	miRNA	DR6	ASM_DR6				
/home/labuser/rdcheng/gd/manual_files/miRNA.DR7.bed	miRNA	DR7	ASM_DR7				
/home/labuser/rdcheng/gd/manual_files/miRNA.DR8.bed	miRNA	DR8	ASM_DR8				
/home/labuser/rdcheng/gd/manual_files/miRNA.DR9.bed	miRNA	DR9	ASM_DR9				
/home/labuser/rdcheng/gd/manual_files/miRNA.Dular.bed	miRNA	Dular	ASM_Dular				
/home/labuser/rdcheng/gd/manual_files/miRNA.FH838.bed	miRNA	FH838	ASM_FH838				
/home/labuser/rdcheng/gd/manual_files/miRNA.FS32.bed	miRNA	FS32	ASM_FS32				
/home/labuser/rdcheng/gd/manual_files/miRNA.G46.bed	miRNA	G46	ASM_G46				
/home/labuser/rdcheng/gd/manual_files/miRNA.G630.bed	miRNA	G630	ASM_G630				
/home/labuser/rdcheng/gd/manual_files/miRNA.G8.bed	miRNA	G8	ASM_G8				
/home/labuser/rdcheng/gd/manual_files/miRNA.Gim.bed	miRNA	Gim	ASM_Gim				
/home/labuser/rdcheng/gd/manual_files/miRNA.GWX30.bed	miRNA	GWX30	ASM_GWX30				
/home/labuser/rdcheng/gd/manual_files/miRNA.HBK.bed	miRNA	HBK	ASM_HBK				
/home/labuser/rdcheng/gd/manual_files/miRNA.HHZ.bed	miRNA	HHZ	ASM_HHZ				
/home/labuser/rdcheng/gd/manual_files/miRNA.HMXRS1.bed	miRNA	HMXRS1	ASM_HMXRS1				
/home/labuser/rdcheng/gd/manual_files/miRNA.HMZ.bed	miRNA	HMZ	ASM_HMZ				
/home/labuser/rdcheng/gd/manual_files/miRNA.HZ.bed	miRNA	HZ	ASM_HZ				
/home/labuser/rdcheng/gd/manual_files/miRNA.II32.bed	miRNA	II32	ASM_II32				
/home/labuser/rdcheng/gd/manual_files/miRNA.IR64.bed	miRNA	IR64	ASM_IR64				
/home/labuser/rdcheng/gd/manual_files/miRNA.IR8.bed	miRNA	IR8	ASM_IR8				
/home/labuser/rdcheng/gd/manual_files/miRNA.J4155.bed	miRNA	J4155	ASM_J4155				
/home/labuser/rdcheng/gd/manual_files/miRNA.J4155S.bed	miRNA	J4155S	ASM_J4155S				
/home/labuser/rdcheng/gd/manual_files/miRNA.JR2031.bed	miRNA	JR2031	ASM_JR2031				
/home/labuser/rdcheng/gd/manual_files/miRNA.Kosh.bed	miRNA	Kosh	ASM_Kosh				
/home/labuser/rdcheng/gd/manual_files/miRNA.KY131.bed	miRNA	KY131	ASM_KY131				
/home/labuser/rdcheng/gd/manual_files/miRNA.LDXZ.bed	miRNA	LDXZ	ASM_LDXZ				
/home/labuser/rdcheng/gd/manual_files/miRNA.Lemont.bed	miRNA	Lemont	ASM_Lemont				
/home/labuser/rdcheng/gd/manual_files/miRNA.LG31.bed	miRNA	LG31	ASM_LG31				
/home/labuser/rdcheng/gd/manual_files/miRNA.LG5.bed	miRNA	LG5	ASM_LG5				
/home/labuser/rdcheng/gd/manual_files/miRNA.LJ.bed	miRNA	LJ	ASM_LJ				
/home/labuser/rdcheng/gd/manual_files/miRNA.LK638S.bed	miRNA	LK638S	ASM_LK638S				
/home/labuser/rdcheng/gd/manual_files/miRNA.LTH.bed	miRNA	LTH	ASM_LTH				
/home/labuser/rdcheng/gd/manual_files/miRNA.MH63RS3.bed	miRNA	MH63RS3	ASM_MH63RS3				
/home/labuser/rdcheng/gd/manual_files/miRNA.Mitak.bed	miRNA	Mitak	ASM_Mitak				
/home/labuser/rdcheng/gd/manual_files/miRNA.NamRoo.bed	miRNA	NamRoo	ASM_NamRoo				
/home/labuser/rdcheng/gd/manual_files/miRNA.NG39.bed	miRNA	NG39	ASM_NG39				
/home/labuser/rdcheng/gd/manual_files/miRNA.Nipponbare.bed	miRNA	Nipponbare	ASM_Nipponbare				
/home/labuser/rdcheng/gd/manual_files/miRNA.No8.bed	miRNA	No8	ASM_No8				
/home/labuser/rdcheng/gd/manual_files/miRNA.ObarRS3.bed	miRNA	ObarRS3	ASM_ObarRS3				
/home/labuser/rdcheng/gd/manual_files/miRNA.OglaRS2.bed	miRNA	OglaRS2	ASM_OglaRS2				
/home/labuser/rdcheng/gd/manual_files/miRNA.OgluRS3.bed	miRNA	OgluRS3	ASM_OgluRS3				
/home/labuser/rdcheng/gd/manual_files/miRNA.OmerRS3.bed	miRNA	OmerRS3	ASM_OmerRS3				
/home/labuser/rdcheng/gd/manual_files/miRNA.OnivRS2.bed	miRNA	OnivRS2	ASM_OnivRS2				
/home/labuser/rdcheng/gd/manual_files/miRNA.OrufRS1.bed	miRNA	OrufRS1	ASM_OrufRS1				
/home/labuser/rdcheng/gd/manual_files/miRNA.P64S.bed	miRNA	P64S	ASM_P64S				
/home/labuser/rdcheng/gd/manual_files/miRNA.R498.bed	miRNA	R498	ASM_R498				
/home/labuser/rdcheng/gd/manual_files/miRNA.R527.bed	miRNA	R527	ASM_R527				
/home/labuser/rdcheng/gd/manual_files/miRNA.R600.bed	miRNA	R600	ASM_R600				
/home/labuser/rdcheng/gd/manual_files/miRNA.R70.bed	miRNA	R70	ASM_R70				
/home/labuser/rdcheng/gd/manual_files/miRNA.R9311.bed	miRNA	R9311	ASM_R9311				
/home/labuser/rdcheng/gd/manual_files/miRNA.S548.bed	miRNA	S548	ASM_S548				
/home/labuser/rdcheng/gd/manual_files/miRNA.Sasa.bed	miRNA	Sasa	ASM_Sasa				
/home/labuser/rdcheng/gd/manual_files/miRNA.SN265.bed	miRNA	SN265	ASM_SN265				
/home/labuser/rdcheng/gd/manual_files/miRNA.TF.bed	miRNA	TF	ASM_TF				
/home/labuser/rdcheng/gd/manual_files/miRNA.TG14.bed	miRNA	TG14	ASM_TG14				
/home/labuser/rdcheng/gd/manual_files/miRNA.TG17.bed	miRNA	TG17	ASM_TG17				
/home/labuser/rdcheng/gd/manual_files/miRNA.TG19.bed	miRNA	TG19	ASM_TG19				
/home/labuser/rdcheng/gd/manual_files/miRNA.TG22.bed	miRNA	TG22	ASM_TG22				
/home/labuser/rdcheng/gd/manual_files/miRNA.TG27.bed	miRNA	TG27	ASM_TG27				
/home/labuser/rdcheng/gd/manual_files/miRNA.TG29.bed	miRNA	TG29	ASM_TG29				
/home/labuser/rdcheng/gd/manual_files/miRNA.TG31.bed	miRNA	TG31	ASM_TG31				
/home/labuser/rdcheng/gd/manual_files/miRNA.TG33.bed	miRNA	TG33	ASM_TG33				
/home/labuser/rdcheng/gd/manual_files/miRNA.TG3.bed	miRNA	TG3	ASM_TG3				
/home/labuser/rdcheng/gd/manual_files/miRNA.TG42.bed	miRNA	TG42	ASM_TG42				
/home/labuser/rdcheng/gd/manual_files/miRNA.TG49.bed	miRNA	TG49	ASM_TG49				
/home/labuser/rdcheng/gd/manual_files/miRNA.TG50.bed	miRNA	TG50	ASM_TG50				
/home/labuser/rdcheng/gd/manual_files/miRNA.TG53.bed	miRNA	TG53	ASM_TG53				
/home/labuser/rdcheng/gd/manual_files/miRNA.TG55.bed	miRNA	TG55	ASM_TG55				
/home/labuser/rdcheng/gd/manual_files/miRNA.TG56.bed	miRNA	TG56	ASM_TG56				
/home/labuser/rdcheng/gd/manual_files/miRNA.TG59.bed	miRNA	TG59	ASM_TG59				
/home/labuser/rdcheng/gd/manual_files/miRNA.TG61.bed	miRNA	TG61	ASM_TG61				
/home/labuser/rdcheng/gd/manual_files/miRNA.TG63.bed	miRNA	TG63	ASM_TG63				
/home/labuser/rdcheng/gd/manual_files/miRNA.TG65.bed	miRNA	TG65	ASM_TG65				
/home/labuser/rdcheng/gd/manual_files/miRNA.TG68.bed	miRNA	TG68	ASM_TG68				
/home/labuser/rdcheng/gd/manual_files/miRNA.TG6.bed	miRNA	TG6	ASM_TG6				
/home/labuser/rdcheng/gd/manual_files/miRNA.TG70.bed	miRNA	TG70	ASM_TG70				
/home/labuser/rdcheng/gd/manual_files/miRNA.TG80.bed	miRNA	TG80	ASM_TG80				
/home/labuser/rdcheng/gd/manual_files/miRNA.TG81.bed	miRNA	TG81	ASM_TG81				
/home/labuser/rdcheng/gd/manual_files/miRNA.TG90.bed	miRNA	TG90	ASM_TG90				
/home/labuser/rdcheng/gd/manual_files/miRNA.TG9.bed	miRNA	TG9	ASM_TG9				
/home/labuser/rdcheng/gd/manual_files/miRNA.TM.bed	miRNA	TM	ASM_TM				
/home/labuser/rdcheng/gd/manual_files/miRNA.Toyo.bed	miRNA	Toyo	ASM_Toyo				
/home/labuser/rdcheng/gd/manual_files/miRNA.Tumba.bed	miRNA	Tumba	ASM_Tumba				
/home/labuser/rdcheng/gd/manual_files/miRNA.WSSM.bed	miRNA	WSSM	ASM_WSSM				
/home/labuser/rdcheng/gd/manual_files/miRNA.WW8.bed	miRNA	WW8	ASM_WW8				
/home/labuser/rdcheng/gd/manual_files/miRNA.WYG3.bed	miRNA	WYG3	ASM_WYG3				
/home/labuser/rdcheng/gd/manual_files/miRNA.WYJ3.bed	miRNA	WYJ3	ASM_WYJ3				
/home/labuser/rdcheng/gd/manual_files/miRNA.XL628S.bed	miRNA	XL628S	ASM_XL628S				
/home/labuser/rdcheng/gd/manual_files/miRNA.XS134.bed	miRNA	XS134	ASM_XS134				
/home/labuser/rdcheng/gd/manual_files/miRNA.XYXZ.bed	miRNA	XYXZ	ASM_XYXZ				
/home/labuser/rdcheng/gd/manual_files/miRNA.Y3551.bed	miRNA	Y3551	ASM_Y3551				
/home/labuser/rdcheng/gd/manual_files/miRNA.Y4B.bed	miRNA	Y4B	ASM_Y4B				
/home/labuser/rdcheng/gd/manual_files/miRNA.Y58S.bed	miRNA	Y58S	ASM_Y58S				
/home/labuser/rdcheng/gd/manual_files/miRNA.YF47.bed	miRNA	YF47	ASM_YF47				
/home/labuser/rdcheng/gd/manual_files/miRNA.YJSM.bed	miRNA	YJSM	ASM_YJSM				
/home/labuser/rdcheng/gd/manual_files/miRNA.YX1.bed	miRNA	YX1	ASM_YX1				
/home/labuser/rdcheng/gd/manual_files/miRNA.YZX.bed	miRNA	YZX	ASM_YZX				
/home/labuser/rdcheng/gd/manual_files/miRNA.Z9311S.bed	miRNA	Z9311S	ASM_Z9311S				
/home/labuser/rdcheng/gd/manual_files/miRNA.ZH11.bed	miRNA	ZH11	ASM_ZH11				
/home/labuser/rdcheng/gd/manual_files/miRNA.ZS97RS3.bed	miRNA	ZS97RS3	ASM_ZS97RS3				
/home/labuser/rdcheng/gd/manual_files/TEs.02428.tar.gz	TEs	02428	ASM_02428				
/home/labuser/rdcheng/gd/manual_files/TEs.117425.tar.gz	TEs	117425	ASM_117425				
/home/labuser/rdcheng/gd/manual_files/TEs.117534.tar.gz	TEs	117534	ASM_117534				
/home/labuser/rdcheng/gd/manual_files/TEs.125619.tar.gz	TEs	125619	ASM_125619				
/home/labuser/rdcheng/gd/manual_files/TEs.125827.tar.gz	TEs	125827	ASM_125827				
/home/labuser/rdcheng/gd/manual_files/TEs.127518.tar.gz	TEs	127518	ASM_127518				
/home/labuser/rdcheng/gd/manual_files/TEs.127564.tar.gz	TEs	127564	ASM_127564				
/home/labuser/rdcheng/gd/manual_files/TEs.127652.tar.gz	TEs	127652	ASM_127652				
/home/labuser/rdcheng/gd/manual_files/TEs.127742.tar.gz	TEs	127742	ASM_127742				
/home/labuser/rdcheng/gd/manual_files/TEs.128077.tar.gz	TEs	128077	ASM_128077				
/home/labuser/rdcheng/gd/manual_files/TEs.132278.tar.gz	TEs	132278	ASM_132278				
/home/labuser/rdcheng/gd/manual_files/TEs.132424.tar.gz	TEs	132424	ASM_132424				
/home/labuser/rdcheng/gd/manual_files/TEs.17S.tar.gz	TEs	17S	ASM_17S				
/home/labuser/rdcheng/gd/manual_files/TEs.201B.tar.gz	TEs	201B	ASM_201B				
/home/labuser/rdcheng/gd/manual_files/TEs.33S.tar.gz	TEs	33S	ASM_33S				
/home/labuser/rdcheng/gd/manual_files/TEs.3R11.tar.gz	TEs	3R11	ASM_3R11				
/home/labuser/rdcheng/gd/manual_files/TEs.3R17.tar.gz	TEs	3R17	ASM_3R17				
/home/labuser/rdcheng/gd/manual_files/TEs.3R25.tar.gz	TEs	3R25	ASM_3R25				
/home/labuser/rdcheng/gd/manual_files/TEs.3R30.tar.gz	TEs	3R30	ASM_3R30				
/home/labuser/rdcheng/gd/manual_files/TEs.3R34.tar.gz	TEs	3R34	ASM_3R34				
/home/labuser/rdcheng/gd/manual_files/TEs.66S.tar.gz	TEs	66S	ASM_66S				
/home/labuser/rdcheng/gd/manual_files/TEs.923.tar.gz	TEs	923	ASM_923				
/home/labuser/rdcheng/gd/manual_files/TEs.Aikoku.tar.gz	TEs	Aikoku	ASM_Aikoku				
/home/labuser/rdcheng/gd/manual_files/TEs.Akita.tar.gz	TEs	Akita	ASM_Akita				
/home/labuser/rdcheng/gd/manual_files/TEs.AUS449.tar.gz	TEs	AUS449	ASM_AUS449				
/home/labuser/rdcheng/gd/manual_files/TEs.Azucena.tar.gz	TEs	Azucena	ASM_Azucena				
/home/labuser/rdcheng/gd/manual_files/TEs.Balilla.tar.gz	TEs	Balilla	ASM_Balilla				
/home/labuser/rdcheng/gd/manual_files/TEs.Basmati1.tar.gz	TEs	Basmati1	ASM_Basmati1				
/home/labuser/rdcheng/gd/manual_files/TEs.Basmati334.tar.gz	TEs	Basmati334	ASM_Basmati334				
/home/labuser/rdcheng/gd/manual_files/TEs.C62S.tar.gz	TEs	C62S	ASM_C62S				
/home/labuser/rdcheng/gd/manual_files/TEs.C7.tar.gz	TEs	C7	ASM_C7				
/home/labuser/rdcheng/gd/manual_files/TEs.CG14.tar.gz	TEs	CG14	ASM_CG14				
/home/labuser/rdcheng/gd/manual_files/TEs.CJS.tar.gz	TEs	CJS	ASM_CJS				
/home/labuser/rdcheng/gd/manual_files/TEs.CN1.tar.gz	TEs	CN1	ASM_CN1				
/home/labuser/rdcheng/gd/manual_files/TEs.D62.tar.gz	TEs	D62	ASM_D62				
/home/labuser/rdcheng/gd/manual_files/TEs.DG.tar.gz	TEs	DG	ASM_DG				
/home/labuser/rdcheng/gd/manual_files/TEs.DHX2.tar.gz	TEs	DHX2	ASM_DHX2				
/home/labuser/rdcheng/gd/manual_files/TEs.DomSufid.tar.gz	TEs	DomSufid	ASM_DomSufid				
/home/labuser/rdcheng/gd/manual_files/TEs.DR11.tar.gz	TEs	DR11	ASM_DR11				
/home/labuser/rdcheng/gd/manual_files/TEs.DR12.tar.gz	TEs	DR12	ASM_DR12				
/home/labuser/rdcheng/gd/manual_files/TEs.DR13.tar.gz	TEs	DR13	ASM_DR13				
/home/labuser/rdcheng/gd/manual_files/TEs.DR14.tar.gz	TEs	DR14	ASM_DR14				
/home/labuser/rdcheng/gd/manual_files/TEs.DR15.tar.gz	TEs	DR15	ASM_DR15				
/home/labuser/rdcheng/gd/manual_files/TEs.DR16.tar.gz	TEs	DR16	ASM_DR16				
/home/labuser/rdcheng/gd/manual_files/TEs.DR17.tar.gz	TEs	DR17	ASM_DR17				
/home/labuser/rdcheng/gd/manual_files/TEs.DR18.tar.gz	TEs	DR18	ASM_DR18				
/home/labuser/rdcheng/gd/manual_files/TEs.DR1.tar.gz	TEs	DR1	ASM_DR1				
/home/labuser/rdcheng/gd/manual_files/TEs.DR20.tar.gz	TEs	DR20	ASM_DR20				
/home/labuser/rdcheng/gd/manual_files/TEs.DR2.tar.gz	TEs	DR2	ASM_DR2				
/home/labuser/rdcheng/gd/manual_files/TEs.DR3.tar.gz	TEs	DR3	ASM_DR3				
/home/labuser/rdcheng/gd/manual_files/TEs.DR4.tar.gz	TEs	DR4	ASM_DR4				
/home/labuser/rdcheng/gd/manual_files/TEs.DR5.tar.gz	TEs	DR5	ASM_DR5				
/home/labuser/rdcheng/gd/manual_files/TEs.DR6.tar.gz	TEs	DR6	ASM_DR6				
/home/labuser/rdcheng/gd/manual_files/TEs.DR7.tar.gz	TEs	DR7	ASM_DR7				
/home/labuser/rdcheng/gd/manual_files/TEs.DR8.tar.gz	TEs	DR8	ASM_DR8				
/home/labuser/rdcheng/gd/manual_files/TEs.DR9.tar.gz	TEs	DR9	ASM_DR9				
/home/labuser/rdcheng/gd/manual_files/TEs.Dular.tar.gz	TEs	Dular	ASM_Dular				
/home/labuser/rdcheng/gd/manual_files/TEs.FH838.tar.gz	TEs	FH838	ASM_FH838				
/home/labuser/rdcheng/gd/manual_files/TEs.FS32.tar.gz	TEs	FS32	ASM_FS32				
/home/labuser/rdcheng/gd/manual_files/TEs.G46.tar.gz	TEs	G46	ASM_G46				
/home/labuser/rdcheng/gd/manual_files/TEs.G630.tar.gz	TEs	G630	ASM_G630				
/home/labuser/rdcheng/gd/manual_files/TEs.G8.tar.gz	TEs	G8	ASM_G8				
/home/labuser/rdcheng/gd/manual_files/TEs.Gim.tar.gz	TEs	Gim	ASM_Gim				
/home/labuser/rdcheng/gd/manual_files/TEs.GWX30.tar.gz	TEs	GWX30	ASM_GWX30				
/home/labuser/rdcheng/gd/manual_files/TEs.HBK.tar.gz	TEs	HBK	ASM_HBK				
/home/labuser/rdcheng/gd/manual_files/TEs.HHZ.tar.gz	TEs	HHZ	ASM_HHZ				
/home/labuser/rdcheng/gd/manual_files/TEs.HMXRS1.tar.gz	TEs	HMXRS1	ASM_HMXRS1				
/home/labuser/rdcheng/gd/manual_files/TEs.HMZ.tar.gz	TEs	HMZ	ASM_HMZ				
/home/labuser/rdcheng/gd/manual_files/TEs.HZ.tar.gz	TEs	HZ	ASM_HZ				
/home/labuser/rdcheng/gd/manual_files/TEs.II32.tar.gz	TEs	II32	ASM_II32				
/home/labuser/rdcheng/gd/manual_files/TEs.IR64.tar.gz	TEs	IR64	ASM_IR64				
/home/labuser/rdcheng/gd/manual_files/TEs.IR8.tar.gz	TEs	IR8	ASM_IR8				
/home/labuser/rdcheng/gd/manual_files/TEs.J4155S.tar.gz	TEs	J4155S	ASM_J4155S				
/home/labuser/rdcheng/gd/manual_files/TEs.J4155.tar.gz	TEs	J4155	ASM_J4155				
/home/labuser/rdcheng/gd/manual_files/TEs.JR2031.tar.gz	TEs	JR2031	ASM_JR2031				
/home/labuser/rdcheng/gd/manual_files/TEs.Kosh.tar.gz	TEs	Kosh	ASM_Kosh				
/home/labuser/rdcheng/gd/manual_files/TEs.KY131.tar.gz	TEs	KY131	ASM_KY131				
/home/labuser/rdcheng/gd/manual_files/TEs.LDXZ.tar.gz	TEs	LDXZ	ASM_LDXZ				
/home/labuser/rdcheng/gd/manual_files/TEs.Lemont.tar.gz	TEs	Lemont	ASM_Lemont				
/home/labuser/rdcheng/gd/manual_files/TEs.LG31.tar.gz	TEs	LG31	ASM_LG31				
/home/labuser/rdcheng/gd/manual_files/TEs.LG5.tar.gz	TEs	LG5	ASM_LG5				
/home/labuser/rdcheng/gd/manual_files/TEs.LJ.tar.gz	TEs	LJ	ASM_LJ				
/home/labuser/rdcheng/gd/manual_files/TEs.LK638S.tar.gz	TEs	LK638S	ASM_LK638S				
/home/labuser/rdcheng/gd/manual_files/TEs.LTH.tar.gz	TEs	LTH	ASM_LTH				
/home/labuser/rdcheng/gd/manual_files/TEs.MH63RS3.tar.gz	TEs	MH63RS3	ASM_MH63RS3				
/home/labuser/rdcheng/gd/manual_files/TEs.Mitak.tar.gz	TEs	Mitak	ASM_Mitak				
/home/labuser/rdcheng/gd/manual_files/TEs.NamRoo.tar.gz	TEs	NamRoo	ASM_NamRoo				
/home/labuser/rdcheng/gd/manual_files/TEs.NG39.tar.gz	TEs	NG39	ASM_NG39				
/home/labuser/rdcheng/gd/manual_files/TEs.Nipponbare.tar.gz	TEs	Nipponbare	ASM_Nipponbare				
/home/labuser/rdcheng/gd/manual_files/TEs.No8.tar.gz	TEs	No8	ASM_No8				
/home/labuser/rdcheng/gd/manual_files/TEs.ObarRS3.tar.gz	TEs	ObarRS3	ASM_ObarRS3				
/home/labuser/rdcheng/gd/manual_files/TEs.OglaRS2.tar.gz	TEs	OglaRS2	ASM_OglaRS2				
/home/labuser/rdcheng/gd/manual_files/TEs.OgluRS3.tar.gz	TEs	OgluRS3	ASM_OgluRS3				
/home/labuser/rdcheng/gd/manual_files/TEs.OmerRS3.tar.gz	TEs	OmerRS3	ASM_OmerRS3				
/home/labuser/rdcheng/gd/manual_files/TEs.OnivRS2.tar.gz	TEs	OnivRS2	ASM_OnivRS2				
/home/labuser/rdcheng/gd/manual_files/centromere.02428.bed	centromere	02428	ASM_02428				
/home/labuser/rdcheng/gd/manual_files/TEs.P64S.tar.gz	TEs	P64S	ASM_P64S				
/home/labuser/rdcheng/gd/manual_files/TEs.R498.tar.gz	TEs	R498	ASM_R498				
/home/labuser/rdcheng/gd/manual_files/TEs.R527.tar.gz	TEs	R527	ASM_R527				
/home/labuser/rdcheng/gd/manual_files/TEs.R600.tar.gz	TEs	R600	ASM_R600				
/home/labuser/rdcheng/gd/manual_files/TEs.R70.tar.gz	TEs	R70	ASM_R70				
/home/labuser/rdcheng/gd/manual_files/TEs.R9311.tar.gz	TEs	R9311	ASM_R9311				
/home/labuser/rdcheng/gd/manual_files/TEs.S548.tar.gz	TEs	S548	ASM_S548				
/home/labuser/rdcheng/gd/manual_files/TEs.Sasa.tar.gz	TEs	Sasa	ASM_Sasa				
/home/labuser/rdcheng/gd/manual_files/TEs.SN265.tar.gz	TEs	SN265	ASM_SN265				
/home/labuser/rdcheng/gd/manual_files/TEs.TF.tar.gz	TEs	TF	ASM_TF				
/home/labuser/rdcheng/gd/manual_files/TEs.TG14.tar.gz	TEs	TG14	ASM_TG14				
/home/labuser/rdcheng/gd/manual_files/TEs.TG17.tar.gz	TEs	TG17	ASM_TG17				
/home/labuser/rdcheng/gd/manual_files/TEs.TG19.tar.gz	TEs	TG19	ASM_TG19				
/home/labuser/rdcheng/gd/manual_files/TEs.TG22.tar.gz	TEs	TG22	ASM_TG22				
/home/labuser/rdcheng/gd/manual_files/TEs.TG27.tar.gz	TEs	TG27	ASM_TG27				
/home/labuser/rdcheng/gd/manual_files/TEs.TG29.tar.gz	TEs	TG29	ASM_TG29				
/home/labuser/rdcheng/gd/manual_files/TEs.TG31.tar.gz	TEs	TG31	ASM_TG31				
/home/labuser/rdcheng/gd/manual_files/TEs.TG33.tar.gz	TEs	TG33	ASM_TG33				
/home/labuser/rdcheng/gd/manual_files/TEs.TG3.tar.gz	TEs	TG3	ASM_TG3				
/home/labuser/rdcheng/gd/manual_files/TEs.TG42.tar.gz	TEs	TG42	ASM_TG42				
/home/labuser/rdcheng/gd/manual_files/TEs.TG49.tar.gz	TEs	TG49	ASM_TG49				
/home/labuser/rdcheng/gd/manual_files/TEs.TG50.tar.gz	TEs	TG50	ASM_TG50				
/home/labuser/rdcheng/gd/manual_files/TEs.TG53.tar.gz	TEs	TG53	ASM_TG53				
/home/labuser/rdcheng/gd/manual_files/TEs.TG55.tar.gz	TEs	TG55	ASM_TG55				
/home/labuser/rdcheng/gd/manual_files/TEs.TG56.tar.gz	TEs	TG56	ASM_TG56				
/home/labuser/rdcheng/gd/manual_files/TEs.TG59.tar.gz	TEs	TG59	ASM_TG59				
/home/labuser/rdcheng/gd/manual_files/TEs.TG61.tar.gz	TEs	TG61	ASM_TG61				
/home/labuser/rdcheng/gd/manual_files/TEs.TG63.tar.gz	TEs	TG63	ASM_TG63				
/home/labuser/rdcheng/gd/manual_files/TEs.TG65.tar.gz	TEs	TG65	ASM_TG65				
/home/labuser/rdcheng/gd/manual_files/TEs.TG68.tar.gz	TEs	TG68	ASM_TG68				
/home/labuser/rdcheng/gd/manual_files/TEs.TG6.tar.gz	TEs	TG6	ASM_TG6				
/home/labuser/rdcheng/gd/manual_files/TEs.TG70.tar.gz	TEs	TG70	ASM_TG70				
/home/labuser/rdcheng/gd/manual_files/TEs.TG80.tar.gz	TEs	TG80	ASM_TG80				
/home/labuser/rdcheng/gd/manual_files/TEs.TG81.tar.gz	TEs	TG81	ASM_TG81				
/home/labuser/rdcheng/gd/manual_files/TEs.TG90.tar.gz	TEs	TG90	ASM_TG90				
/home/labuser/rdcheng/gd/manual_files/TEs.TG9.tar.gz	TEs	TG9	ASM_TG9				
/home/labuser/rdcheng/gd/manual_files/TEs.TM.tar.gz	TEs	TM	ASM_TM				
/home/labuser/rdcheng/gd/manual_files/TEs.Toyo.tar.gz	TEs	Toyo	ASM_Toyo				
/home/labuser/rdcheng/gd/manual_files/TEs.Tumba.tar.gz	TEs	Tumba	ASM_Tumba				
/home/labuser/rdcheng/gd/manual_files/TEs.WSSM.tar.gz	TEs	WSSM	ASM_WSSM				
/home/labuser/rdcheng/gd/manual_files/TEs.WW8.tar.gz	TEs	WW8	ASM_WW8				
/home/labuser/rdcheng/gd/manual_files/TEs.WYG3.tar.gz	TEs	WYG3	ASM_WYG3				
/home/labuser/rdcheng/gd/manual_files/TEs.WYJ3.tar.gz	TEs	WYJ3	ASM_WYJ3				
/home/labuser/rdcheng/gd/manual_files/TEs.XL628S.tar.gz	TEs	XL628S	ASM_XL628S				
/home/labuser/rdcheng/gd/manual_files/TEs.XS134.tar.gz	TEs	XS134	ASM_XS134				
/home/labuser/rdcheng/gd/manual_files/TEs.XYXZ.tar.gz	TEs	XYXZ	ASM_XYXZ				
/home/labuser/rdcheng/gd/manual_files/TEs.Y3551.tar.gz	TEs	Y3551	ASM_Y3551				
/home/labuser/rdcheng/gd/manual_files/TEs.Y4B.tar.gz	TEs	Y4B	ASM_Y4B				
/home/labuser/rdcheng/gd/manual_files/TEs.Y58S.tar.gz	TEs	Y58S	ASM_Y58S				
/home/labuser/rdcheng/gd/manual_files/TEs.YF47.tar.gz	TEs	YF47	ASM_YF47				
/home/labuser/rdcheng/gd/manual_files/TEs.YJSM.tar.gz	TEs	YJSM	ASM_YJSM				
/home/labuser/rdcheng/gd/manual_files/TEs.YX1.tar.gz	TEs	YX1	ASM_YX1				
/home/labuser/rdcheng/gd/manual_files/TEs.YZX.tar.gz	TEs	YZX	ASM_YZX				
/home/labuser/rdcheng/gd/manual_files/TEs.Z9311S.tar.gz	TEs	Z9311S	ASM_Z9311S				
/home/labuser/rdcheng/gd/manual_files/TEs.ZH11.tar.gz	TEs	ZH11	ASM_ZH11				
/home/labuser/rdcheng/gd/manual_files/TEs.ZS97RS3.tar.gz	TEs	ZS97RS3	ASM_ZS97RS3				
/home/labuser/rdcheng/gd/manual_files/annotation.02428.gff	annotation	02428	ASM_02428	ANN_02428			
/home/labuser/rdcheng/gd/manual_files/annotation.117425.gff	annotation	117425	ASM_117425	ANN_117425			
/home/labuser/rdcheng/gd/manual_files/annotation.117534.gff	annotation	117534	ASM_117534	ANN_117534			
/home/labuser/rdcheng/gd/manual_files/annotation.125619.gff	annotation	125619	ASM_125619	ANN_125619			
/home/labuser/rdcheng/gd/manual_files/annotation.125827.gff	annotation	125827	ASM_125827	ANN_125827			
/home/labuser/rdcheng/gd/manual_files/annotation.127518.gff	annotation	127518	ASM_127518	ANN_127518			
/home/labuser/rdcheng/gd/manual_files/annotation.127564.gff	annotation	127564	ASM_127564	ANN_127564			
/home/labuser/rdcheng/gd/manual_files/annotation.127652.gff	annotation	127652	ASM_127652	ANN_127652			
/home/labuser/rdcheng/gd/manual_files/annotation.127742.gff	annotation	127742	ASM_127742	ANN_127742			
/home/labuser/rdcheng/gd/manual_files/annotation.128077.gff	annotation	128077	ASM_128077	ANN_128077			
/home/labuser/rdcheng/gd/manual_files/annotation.132278.gff	annotation	132278	ASM_132278	ANN_132278			
/home/labuser/rdcheng/gd/manual_files/annotation.132424.gff	annotation	132424	ASM_132424	ANN_132424			
/home/labuser/rdcheng/gd/manual_files/annotation.17S.gff	annotation	17S	ASM_17S	ANN_17S			
/home/labuser/rdcheng/gd/manual_files/annotation.201B.gff	annotation	201B	ASM_201B	ANN_201B			
/home/labuser/rdcheng/gd/manual_files/annotation.33S.gff	annotation	33S	ASM_33S	ANN_33S			
/home/labuser/rdcheng/gd/manual_files/annotation.3R11.gff	annotation	3R11	ASM_3R11	ANN_3R11			
/home/labuser/rdcheng/gd/manual_files/annotation.3R17.gff	annotation	3R17	ASM_3R17	ANN_3R17			
/home/labuser/rdcheng/gd/manual_files/annotation.3R25.gff	annotation	3R25	ASM_3R25	ANN_3R25			
/home/labuser/rdcheng/gd/manual_files/annotation.3R30.gff	annotation	3R30	ASM_3R30	ANN_3R30			
/home/labuser/rdcheng/gd/manual_files/annotation.3R34.gff	annotation	3R34	ASM_3R34	ANN_3R34			
/home/labuser/rdcheng/gd/manual_files/annotation.66S.gff	annotation	66S	ASM_66S	ANN_66S			
/home/labuser/rdcheng/gd/manual_files/annotation.923.gff	annotation	923	ASM_923	ANN_923			
/home/labuser/rdcheng/gd/manual_files/centromere.17S.bed	centromere	17S	ASM_17S				
/home/labuser/rdcheng/gd/manual_files/annotation.AUS449.gff	annotation	AUS449	ASM_AUS449	ANN_AUS449			
/home/labuser/rdcheng/gd/manual_files/annotation.Azucena.gff	annotation	Azucena	ASM_Azucena	ANN_Azucena			
/home/labuser/rdcheng/gd/manual_files/annotation.Balilla.gff	annotation	Balilla	ASM_Balilla	ANN_Balilla			
/home/labuser/rdcheng/gd/manual_files/annotation.Basmati1.gff	annotation	Basmati1	ASM_Basmati1	ANN_Basmati1			
/home/labuser/rdcheng/gd/manual_files/annotation.Basmati334.gff	annotation	Basmati334	ASM_Basmati334	ANN_Basmati334			
/home/labuser/rdcheng/gd/manual_files/annotation.C62S.gff	annotation	C62S	ASM_C62S	ANN_C62S			
/home/labuser/rdcheng/gd/manual_files/annotation.C7.gff	annotation	C7	ASM_C7	ANN_C7			
/home/labuser/rdcheng/gd/manual_files/annotation.CG14.gff	annotation	CG14	ASM_CG14	ANN_CG14			
/home/labuser/rdcheng/gd/manual_files/annotation.CJS.gff	annotation	CJS	ASM_CJS	ANN_CJS			
/home/labuser/rdcheng/gd/manual_files/annotation.CN1.gff	annotation	CN1	ASM_CN1	ANN_CN1			
/home/labuser/rdcheng/gd/manual_files/annotation.D62.gff	annotation	D62	ASM_D62	ANN_D62			
/home/labuser/rdcheng/gd/manual_files/annotation.DG.gff	annotation	DG	ASM_DG	ANN_DG			
/home/labuser/rdcheng/gd/manual_files/annotation.DHX2.gff	annotation	DHX2	ASM_DHX2	ANN_DHX2			
/home/labuser/rdcheng/gd/manual_files/annotation.DomSufid.gff	annotation	DomSufid	ASM_DomSufid	ANN_DomSufid			
/home/labuser/rdcheng/gd/manual_files/annotation.DR11.gff	annotation	DR11	ASM_DR11	ANN_DR11			
/home/labuser/rdcheng/gd/manual_files/annotation.DR12.gff	annotation	DR12	ASM_DR12	ANN_DR12			
/home/labuser/rdcheng/gd/manual_files/annotation.DR13.gff	annotation	DR13	ASM_DR13	ANN_DR13			
/home/labuser/rdcheng/gd/manual_files/annotation.DR14.gff	annotation	DR14	ASM_DR14	ANN_DR14			
/home/labuser/rdcheng/gd/manual_files/annotation.DR15.gff	annotation	DR15	ASM_DR15	ANN_DR15			
/home/labuser/rdcheng/gd/manual_files/annotation.DR16.gff	annotation	DR16	ASM_DR16	ANN_DR16			
/home/labuser/rdcheng/gd/manual_files/annotation.DR17.gff	annotation	DR17	ASM_DR17	ANN_DR17			
/home/labuser/rdcheng/gd/manual_files/annotation.DR18.gff	annotation	DR18	ASM_DR18	ANN_DR18			
/home/labuser/rdcheng/gd/manual_files/annotation.DR1.gff	annotation	DR1	ASM_DR1	ANN_DR1			
/home/labuser/rdcheng/gd/manual_files/annotation.DR20.gff	annotation	DR20	ASM_DR20	ANN_DR20			
/home/labuser/rdcheng/gd/manual_files/annotation.DR2.gff	annotation	DR2	ASM_DR2	ANN_DR2			
/home/labuser/rdcheng/gd/manual_files/annotation.DR3.gff	annotation	DR3	ASM_DR3	ANN_DR3			
/home/labuser/rdcheng/gd/manual_files/annotation.DR4.gff	annotation	DR4	ASM_DR4	ANN_DR4			
/home/labuser/rdcheng/gd/manual_files/annotation.DR5.gff	annotation	DR5	ASM_DR5	ANN_DR5			
/home/labuser/rdcheng/gd/manual_files/annotation.DR6.gff	annotation	DR6	ASM_DR6	ANN_DR6			
/home/labuser/rdcheng/gd/manual_files/annotation.DR7.gff	annotation	DR7	ASM_DR7	ANN_DR7			
/home/labuser/rdcheng/gd/manual_files/annotation.DR8.gff	annotation	DR8	ASM_DR8	ANN_DR8			
/home/labuser/rdcheng/gd/manual_files/annotation.DR9.gff	annotation	DR9	ASM_DR9	ANN_DR9			
/home/labuser/rdcheng/gd/manual_files/annotation.Dular.gff	annotation	Dular	ASM_Dular	ANN_Dular			
/home/labuser/rdcheng/gd/manual_files/annotation.FH838.gff	annotation	FH838	ASM_FH838	ANN_FH838			
/home/labuser/rdcheng/gd/manual_files/annotation.FS32.gff	annotation	FS32	ASM_FS32	ANN_FS32			
/home/labuser/rdcheng/gd/manual_files/annotation.G46.gff	annotation	G46	ASM_G46	ANN_G46			
/home/labuser/rdcheng/gd/manual_files/annotation.G630.gff	annotation	G630	ASM_G630	ANN_G630			
/home/labuser/rdcheng/gd/manual_files/annotation.G8.gff	annotation	G8	ASM_G8	ANN_G8			
/home/labuser/rdcheng/gd/manual_files/annotation.GWX30.gff	annotation	GWX30	ASM_GWX30	ANN_GWX30			
/home/labuser/rdcheng/gd/manual_files/annotation.HBK.gff	annotation	HBK	ASM_HBK	ANN_HBK			
/home/labuser/rdcheng/gd/manual_files/annotation.HHZ.gff	annotation	HHZ	ASM_HHZ	ANN_HHZ			
/home/labuser/rdcheng/gd/manual_files/annotation.HMXRS1.gff	annotation	HMXRS1	ASM_HMXRS1	ANN_HMXRS1			
/home/labuser/rdcheng/gd/manual_files/annotation.HMZ.gff	annotation	HMZ	ASM_HMZ	ANN_HMZ			
/home/labuser/rdcheng/gd/manual_files/annotation.HZ.gff	annotation	HZ	ASM_HZ	ANN_HZ			
/home/labuser/rdcheng/gd/manual_files/annotation.II32.gff	annotation	II32	ASM_II32	ANN_II32			
/home/labuser/rdcheng/gd/manual_files/annotation.IR64.gff	annotation	IR64	ASM_IR64	ANN_IR64			
/home/labuser/rdcheng/gd/manual_files/annotation.IR8.gff	annotation	IR8	ASM_IR8	ANN_IR8			
/home/labuser/rdcheng/gd/manual_files/centromere.125619.bed	centromere	125619	ASM_125619				
/home/labuser/rdcheng/gd/manual_files/centromere.127518.bed	centromere	127518	ASM_127518				
/home/labuser/rdcheng/gd/manual_files/centromere.127652.bed	centromere	127652	ASM_127652				
/home/labuser/rdcheng/gd/manual_files/centromere.128077.bed	centromere	128077	ASM_128077				
/home/labuser/rdcheng/gd/manual_files/annotation.J4155.gff	annotation	J4155	ASM_J4155	ANN_J4155			
/home/labuser/rdcheng/gd/manual_files/annotation.J4155S.gff	annotation	J4155S	ASM_J4155S	ANN_J4155S			
/home/labuser/rdcheng/gd/manual_files/annotation.JR2031.gff	annotation	JR2031	ASM_JR2031	ANN_JR2031			
/home/labuser/rdcheng/gd/manual_files/codon.OglaRS2.tar.gz	codon	OglaRS2	ASM_OglaRS2				
/home/labuser/rdcheng/gd/manual_files/annotation.Kosh.gff	annotation	Kosh	ASM_Kosh	ANN_Kosh			
/home/labuser/rdcheng/gd/manual_files/annotation.KY131.gff	annotation	KY131	ASM_KY131	ANN_KY131			
/home/labuser/rdcheng/gd/manual_files/annotation.LDXZ.gff	annotation	LDXZ	ASM_LDXZ	ANN_LDXZ			
/home/labuser/rdcheng/gd/manual_files/annotation.Lemont.gff	annotation	Lemont	ASM_Lemont	ANN_Lemont			
/home/labuser/rdcheng/gd/manual_files/annotation.LJ.gff	annotation	LJ	ASM_LJ	ANN_LJ			
/home/labuser/rdcheng/gd/manual_files/annotation.LK638S.gff	annotation	LK638S	ASM_LK638S	ANN_LK638S			
/home/labuser/rdcheng/gd/manual_files/annotation.LTH.gff	annotation	LTH	ASM_LTH	ANN_LTH			
/home/labuser/rdcheng/gd/manual_files/annotation.MH63RS3.gff	annotation	MH63RS3	ASM_MH63RS3	ANN_MH63RS3			
/home/labuser/rdcheng/gd/manual_files/annotation.Mitak.gff	annotation	Mitak	ASM_Mitak	ANN_Mitak			
/home/labuser/rdcheng/gd/manual_files/annotation.NamRoo.gff	annotation	NamRoo	ASM_NamRoo	ANN_NamRoo			
/home/labuser/rdcheng/gd/manual_files/annotation.Nipponbare.gff	annotation	Nipponbare	ASM_Nipponbare	ANN_Nipponbare			
/home/labuser/rdcheng/gd/manual_files/annotation.ObarRS3.gff	annotation	ObarRS3	ASM_ObarRS3	ANN_ObarRS3			
/home/labuser/rdcheng/gd/manual_files/annotation.OglaRS2.gff	annotation	OglaRS2	ASM_OglaRS2	ANN_OglaRS2			
/home/labuser/rdcheng/gd/manual_files/annotation.OgluRS3.gff	annotation	OgluRS3	ASM_OgluRS3	ANN_OgluRS3			
/home/labuser/rdcheng/gd/manual_files/annotation.OmerRS3.gff	annotation	OmerRS3	ASM_OmerRS3	ANN_OmerRS3			
/home/labuser/rdcheng/gd/manual_files/annotation.OnivRS2.gff	annotation	OnivRS2	ASM_OnivRS2	ANN_OnivRS2			
/home/labuser/rdcheng/gd/manual_files/codon.ObarRS3.tar.gz	codon	ObarRS3	ASM_ObarRS3				
/home/labuser/rdcheng/gd/manual_files/codon.OgluRS3.tar.gz	codon	OgluRS3	ASM_OgluRS3				
/home/labuser/rdcheng/gd/manual_files/annotation.P64S.gff	annotation	P64S	ASM_P64S	ANN_P64S			
/home/labuser/rdcheng/gd/manual_files/annotation.R498.gff	annotation	R498	ASM_R498	ANN_R498			
/home/labuser/rdcheng/gd/manual_files/annotation.R527.gff	annotation	R527	ASM_R527	ANN_R527			
/home/labuser/rdcheng/gd/manual_files/annotation.R70.gff	annotation	R70	ASM_R70	ANN_R70			
/home/labuser/rdcheng/gd/manual_files/annotation.R9311.gff	annotation	R9311	ASM_R9311	ANN_R9311			
/home/labuser/rdcheng/gd/manual_files/annotation.S548.gff	annotation	S548	ASM_S548	ANN_S548			
/home/labuser/rdcheng/gd/manual_files/annotation.TF.gff	annotation	TF	ASM_TF	ANN_TF			
/home/labuser/rdcheng/gd/manual_files/annotation.TM.gff	annotation	TM	ASM_TM	ANN_TM			
/home/labuser/rdcheng/gd/manual_files/centromere.201B.bed	centromere	201B	ASM_201B				
/home/labuser/rdcheng/gd/manual_files/annotation.Tumba.gff	annotation	Tumba	ASM_Tumba	ANN_Tumba			
/home/labuser/rdcheng/gd/manual_files/annotation.WSSM.gff	annotation	WSSM	ASM_WSSM	ANN_WSSM			
/home/labuser/rdcheng/gd/manual_files/annotation.WYJ3.gff	annotation	WYJ3	ASM_WYJ3	ANN_WYJ3			
/home/labuser/rdcheng/gd/manual_files/annotation.XL628S.gff	annotation	XL628S	ASM_XL628S	ANN_XL628S			
/home/labuser/rdcheng/gd/manual_files/annotation.XS134.gff	annotation	XS134	ASM_XS134	ANN_XS134			
/home/labuser/rdcheng/gd/manual_files/annotation.XYXZ.gff	annotation	XYXZ	ASM_XYXZ	ANN_XYXZ			
/home/labuser/rdcheng/gd/manual_files/annotation.Y3551.gff	annotation	Y3551	ASM_Y3551	ANN_Y3551			
/home/labuser/rdcheng/gd/manual_files/annotation.Y4B.gff	annotation	Y4B	ASM_Y4B	ANN_Y4B			
/home/labuser/rdcheng/gd/manual_files/annotation.Y58S.gff	annotation	Y58S	ASM_Y58S	ANN_Y58S			
/home/labuser/rdcheng/gd/manual_files/annotation.YJSM.gff	annotation	YJSM	ASM_YJSM	ANN_YJSM			
/home/labuser/rdcheng/gd/manual_files/annotation.YX1.gff	annotation	YX1	ASM_YX1	ANN_YX1			
/home/labuser/rdcheng/gd/manual_files/annotation.YZX.gff	annotation	YZX	ASM_YZX	ANN_YZX			
/home/labuser/rdcheng/gd/manual_files/annotation.Z9311S.gff	annotation	Z9311S	ASM_Z9311S	ANN_Z9311S			
/home/labuser/rdcheng/gd/manual_files/annotation.ZH11.gff	annotation	ZH11	ASM_ZH11	ANN_ZH11			
/home/labuser/rdcheng/gd/manual_files/annotation.ZS97RS3.gff	annotation	ZS97RS3	ASM_ZS97RS3	ANN_ZS97RS3			
/home/labuser/rdcheng/gd/manual_files/genome.02428.fasta	genome	02428	ASM_02428				
/home/labuser/rdcheng/gd/manual_files/genome.117425.fasta	genome	117425	ASM_117425				
/home/labuser/rdcheng/gd/manual_files/genome.117534.fasta	genome	117534	ASM_117534				
/home/labuser/rdcheng/gd/manual_files/genome.125619.fasta	genome	125619	ASM_125619				
/home/labuser/rdcheng/gd/manual_files/genome.125827.fasta	genome	125827	ASM_125827				
/home/labuser/rdcheng/gd/manual_files/genome.127518.fasta	genome	127518	ASM_127518				
/home/labuser/rdcheng/gd/manual_files/genome.127564.fasta	genome	127564	ASM_127564				
/home/labuser/rdcheng/gd/manual_files/genome.127652.fasta	genome	127652	ASM_127652				
/home/labuser/rdcheng/gd/manual_files/genome.127742.fasta	genome	127742	ASM_127742				
/home/labuser/rdcheng/gd/manual_files/genome.128077.fasta	genome	128077	ASM_128077				
/home/labuser/rdcheng/gd/manual_files/genome.132278.fasta	genome	132278	ASM_132278				
/home/labuser/rdcheng/gd/manual_files/genome.132424.fasta	genome	132424	ASM_132424				
/home/labuser/rdcheng/gd/manual_files/genome.17S.fasta	genome	17S	ASM_17S				
/home/labuser/rdcheng/gd/manual_files/genome.201B.fasta	genome	201B	ASM_201B				
/home/labuser/rdcheng/gd/manual_files/genome.33S.fasta	genome	33S	ASM_33S				
/home/labuser/rdcheng/gd/manual_files/genome.3R11.fasta	genome	3R11	ASM_3R11				
/home/labuser/rdcheng/gd/manual_files/genome.3R17.fasta	genome	3R17	ASM_3R17				
/home/labuser/rdcheng/gd/manual_files/genome.3R25.fasta	genome	3R25	ASM_3R25				
/home/labuser/rdcheng/gd/manual_files/genome.3R30.fasta	genome	3R30	ASM_3R30				
/home/labuser/rdcheng/gd/manual_files/genome.3R34.fasta	genome	3R34	ASM_3R34				
/home/labuser/rdcheng/gd/manual_files/genome.66S.fasta	genome	66S	ASM_66S				
/home/labuser/rdcheng/gd/manual_files/genome.923.fasta	genome	923	ASM_923				
/home/labuser/rdcheng/gd/manual_files/genome.Aikoku.fasta	genome	Aikoku	ASM_Aikoku				
/home/labuser/rdcheng/gd/manual_files/genome.Akita.fasta	genome	Akita	ASM_Akita				
/home/labuser/rdcheng/gd/manual_files/genome.AUS449.fasta	genome	AUS449	ASM_AUS449				
/home/labuser/rdcheng/gd/manual_files/genome.Azucena.fasta	genome	Azucena	ASM_Azucena				
/home/labuser/rdcheng/gd/manual_files/genome.Balilla.fasta	genome	Balilla	ASM_Balilla				
/home/labuser/rdcheng/gd/manual_files/genome.Basmati1.fasta	genome	Basmati1	ASM_Basmati1				
/home/labuser/rdcheng/gd/manual_files/genome.Basmati334.fasta	genome	Basmati334	ASM_Basmati334				
/home/labuser/rdcheng/gd/manual_files/genome.C62S.fasta	genome	C62S	ASM_C62S				
/home/labuser/rdcheng/gd/manual_files/genome.C7.fasta	genome	C7	ASM_C7				
/home/labuser/rdcheng/gd/manual_files/genome.CG14.fasta	genome	CG14	ASM_CG14				
/home/labuser/rdcheng/gd/manual_files/genome.CJS.fasta	genome	CJS	ASM_CJS				
/home/labuser/rdcheng/gd/manual_files/genome.CN1.fasta	genome	CN1	ASM_CN1				
/home/labuser/rdcheng/gd/manual_files/genome.D62.fasta	genome	D62	ASM_D62				
/home/labuser/rdcheng/gd/manual_files/genome.DG.fasta	genome	DG	ASM_DG				
/home/labuser/rdcheng/gd/manual_files/genome.DHX2.fasta	genome	DHX2	ASM_DHX2				
/home/labuser/rdcheng/gd/manual_files/genome.DomSufid.fasta	genome	DomSufid	ASM_DomSufid				
/home/labuser/rdcheng/gd/manual_files/genome.DR11.fasta	genome	DR11	ASM_DR11				
/home/labuser/rdcheng/gd/manual_files/genome.DR12.fasta	genome	DR12	ASM_DR12				
/home/labuser/rdcheng/gd/manual_files/genome.DR13.fasta	genome	DR13	ASM_DR13				
/home/labuser/rdcheng/gd/manual_files/genome.DR14.fasta	genome	DR14	ASM_DR14				
/home/labuser/rdcheng/gd/manual_files/genome.DR15.fasta	genome	DR15	ASM_DR15				
/home/labuser/rdcheng/gd/manual_files/genome.DR16.fasta	genome	DR16	ASM_DR16				
/home/labuser/rdcheng/gd/manual_files/genome.DR17.fasta	genome	DR17	ASM_DR17				
/home/labuser/rdcheng/gd/manual_files/genome.DR18.fasta	genome	DR18	ASM_DR18				
/home/labuser/rdcheng/gd/manual_files/genome.DR1.fasta	genome	DR1	ASM_DR1				
/home/labuser/rdcheng/gd/manual_files/genome.DR20.fasta	genome	DR20	ASM_DR20				
/home/labuser/rdcheng/gd/manual_files/genome.DR2.fasta	genome	DR2	ASM_DR2				
/home/labuser/rdcheng/gd/manual_files/genome.DR3.fasta	genome	DR3	ASM_DR3				
/home/labuser/rdcheng/gd/manual_files/genome.DR4.fasta	genome	DR4	ASM_DR4				
/home/labuser/rdcheng/gd/manual_files/genome.DR5.fasta	genome	DR5	ASM_DR5				
/home/labuser/rdcheng/gd/manual_files/genome.DR6.fasta	genome	DR6	ASM_DR6				
/home/labuser/rdcheng/gd/manual_files/genome.DR7.fasta	genome	DR7	ASM_DR7				
/home/labuser/rdcheng/gd/manual_files/genome.DR8.fasta	genome	DR8	ASM_DR8				
/home/labuser/rdcheng/gd/manual_files/genome.DR9.fasta	genome	DR9	ASM_DR9				
/home/labuser/rdcheng/gd/manual_files/genome.Dular.fasta	genome	Dular	ASM_Dular				
/home/labuser/rdcheng/gd/manual_files/genome.FH838.fasta	genome	FH838	ASM_FH838				
/home/labuser/rdcheng/gd/manual_files/genome.117534_N22_18ng.fasta	genome	117534_N22_18ng	ASM_117534_N22_18ng				
/home/labuser/rdcheng/gd/manual_files/centromere.117425.bed	centromere	117425	ASM_117425				
/home/labuser/rdcheng/gd/manual_files/centromere.117534.bed	centromere	117534	ASM_117534				
/home/labuser/rdcheng/gd/manual_files/centromere.125827.bed	centromere	125827	ASM_125827				
/home/labuser/rdcheng/gd/manual_files/centromere.127564.bed	centromere	127564	ASM_127564				
/home/labuser/rdcheng/gd/manual_files/centromere.127742.bed	centromere	127742	ASM_127742				
/home/labuser/rdcheng/gd/manual_files/centromere.132278.bed	centromere	132278	ASM_132278				
/home/labuser/rdcheng/gd/manual_files/centromere.132424.bed	centromere	132424	ASM_132424				
/home/labuser/rdcheng/gd/manual_files/centromere.33S.bed	centromere	33S	ASM_33S				
/home/labuser/rdcheng/gd/manual_files/centromere.3R11.bed	centromere	3R11	ASM_3R11				
/home/labuser/rdcheng/gd/manual_files/centromere.3R17.bed	centromere	3R17	ASM_3R17				
/home/labuser/rdcheng/gd/manual_files/centromere.3R25.bed	centromere	3R25	ASM_3R25				
/home/labuser/rdcheng/gd/manual_files/centromere.3R30.bed	centromere	3R30	ASM_3R30				
/home/labuser/rdcheng/gd/manual_files/centromere.3R34.bed	centromere	3R34	ASM_3R34				
/home/labuser/rdcheng/gd/manual_files/centromere.66S.bed	centromere	66S	ASM_66S				
/home/labuser/rdcheng/gd/manual_files/centromere.923.bed	centromere	923	ASM_923				
/home/labuser/rdcheng/gd/manual_files/centromere.Aikoku.bed	centromere	Aikoku	ASM_Aikoku				
/home/labuser/rdcheng/gd/manual_files/centromere.Akita.bed	centromere	Akita	ASM_Akita				
/home/labuser/rdcheng/gd/manual_files/centromere.AUS449.bed	centromere	AUS449	ASM_AUS449				
/home/labuser/rdcheng/gd/manual_files/centromere.Azucena.bed	centromere	Azucena	ASM_Azucena				
/home/labuser/rdcheng/gd/manual_files/centromere.Balilla.bed	centromere	Balilla	ASM_Balilla				
/home/labuser/rdcheng/gd/manual_files/centromere.Basmati1.bed	centromere	Basmati1	ASM_Basmati1				
/home/labuser/rdcheng/gd/manual_files/centromere.Basmati334.bed	centromere	Basmati334	ASM_Basmati334				
/home/labuser/rdcheng/gd/manual_files/centromere.C62S.bed	centromere	C62S	ASM_C62S				
/home/labuser/rdcheng/gd/manual_files/centromere.C7.bed	centromere	C7	ASM_C7				
/home/labuser/rdcheng/gd/manual_files/centromere.CG14.bed	centromere	CG14	ASM_CG14				
/home/labuser/rdcheng/gd/manual_files/centromere.CJS.bed	centromere	CJS	ASM_CJS				
/home/labuser/rdcheng/gd/manual_files/centromere.CN1.bed	centromere	CN1	ASM_CN1				
/home/labuser/rdcheng/gd/manual_files/centromere.D62.bed	centromere	D62	ASM_D62				
/home/labuser/rdcheng/gd/manual_files/centromere.DG.bed	centromere	DG	ASM_DG				
/home/labuser/rdcheng/gd/manual_files/centromere.DHX2.bed	centromere	DHX2	ASM_DHX2				
/home/labuser/rdcheng/gd/manual_files/centromere.DomSufid.bed	centromere	DomSufid	ASM_DomSufid				
/home/labuser/rdcheng/gd/manual_files/centromere.DR11.bed	centromere	DR11	ASM_DR11				
/home/labuser/rdcheng/gd/manual_files/centromere.DR12.bed	centromere	DR12	ASM_DR12				
/home/labuser/rdcheng/gd/manual_files/centromere.DR13.bed	centromere	DR13	ASM_DR13				
/home/labuser/rdcheng/gd/manual_files/centromere.DR14.bed	centromere	DR14	ASM_DR14				
/home/labuser/rdcheng/gd/manual_files/centromere.DR15.bed	centromere	DR15	ASM_DR15				
/home/labuser/rdcheng/gd/manual_files/centromere.DR16.bed	centromere	DR16	ASM_DR16				
/home/labuser/rdcheng/gd/manual_files/centromere.DR17.bed	centromere	DR17	ASM_DR17				
/home/labuser/rdcheng/gd/manual_files/centromere.DR18.bed	centromere	DR18	ASM_DR18				
/home/labuser/rdcheng/gd/manual_files/centromere.DR1.bed	centromere	DR1	ASM_DR1				
/home/labuser/rdcheng/gd/manual_files/centromere.DR20.bed	centromere	DR20	ASM_DR20				
/home/labuser/rdcheng/gd/manual_files/centromere.DR2.bed	centromere	DR2	ASM_DR2				
/home/labuser/rdcheng/gd/manual_files/centromere.DR3.bed	centromere	DR3	ASM_DR3				
/home/labuser/rdcheng/gd/manual_files/centromere.DR4.bed	centromere	DR4	ASM_DR4				
/home/labuser/rdcheng/gd/manual_files/centromere.DR5.bed	centromere	DR5	ASM_DR5				
/home/labuser/rdcheng/gd/manual_files/centromere.DR6.bed	centromere	DR6	ASM_DR6				
/home/labuser/rdcheng/gd/manual_files/centromere.DR7.bed	centromere	DR7	ASM_DR7				
/home/labuser/rdcheng/gd/manual_files/centromere.DR8.bed	centromere	DR8	ASM_DR8				
/home/labuser/rdcheng/gd/manual_files/centromere.DR9.bed	centromere	DR9	ASM_DR9				
/home/labuser/rdcheng/gd/manual_files/centromere.Dular.bed	centromere	Dular	ASM_Dular				
/home/labuser/rdcheng/gd/manual_files/centromere.FH838.bed	centromere	FH838	ASM_FH838				
/home/labuser/rdcheng/gd/manual_files/centromere.FS32.bed	centromere	FS32	ASM_FS32				
/home/labuser/rdcheng/gd/manual_files/centromere.G46.bed	centromere	G46	ASM_G46				
/home/labuser/rdcheng/gd/manual_files/centromere.G630.bed	centromere	G630	ASM_G630				
/home/labuser/rdcheng/gd/manual_files/centromere.G8.bed	centromere	G8	ASM_G8				
/home/labuser/rdcheng/gd/manual_files/centromere.Gim.bed	centromere	Gim	ASM_Gim				
/home/labuser/rdcheng/gd/manual_files/centromere.GWX30.bed	centromere	GWX30	ASM_GWX30				
/home/labuser/rdcheng/gd/manual_files/centromere.HBK.bed	centromere	HBK	ASM_HBK				
/home/labuser/rdcheng/gd/manual_files/centromere.HHZ.bed	centromere	HHZ	ASM_HHZ				
/home/labuser/rdcheng/gd/manual_files/centromere.HMXRS1.bed	centromere	HMXRS1	ASM_HMXRS1				
/home/labuser/rdcheng/gd/manual_files/centromere.HMZ.bed	centromere	HMZ	ASM_HMZ				
/home/labuser/rdcheng/gd/manual_files/centromere.HZ.bed	centromere	HZ	ASM_HZ				
/home/labuser/rdcheng/gd/manual_files/centromere.II32.bed	centromere	II32	ASM_II32				
/home/labuser/rdcheng/gd/manual_files/centromere.IR64.bed	centromere	IR64	ASM_IR64				
/home/labuser/rdcheng/gd/manual_files/centromere.IR8.bed	centromere	IR8	ASM_IR8				
/home/labuser/rdcheng/gd/manual_files/centromere.J4155.bed	centromere	J4155	ASM_J4155				
/home/labuser/rdcheng/gd/manual_files/centromere.J4155S.bed	centromere	J4155S	ASM_J4155S				
/home/labuser/rdcheng/gd/manual_files/centromere.JR2031.bed	centromere	JR2031	ASM_JR2031				
/home/labuser/rdcheng/gd/manual_files/centromere.Kosh.bed	centromere	Kosh	ASM_Kosh				
/home/labuser/rdcheng/gd/manual_files/centromere.KY131.bed	centromere	KY131	ASM_KY131				
/home/labuser/rdcheng/gd/manual_files/centromere.LDXZ.bed	centromere	LDXZ	ASM_LDXZ				
/home/labuser/rdcheng/gd/manual_files/centromere.Lemont.bed	centromere	Lemont	ASM_Lemont				
/home/labuser/rdcheng/gd/manual_files/centromere.LG31.bed	centromere	LG31	ASM_LG31				
/home/labuser/rdcheng/gd/manual_files/centromere.LG5.bed	centromere	LG5	ASM_LG5				
/home/labuser/rdcheng/gd/manual_files/centromere.LJ.bed	centromere	LJ	ASM_LJ				
/home/labuser/rdcheng/gd/manual_files/centromere.LK638S.bed	centromere	LK638S	ASM_LK638S				
/home/labuser/rdcheng/gd/manual_files/centromere.LTH.bed	centromere	LTH	ASM_LTH				
/home/labuser/rdcheng/gd/manual_files/centromere.MH63RS3.bed	centromere	MH63RS3	ASM_MH63RS3				
/home/labuser/rdcheng/gd/manual_files/centromere.Mitak.bed	centromere	Mitak	ASM_Mitak				
/home/labuser/rdcheng/gd/manual_files/centromere.NamRoo.bed	centromere	NamRoo	ASM_NamRoo				
/home/labuser/rdcheng/gd/manual_files/centromere.NG39.bed	centromere	NG39	ASM_NG39				
/home/labuser/rdcheng/gd/manual_files/centromere.Nipponbare.bed	centromere	Nipponbare	ASM_Nipponbare				
/home/labuser/rdcheng/gd/manual_files/centromere.No8.bed	centromere	No8	ASM_No8				
/home/labuser/rdcheng/gd/manual_files/centromere.ObarRS3.bed	centromere	ObarRS3	ASM_ObarRS3				
/home/labuser/rdcheng/gd/manual_files/centromere.OglaRS2.bed	centromere	OglaRS2	ASM_OglaRS2				
/home/labuser/rdcheng/gd/manual_files/centromere.OgluRS3.bed	centromere	OgluRS3	ASM_OgluRS3				
/home/labuser/rdcheng/gd/manual_files/centromere.OmerRS3.bed	centromere	OmerRS3	ASM_OmerRS3				
/home/labuser/rdcheng/gd/manual_files/centromere.OnivRS2.bed	centromere	OnivRS2	ASM_OnivRS2				
/home/labuser/rdcheng/gd/manual_files/centromere.OrufRS1.bed	centromere	OrufRS1	ASM_OrufRS1				
/home/labuser/rdcheng/gd/manual_files/centromere.P64S.bed	centromere	P64S	ASM_P64S				
/home/labuser/rdcheng/gd/manual_files/centromere.R498.bed	centromere	R498	ASM_R498				
/home/labuser/rdcheng/gd/manual_files/centromere.R527.bed	centromere	R527	ASM_R527				
/home/labuser/rdcheng/gd/manual_files/centromere.R600.bed	centromere	R600	ASM_R600				
/home/labuser/rdcheng/gd/manual_files/centromere.R70.bed	centromere	R70	ASM_R70				
/home/labuser/rdcheng/gd/manual_files/centromere.R9311.bed	centromere	R9311	ASM_R9311				
/home/labuser/rdcheng/gd/manual_files/centromere.S548.bed	centromere	S548	ASM_S548				
/home/labuser/rdcheng/gd/manual_files/centromere.Sasa.bed	centromere	Sasa	ASM_Sasa				
/home/labuser/rdcheng/gd/manual_files/centromere.SN265.bed	centromere	SN265	ASM_SN265				
/home/labuser/rdcheng/gd/manual_files/centromere.TF.bed	centromere	TF	ASM_TF				
/home/labuser/rdcheng/gd/manual_files/centromere.TG14.bed	centromere	TG14	ASM_TG14				
/home/labuser/rdcheng/gd/manual_files/centromere.TG17.bed	centromere	TG17	ASM_TG17				
/home/labuser/rdcheng/gd/manual_files/centromere.TG19.bed	centromere	TG19	ASM_TG19				
/home/labuser/rdcheng/gd/manual_files/centromere.TG22.bed	centromere	TG22	ASM_TG22				
/home/labuser/rdcheng/gd/manual_files/centromere.TG27.bed	centromere	TG27	ASM_TG27				
/home/labuser/rdcheng/gd/manual_files/centromere.TG29.bed	centromere	TG29	ASM_TG29				
/home/labuser/rdcheng/gd/manual_files/centromere.TG31.bed	centromere	TG31	ASM_TG31				
/home/labuser/rdcheng/gd/manual_files/centromere.TG33.bed	centromere	TG33	ASM_TG33				
/home/labuser/rdcheng/gd/manual_files/centromere.TG3.bed	centromere	TG3	ASM_TG3				
/home/labuser/rdcheng/gd/manual_files/centromere.TG42.bed	centromere	TG42	ASM_TG42				
/home/labuser/rdcheng/gd/manual_files/centromere.TG49.bed	centromere	TG49	ASM_TG49				
/home/labuser/rdcheng/gd/manual_files/centromere.TG50.bed	centromere	TG50	ASM_TG50				
/home/labuser/rdcheng/gd/manual_files/centromere.TG53.bed	centromere	TG53	ASM_TG53				
/home/labuser/rdcheng/gd/manual_files/centromere.TG55.bed	centromere	TG55	ASM_TG55				
/home/labuser/rdcheng/gd/manual_files/centromere.TG56.bed	centromere	TG56	ASM_TG56				
/home/labuser/rdcheng/gd/manual_files/centromere.TG59.bed	centromere	TG59	ASM_TG59				
/home/labuser/rdcheng/gd/manual_files/centromere.TG61.bed	centromere	TG61	ASM_TG61				
/home/labuser/rdcheng/gd/manual_files/centromere.TG63.bed	centromere	TG63	ASM_TG63				
/home/labuser/rdcheng/gd/manual_files/centromere.TG65.bed	centromere	TG65	ASM_TG65				
/home/labuser/rdcheng/gd/manual_files/centromere.TG68.bed	centromere	TG68	ASM_TG68				
/home/labuser/rdcheng/gd/manual_files/centromere.TG6.bed	centromere	TG6	ASM_TG6				
/home/labuser/rdcheng/gd/manual_files/centromere.TG70.bed	centromere	TG70	ASM_TG70				
/home/labuser/rdcheng/gd/manual_files/centromere.TG80.bed	centromere	TG80	ASM_TG80				
/home/labuser/rdcheng/gd/manual_files/centromere.TG81.bed	centromere	TG81	ASM_TG81				
/home/labuser/rdcheng/gd/manual_files/centromere.TG90.bed	centromere	TG90	ASM_TG90				
/home/labuser/rdcheng/gd/manual_files/centromere.TG9.bed	centromere	TG9	ASM_TG9				
/home/labuser/rdcheng/gd/manual_files/centromere.TM.bed	centromere	TM	ASM_TM				
/home/labuser/rdcheng/gd/manual_files/centromere.Toyo.bed	centromere	Toyo	ASM_Toyo				
/home/labuser/rdcheng/gd/manual_files/centromere.Tumba.bed	centromere	Tumba	ASM_Tumba				
/home/labuser/rdcheng/gd/manual_files/centromere.WSSM.bed	centromere	WSSM	ASM_WSSM				
/home/labuser/rdcheng/gd/manual_files/centromere.WW8.bed	centromere	WW8	ASM_WW8				
/home/labuser/rdcheng/gd/manual_files/centromere.WYG3.bed	centromere	WYG3	ASM_WYG3				
/home/labuser/rdcheng/gd/manual_files/centromere.WYJ3.bed	centromere	WYJ3	ASM_WYJ3				
/home/labuser/rdcheng/gd/manual_files/centromere.XL628S.bed	centromere	XL628S	ASM_XL628S				
/home/labuser/rdcheng/gd/manual_files/centromere.XS134.bed	centromere	XS134	ASM_XS134				
/home/labuser/rdcheng/gd/manual_files/centromere.XYXZ.bed	centromere	XYXZ	ASM_XYXZ				
/home/labuser/rdcheng/gd/manual_files/centromere.Y3551.bed	centromere	Y3551	ASM_Y3551				
/home/labuser/rdcheng/gd/manual_files/centromere.Y4B.bed	centromere	Y4B	ASM_Y4B				
/home/labuser/rdcheng/gd/manual_files/centromere.Y58S.bed	centromere	Y58S	ASM_Y58S				
/home/labuser/rdcheng/gd/manual_files/centromere.YF47.bed	centromere	YF47	ASM_YF47				
/home/labuser/rdcheng/gd/manual_files/centromere.YJSM.bed	centromere	YJSM	ASM_YJSM				
/home/labuser/rdcheng/gd/manual_files/centromere.YX1.bed	centromere	YX1	ASM_YX1				
/home/labuser/rdcheng/gd/manual_files/centromere.YZX.bed	centromere	YZX	ASM_YZX				
/home/labuser/rdcheng/gd/manual_files/centromere.Z9311S.bed	centromere	Z9311S	ASM_Z9311S				
/home/labuser/rdcheng/gd/manual_files/centromere.ZH11.bed	centromere	ZH11	ASM_ZH11				
/home/labuser/rdcheng/gd/manual_files/centromere.ZS97RS3.bed	centromere	ZS97RS3	ASM_ZS97RS3				
/home/labuser/rdcheng/gd/manual_files/codon.02428.tar.gz	codon	02428	ASM_02428				
/home/labuser/rdcheng/gd/manual_files/codon.117425.tar.gz	codon	117425	ASM_117425				
/home/labuser/rdcheng/gd/manual_files/codon.117534.tar.gz	codon	117534	ASM_117534				
/home/labuser/rdcheng/gd/manual_files/codon.125619.tar.gz	codon	125619	ASM_125619				
/home/labuser/rdcheng/gd/manual_files/codon.125827.tar.gz	codon	125827	ASM_125827				
/home/labuser/rdcheng/gd/manual_files/codon.127518.tar.gz	codon	127518	ASM_127518				
/home/labuser/rdcheng/gd/manual_files/codon.127564.tar.gz	codon	127564	ASM_127564				
/home/labuser/rdcheng/gd/manual_files/codon.127652.tar.gz	codon	127652	ASM_127652				
/home/labuser/rdcheng/gd/manual_files/codon.127742.tar.gz	codon	127742	ASM_127742				
/home/labuser/rdcheng/gd/manual_files/codon.128077.tar.gz	codon	128077	ASM_128077				
/home/labuser/rdcheng/gd/manual_files/codon.132278.tar.gz	codon	132278	ASM_132278				
/home/labuser/rdcheng/gd/manual_files/codon.132424.tar.gz	codon	132424	ASM_132424				
/home/labuser/rdcheng/gd/manual_files/codon.17S.tar.gz	codon	17S	ASM_17S				
/home/labuser/rdcheng/gd/manual_files/codon.201B.tar.gz	codon	201B	ASM_201B				
/home/labuser/rdcheng/gd/manual_files/codon.33S.tar.gz	codon	33S	ASM_33S				
/home/labuser/rdcheng/gd/manual_files/codon.3R11.tar.gz	codon	3R11	ASM_3R11				
/home/labuser/rdcheng/gd/manual_files/codon.3R17.tar.gz	codon	3R17	ASM_3R17				
/home/labuser/rdcheng/gd/manual_files/codon.3R25.tar.gz	codon	3R25	ASM_3R25				
/home/labuser/rdcheng/gd/manual_files/codon.3R30.tar.gz	codon	3R30	ASM_3R30				
/home/labuser/rdcheng/gd/manual_files/codon.3R34.tar.gz	codon	3R34	ASM_3R34				
/home/labuser/rdcheng/gd/manual_files/codon.66S.tar.gz	codon	66S	ASM_66S				
/home/labuser/rdcheng/gd/manual_files/codon.923.tar.gz	codon	923	ASM_923				
/home/labuser/rdcheng/gd/manual_files/codon.AUS449.tar.gz	codon	AUS449	ASM_AUS449				
/home/labuser/rdcheng/gd/manual_files/codon.Azucena.tar.gz	codon	Azucena	ASM_Azucena				
/home/labuser/rdcheng/gd/manual_files/codon.Balilla.tar.gz	codon	Balilla	ASM_Balilla				
/home/labuser/rdcheng/gd/manual_files/codon.Basmati1.tar.gz	codon	Basmati1	ASM_Basmati1				
/home/labuser/rdcheng/gd/manual_files/codon.Basmati334.tar.gz	codon	Basmati334	ASM_Basmati334				
/home/labuser/rdcheng/gd/manual_files/codon.C62S.tar.gz	codon	C62S	ASM_C62S				
/home/labuser/rdcheng/gd/manual_files/codon.C7.tar.gz	codon	C7	ASM_C7				
/home/labuser/rdcheng/gd/manual_files/codon.CJS.tar.gz	codon	CJS	ASM_CJS				
/home/labuser/rdcheng/gd/manual_files/codon.CN1.tar.gz	codon	CN1	ASM_CN1				
/home/labuser/rdcheng/gd/manual_files/codon.D62.tar.gz	codon	D62	ASM_D62				
/home/labuser/rdcheng/gd/manual_files/codon.DG.tar.gz	codon	DG	ASM_DG				
/home/labuser/rdcheng/gd/manual_files/codon.DHX2.tar.gz	codon	DHX2	ASM_DHX2				
/home/labuser/rdcheng/gd/manual_files/codon.DomSufid.tar.gz	codon	DomSufid	ASM_DomSufid				
/home/labuser/rdcheng/gd/manual_files/codon.DR11.tar.gz	codon	DR11	ASM_DR11				
/home/labuser/rdcheng/gd/manual_files/codon.DR12.tar.gz	codon	DR12	ASM_DR12				
/home/labuser/rdcheng/gd/manual_files/codon.DR13.tar.gz	codon	DR13	ASM_DR13				
/home/labuser/rdcheng/gd/manual_files/codon.DR14.tar.gz	codon	DR14	ASM_DR14				
/home/labuser/rdcheng/gd/manual_files/codon.DR15.tar.gz	codon	DR15	ASM_DR15				
/home/labuser/rdcheng/gd/manual_files/codon.DR16.tar.gz	codon	DR16	ASM_DR16				
/home/labuser/rdcheng/gd/manual_files/codon.DR17.tar.gz	codon	DR17	ASM_DR17				
/home/labuser/rdcheng/gd/manual_files/codon.DR18.tar.gz	codon	DR18	ASM_DR18				
/home/labuser/rdcheng/gd/manual_files/codon.DR1.tar.gz	codon	DR1	ASM_DR1				
/home/labuser/rdcheng/gd/manual_files/codon.DR20.tar.gz	codon	DR20	ASM_DR20				
/home/labuser/rdcheng/gd/manual_files/codon.DR2.tar.gz	codon	DR2	ASM_DR2				
/home/labuser/rdcheng/gd/manual_files/codon.DR3.tar.gz	codon	DR3	ASM_DR3				
/home/labuser/rdcheng/gd/manual_files/codon.DR4.tar.gz	codon	DR4	ASM_DR4				
/home/labuser/rdcheng/gd/manual_files/codon.DR5.tar.gz	codon	DR5	ASM_DR5				
/home/labuser/rdcheng/gd/manual_files/codon.DR6.tar.gz	codon	DR6	ASM_DR6				
/home/labuser/rdcheng/gd/manual_files/codon.DR7.tar.gz	codon	DR7	ASM_DR7				
/home/labuser/rdcheng/gd/manual_files/codon.DR8.tar.gz	codon	DR8	ASM_DR8				
/home/labuser/rdcheng/gd/manual_files/codon.DR9.tar.gz	codon	DR9	ASM_DR9				
/home/labuser/rdcheng/gd/manual_files/codon.Dular.tar.gz	codon	Dular	ASM_Dular				
/home/labuser/rdcheng/gd/manual_files/codon.FH838.tar.gz	codon	FH838	ASM_FH838				
/home/labuser/rdcheng/gd/manual_files/codon.FS32.tar.gz	codon	FS32	ASM_FS32				
/home/labuser/rdcheng/gd/manual_files/codon.G46.tar.gz	codon	G46	ASM_G46				
/home/labuser/rdcheng/gd/manual_files/codon.G630.tar.gz	codon	G630	ASM_G630				
/home/labuser/rdcheng/gd/manual_files/codon.G8.tar.gz	codon	G8	ASM_G8				
/home/labuser/rdcheng/gd/manual_files/codon.GWX30.tar.gz	codon	GWX30	ASM_GWX30				
/home/labuser/rdcheng/gd/manual_files/codon.HBK.tar.gz	codon	HBK	ASM_HBK				
/home/labuser/rdcheng/gd/manual_files/codon.HHZ.tar.gz	codon	HHZ	ASM_HHZ				
/home/labuser/rdcheng/gd/manual_files/codon.HMXRS1.tar.gz	codon	HMXRS1	ASM_HMXRS1				
/home/labuser/rdcheng/gd/manual_files/codon.HMZ.tar.gz	codon	HMZ	ASM_HMZ				
/home/labuser/rdcheng/gd/manual_files/codon.HZ.tar.gz	codon	HZ	ASM_HZ				
/home/labuser/rdcheng/gd/manual_files/codon.II32.tar.gz	codon	II32	ASM_II32				
/home/labuser/rdcheng/gd/manual_files/codon.IR64.tar.gz	codon	IR64	ASM_IR64				
/home/labuser/rdcheng/gd/manual_files/codon.IR8.tar.gz	codon	IR8	ASM_IR8				
/home/labuser/rdcheng/gd/manual_files/codon.J4155S.tar.gz	codon	J4155S	ASM_J4155S				
/home/labuser/rdcheng/gd/manual_files/codon.J4155.tar.gz	codon	J4155	ASM_J4155				
/home/labuser/rdcheng/gd/manual_files/codon.JR2031.tar.gz	codon	JR2031	ASM_JR2031				
/home/labuser/rdcheng/gd/manual_files/codon.Kosh.tar.gz	codon	Kosh	ASM_Kosh				
/home/labuser/rdcheng/gd/manual_files/codon.KY131.tar.gz	codon	KY131	ASM_KY131				
/home/labuser/rdcheng/gd/manual_files/codon.LDXZ.tar.gz	codon	LDXZ	ASM_LDXZ				
/home/labuser/rdcheng/gd/manual_files/codon.Lemont.tar.gz	codon	Lemont	ASM_Lemont				
/home/labuser/rdcheng/gd/manual_files/codon.LJ.tar.gz	codon	LJ	ASM_LJ				
/home/labuser/rdcheng/gd/manual_files/codon.LK638S.tar.gz	codon	LK638S	ASM_LK638S				
/home/labuser/rdcheng/gd/manual_files/codon.LTH.tar.gz	codon	LTH	ASM_LTH				
/home/labuser/rdcheng/gd/manual_files/codon.MH63RS3.tar.gz	codon	MH63RS3	ASM_MH63RS3				
/home/labuser/rdcheng/gd/manual_files/codon.Mitak.tar.gz	codon	Mitak	ASM_Mitak				
/home/labuser/rdcheng/gd/manual_files/codon.NamRoo.tar.gz	codon	NamRoo	ASM_NamRoo				
/home/labuser/rdcheng/gd/manual_files/codon.Nipponbare.tar.gz	codon	Nipponbare	ASM_Nipponbare				
/home/labuser/rdcheng/gd/manual_files/codon.P64S.tar.gz	codon	P64S	ASM_P64S				
/home/labuser/rdcheng/gd/manual_files/codon.R498.tar.gz	codon	R498	ASM_R498				
/home/labuser/rdcheng/gd/manual_files/codon.R527.tar.gz	codon	R527	ASM_R527				
/home/labuser/rdcheng/gd/manual_files/codon.R70.tar.gz	codon	R70	ASM_R70				
/home/labuser/rdcheng/gd/manual_files/codon.R9311.tar.gz	codon	R9311	ASM_R9311				
/home/labuser/rdcheng/gd/manual_files/codon.S548.tar.gz	codon	S548	ASM_S548				
/home/labuser/rdcheng/gd/manual_files/codon.TF.tar.gz	codon	TF	ASM_TF				
/home/labuser/rdcheng/gd/manual_files/codon.TM.tar.gz	codon	TM	ASM_TM				
/home/labuser/rdcheng/gd/manual_files/codon.Tumba.tar.gz	codon	Tumba	ASM_Tumba				
/home/labuser/rdcheng/gd/manual_files/codon.WSSM.tar.gz	codon	WSSM	ASM_WSSM				
/home/labuser/rdcheng/gd/manual_files/codon.WYJ3.tar.gz	codon	WYJ3	ASM_WYJ3				
/home/labuser/rdcheng/gd/manual_files/codon.XL628S.tar.gz	codon	XL628S	ASM_XL628S				
/home/labuser/rdcheng/gd/manual_files/codon.XS134.tar.gz	codon	XS134	ASM_XS134				
/home/labuser/rdcheng/gd/manual_files/codon.XYXZ.tar.gz	codon	XYXZ	ASM_XYXZ				
/home/labuser/rdcheng/gd/manual_files/codon.Y3551.tar.gz	codon	Y3551	ASM_Y3551				
/home/labuser/rdcheng/gd/manual_files/codon.Y4B.tar.gz	codon	Y4B	ASM_Y4B				
/home/labuser/rdcheng/gd/manual_files/codon.Y58S.tar.gz	codon	Y58S	ASM_Y58S				
/home/labuser/rdcheng/gd/manual_files/codon.YJSM.tar.gz	codon	YJSM	ASM_YJSM				
/home/labuser/rdcheng/gd/manual_files/codon.YX1.tar.gz	codon	YX1	ASM_YX1				
/home/labuser/rdcheng/gd/manual_files/codon.YZX.tar.gz	codon	YZX	ASM_YZX				
/home/labuser/rdcheng/gd/manual_files/codon.Z9311S.tar.gz	codon	Z9311S	ASM_Z9311S				
/home/labuser/rdcheng/gd/manual_files/codon.ZH11.tar.gz	codon	ZH11	ASM_ZH11				
/home/labuser/rdcheng/gd/manual_files/codon.ZS97RS3.tar.gz	codon	ZS97RS3	ASM_ZS97RS3				
/home/labuser/rdcheng/gd/manual_files/codon.OmerRS3.tar.gz	codon	OmerRS3	ASM_OmerRS3				
/home/labuser/rdcheng/gd/manual_files/codon.OnivRS2.tar.gz	codon	OnivRS2	ASM_OnivRS2				
/home/labuser/rdcheng/gd/manual_files/codon.OrufRS1.tar.gz	codon	OrufRS1	ASM_OrufRS1				
/home/labuser/rdcheng/gd/manual_files/transcriptome.all.LTH.tar.gz	transcriptome.all	LTH	ASM_LTH				
/home/labuser/rdcheng/gd/manual_files/transcriptome.all.R600.tar.gz	transcriptome.all	R600	ASM_R600				
/home/labuser/rdcheng/gd/manual_files/transcriptome.leaf.117425.tar.gz	transcriptome.leaf	117425	ASM_117425				
/home/labuser/rdcheng/gd/manual_files/transcriptome.leaf.117534.tar.gz	transcriptome.leaf	117534	ASM_117534				
/home/labuser/rdcheng/gd/manual_files/transcriptome.leaf.125619.tar.gz	transcriptome.leaf	125619	ASM_125619				
/home/labuser/rdcheng/gd/manual_files/transcriptome.leaf.125827.tar.gz	transcriptome.leaf	125827	ASM_125827				
/home/labuser/rdcheng/gd/manual_files/transcriptome.leaf.127518.tar.gz	transcriptome.leaf	127518	ASM_127518				
/home/labuser/rdcheng/gd/manual_files/transcriptome.leaf.127564.tar.gz	transcriptome.leaf	127564	ASM_127564				
/home/labuser/rdcheng/gd/manual_files/transcriptome.leaf.127652.tar.gz	transcriptome.leaf	127652	ASM_127652				
/home/labuser/rdcheng/gd/manual_files/transcriptome.leaf.127742.tar.gz	transcriptome.leaf	127742	ASM_127742				
/home/labuser/rdcheng/gd/manual_files/transcriptome.leaf.128077.tar.gz	transcriptome.leaf	128077	ASM_128077				
/home/labuser/rdcheng/gd/manual_files/transcriptome.leaf.132278.tar.gz	transcriptome.leaf	132278	ASM_132278				
/home/labuser/rdcheng/gd/manual_files/transcriptome.leaf.132424.tar.gz	transcriptome.leaf	132424	ASM_132424				
/home/labuser/rdcheng/gd/manual_files/transcriptome.leaf.Azucena.tar.gz	transcriptome.leaf	Azucena	ASM_Azucena				
/home/labuser/rdcheng/gd/manual_files/transcriptome.leaf.DR20.tar.gz	transcriptome.leaf	DR20	ASM_DR20				
/home/labuser/rdcheng/gd/manual_files/transcriptome.leaf.J4155S.tar.gz	transcriptome.leaf	J4155S	ASM_J4155S				
/home/labuser/rdcheng/gd/manual_files/transcriptome.leaf.LK638S.tar.gz	transcriptome.leaf	LK638S	ASM_LK638S				
/home/labuser/rdcheng/gd/manual_files/transcriptome.leaf.TF.tar.gz	transcriptome.leaf	TF	ASM_TF				
/home/labuser/rdcheng/gd/manual_files/transcriptome.leaf.TG22.tar.gz	transcriptome.leaf	TG22	ASM_TG22				
/home/labuser/rdcheng/gd/manual_files/transcriptome.leaf.TG27.tar.gz	transcriptome.leaf	TG27	ASM_TG27				
/home/labuser/rdcheng/gd/manual_files/transcriptome.leaf.TG65.tar.gz	transcriptome.leaf	TG65	ASM_TG65				
/home/labuser/rdcheng/gd/manual_files/transcriptome.leaf.TG68.tar.gz	transcriptome.leaf	TG68	ASM_TG68				
/home/labuser/rdcheng/gd/manual_files/transcriptome.panicles.117534.tar.gz	transcriptome.panicles	117534	ASM_117534				
/home/labuser/rdcheng/gd/manual_files/transcriptome.panicles.125827.tar.gz	transcriptome.panicles	125827	ASM_125827				
/home/labuser/rdcheng/gd/manual_files/transcriptome.panicles.127652.tar.gz	transcriptome.panicles	127652	ASM_127652				
/home/labuser/rdcheng/gd/manual_files/transcriptome.panicles.127742.tar.gz	transcriptome.panicles	127742	ASM_127742				
/home/labuser/rdcheng/gd/manual_files/transcriptome.panicles.128077.tar.gz	transcriptome.panicles	128077	ASM_128077				
/home/labuser/rdcheng/gd/manual_files/transcriptome.panicles.132278.tar.gz	transcriptome.panicles	132278	ASM_132278				
/home/labuser/rdcheng/gd/manual_files/transcriptome.panicles.Azucena.tar.gz	transcriptome.panicles	Azucena	ASM_Azucena				
/home/labuser/rdcheng/gd/manual_files/transcriptome.panicles.J4155S.tar.gz	transcriptome.panicles	J4155S	ASM_J4155S				
/home/labuser/rdcheng/gd/manual_files/transcriptome.panicles.LK638S.tar.gz	transcriptome.panicles	LK638S	ASM_LK638S				
/home/labuser/rdcheng/gd/manual_files/transcriptome.panicles.TF.tar.gz	transcriptome.panicles	TF	ASM_TF				
/home/labuser/rdcheng/gd/manual_files/transcriptome.root.02428.tar.gz	transcriptome.root	02428	ASM_02428				
/home/labuser/rdcheng/gd/manual_files/transcriptome.root.117425.tar.gz	transcriptome.root	117425	ASM_117425				
/home/labuser/rdcheng/gd/manual_files/transcriptome.root.117534.tar.gz	transcriptome.root	117534	ASM_117534				
/home/labuser/rdcheng/gd/manual_files/transcriptome.root.125619.tar.gz	transcriptome.root	125619	ASM_125619				
/home/labuser/rdcheng/gd/manual_files/transcriptome.root.125827.tar.gz	transcriptome.root	125827	ASM_125827				
/home/labuser/rdcheng/gd/manual_files/transcriptome.root.127518.tar.gz	transcriptome.root	127518	ASM_127518				
/home/labuser/rdcheng/gd/manual_files/transcriptome.root.127564.tar.gz	transcriptome.root	127564	ASM_127564				
/home/labuser/rdcheng/gd/manual_files/transcriptome.root.127652.tar.gz	transcriptome.root	127652	ASM_127652				
/home/labuser/rdcheng/gd/manual_files/transcriptome.root.127742.tar.gz	transcriptome.root	127742	ASM_127742				
/home/labuser/rdcheng/gd/manual_files/transcriptome.root.132278.tar.gz	transcriptome.root	132278	ASM_132278				
/home/labuser/rdcheng/gd/manual_files/transcriptome.root.132424.tar.gz	transcriptome.root	132424	ASM_132424				
/home/labuser/rdcheng/gd/manual_files/transcriptome.root.Azucena.tar.gz	transcriptome.root	Azucena	ASM_Azucena				
/home/labuser/rdcheng/gd/manual_files/transcriptome.root.Basmati1.tar.gz	transcriptome.root	Basmati1	ASM_Basmati1				
/home/labuser/rdcheng/gd/manual_files/transcriptome.root.CN1.tar.gz	transcriptome.root	CN1	ASM_CN1				
/home/labuser/rdcheng/gd/manual_files/transcriptome.root.D62.tar.gz	transcriptome.root	D62	ASM_D62				
/home/labuser/rdcheng/gd/manual_files/transcriptome.root.DG.tar.gz	transcriptome.root	DG	ASM_DG				
/home/labuser/rdcheng/gd/manual_files/transcriptome.root.DHX2.tar.gz	transcriptome.root	DHX2	ASM_DHX2				
/home/labuser/rdcheng/gd/manual_files/transcriptome.root.FH838.tar.gz	transcriptome.root	FH838	ASM_FH838				
/home/labuser/rdcheng/gd/manual_files/transcriptome.root.FS32.tar.gz	transcriptome.root	FS32	ASM_FS32				
/home/labuser/rdcheng/gd/manual_files/transcriptome.root.G46.tar.gz	transcriptome.root	G46	ASM_G46				
/home/labuser/rdcheng/gd/manual_files/transcriptome.root.G630.tar.gz	transcriptome.root	G630	ASM_G630				
/home/labuser/rdcheng/gd/manual_files/transcriptome.root.G8.tar.gz	transcriptome.root	G8	ASM_G8				
/home/labuser/rdcheng/gd/manual_files/transcriptome.root.II32.tar.gz	transcriptome.root	II32	ASM_II32				
/home/labuser/rdcheng/gd/manual_files/transcriptome.root.IR64.tar.gz	transcriptome.root	IR64	ASM_IR64				
/home/labuser/rdcheng/gd/manual_files/transcriptome.root.J4155.tar.gz	transcriptome.root	J4155	ASM_J4155				
/home/labuser/rdcheng/gd/manual_files/transcriptome.root.Kosh.tar.gz	transcriptome.root	Kosh	ASM_Kosh				
/home/labuser/rdcheng/gd/manual_files/transcriptome.root.KY131.tar.gz	transcriptome.root	KY131	ASM_KY131				
/home/labuser/rdcheng/gd/manual_files/transcriptome.root.Lemont.tar.gz	transcriptome.root	Lemont	ASM_Lemont				
/home/labuser/rdcheng/gd/manual_files/transcriptome.root.LJ.tar.gz	transcriptome.root	LJ	ASM_LJ				
/home/labuser/rdcheng/gd/manual_files/transcriptome.root.S548.tar.gz	transcriptome.root	S548	ASM_S548				
/home/labuser/rdcheng/gd/manual_files/transcriptome.root.TF.tar.gz	transcriptome.root	TF	ASM_TF				
/home/labuser/rdcheng/gd/manual_files/transcriptome.root.TM.tar.gz	transcriptome.root	TM	ASM_TM				
/home/labuser/rdcheng/gd/manual_files/transcriptome.root.Tumba.tar.gz	transcriptome.root	Tumba	ASM_Tumba				
/home/labuser/rdcheng/gd/manual_files/transcriptome.root.WSSM.tar.gz	transcriptome.root	WSSM	ASM_WSSM				
/home/labuser/rdcheng/gd/manual_files/transcriptome.root.Y3551.tar.gz	transcriptome.root	Y3551	ASM_Y3551				
/home/labuser/rdcheng/gd/manual_files/transcriptome.root.Y58S.tar.gz	transcriptome.root	Y58S	ASM_Y58S				
/home/labuser/rdcheng/gd/manual_files/transcriptome.root.YX1.tar.gz	transcriptome.root	YX1	ASM_YX1				
/home/labuser/rdcheng/gd/manual_files/transcriptome.shoot.02428.tar.gz	transcriptome.shoot	02428	ASM_02428				
/home/labuser/rdcheng/gd/manual_files/transcriptome.shoot.Basmati1.tar.gz	transcriptome.shoot	Basmati1	ASM_Basmati1				
/home/labuser/rdcheng/gd/manual_files/transcriptome.shoot.CN1.tar.gz	transcriptome.shoot	CN1	ASM_CN1				
/home/labuser/rdcheng/gd/manual_files/transcriptome.shoot.D62.tar.gz	transcriptome.shoot	D62	ASM_D62				
/home/labuser/rdcheng/gd/manual_files/transcriptome.shoot.DG.tar.gz	transcriptome.shoot	DG	ASM_DG				
/home/labuser/rdcheng/gd/manual_files/transcriptome.shoot.DHX2.tar.gz	transcriptome.shoot	DHX2	ASM_DHX2				
/home/labuser/rdcheng/gd/manual_files/transcriptome.shoot.FH838.tar.gz	transcriptome.shoot	FH838	ASM_FH838				
/home/labuser/rdcheng/gd/manual_files/transcriptome.shoot.FS32.tar.gz	transcriptome.shoot	FS32	ASM_FS32				
/home/labuser/rdcheng/gd/manual_files/transcriptome.shoot.G46.tar.gz	transcriptome.shoot	G46	ASM_G46				
/home/labuser/rdcheng/gd/manual_files/transcriptome.shoot.G630.tar.gz	transcriptome.shoot	G630	ASM_G630				
/home/labuser/rdcheng/gd/manual_files/transcriptome.shoot.G8.tar.gz	transcriptome.shoot	G8	ASM_G8				
/home/labuser/rdcheng/gd/manual_files/transcriptome.shoot.II32.tar.gz	transcriptome.shoot	II32	ASM_II32				
/home/labuser/rdcheng/gd/manual_files/genome.13-65.fasta	genome	13-65	ASM_13-65				
/home/labuser/rdcheng/gd/manual_files/transcriptome.shoot.IR64.tar.gz	transcriptome.shoot	IR64	ASM_IR64				
/home/labuser/rdcheng/gd/manual_files/transcriptome.shoot.J4155.tar.gz	transcriptome.shoot	J4155	ASM_J4155				
/home/labuser/rdcheng/gd/manual_files/transcriptome.shoot.Kosh.tar.gz	transcriptome.shoot	Kosh	ASM_Kosh				
/home/labuser/rdcheng/gd/manual_files/transcriptome.shoot.KY131.tar.gz	transcriptome.shoot	KY131	ASM_KY131				
/home/labuser/rdcheng/gd/manual_files/transcriptome.shoot.Lemont.tar.gz	transcriptome.shoot	Lemont	ASM_Lemont				
/home/labuser/rdcheng/gd/manual_files/transcriptome.shoot.LJ.tar.gz	transcriptome.shoot	LJ	ASM_LJ				
/home/labuser/rdcheng/gd/manual_files/transcriptome.shoot.R498.tar.gz	transcriptome.shoot	R498	ASM_R498				
/home/labuser/rdcheng/gd/manual_files/transcriptome.shoot.S548.tar.gz	transcriptome.shoot	S548	ASM_S548				
/home/labuser/rdcheng/gd/manual_files/transcriptome.shoot.TM.tar.gz	transcriptome.shoot	TM	ASM_TM				
/home/labuser/rdcheng/gd/manual_files/transcriptome.shoot.Tumba.tar.gz	transcriptome.shoot	Tumba	ASM_Tumba				
/home/labuser/rdcheng/gd/manual_files/transcriptome.shoot.WSSM.tar.gz	transcriptome.shoot	WSSM	ASM_WSSM				
/home/labuser/rdcheng/gd/manual_files/transcriptome.shoot.Y3551.tar.gz	transcriptome.shoot	Y3551	ASM_Y3551				
/home/labuser/rdcheng/gd/manual_files/transcriptome.shoot.Y58S.tar.gz	transcriptome.shoot	Y58S	ASM_Y58S				
/home/labuser/rdcheng/gd/manual_files/transcriptome.shoot.YX1.tar.gz	transcriptome.shoot	YX1	ASM_YX1				
/home/labuser/rdcheng/gd/manual_files/transcriptome.stem.TF.tar.gz	transcriptome.stem	TF	ASM_TF				
/home/labuser/rdcheng/gd/manual_files/genome.18WR-118.fasta	genome	18WR-118	ASM_18WR-118				
/home/labuser/rdcheng/gd/manual_files/genome.18XHB-49.fasta	genome	18XHB-49	ASM_18XHB-49				
/home/labuser/rdcheng/gd/manual_files/genome.18XHB-57.fasta	genome	18XHB-57	ASM_18XHB-57				
/home/labuser/rdcheng/gd/manual_files/genome.18XHB-83.fasta	genome	18XHB-83	ASM_18XHB-83				
/home/labuser/rdcheng/gd/manual_files/genome.2037(Rajahamsal).fasta	genome	2037(Rajahamsal)	ASM_2037(Rajahamsal)				
/home/labuser/rdcheng/gd/manual_files/genome.80050YR72136-43.fasta	genome	80050YR72136-43	ASM_80050YR72136-43				
/home/labuser/rdcheng/gd/manual_files/genome.80A97YR303-304-1-3.fasta	genome	80A97YR303-304-1-3	ASM_80A97YR303-304-1-3				
/home/labuser/rdcheng/gd/manual_files/genome.80B.fasta	genome	80B	ASM_80B				
/home/labuser/rdcheng/gd/manual_files/genome.9311_21cell.fasta	genome	9311_21cell	ASM_9311_21cell				
/home/labuser/rdcheng/gd/manual_files/genome.9311_22cr.fasta	genome	9311_22cr	ASM_9311_22cr				
/home/labuser/rdcheng/gd/manual_files/genome.A123.fasta	genome	A123	ASM_A123				
/home/labuser/rdcheng/gd/manual_files/genome.Aerjituo.fasta	genome	Aerjituo	ASM_Aerjituo				
/home/labuser/rdcheng/gd/manual_files/genome.Aihechi.fasta	genome	Aihechi	ASM_Aihechi				
/home/labuser/rdcheng/gd/manual_files/genome.Aijiaonante.fasta	genome	Aijiaonante	ASM_Aijiaonante				
/home/labuser/rdcheng/gd/manual_files/genome.Ailuyu.fasta	genome	Ailuyu	ASM_Ailuyu				
/home/labuser/rdcheng/gd/manual_files/genome.Aimakang.fasta	genome	Aimakang	ASM_Aimakang				
/home/labuser/rdcheng/gd/manual_files/genome.Aituogu 151.fasta	genome	Aituogu 151	ASM_Aituogu 151				
/home/labuser/rdcheng/gd/manual_files/genome.Aizizhan.fasta	genome	Aizizhan	ASM_Aizizhan				
/home/labuser/rdcheng/gd/manual_files/genome.Albania Rice.fasta	genome	Albania Rice	ASM_Albania Rice				
/home/labuser/rdcheng/gd/manual_files/genome.American Huangkedao.fasta	genome	American Huangkedao	ASM_American Huangkedao				
/home/labuser/rdcheng/gd/manual_files/genome.Baigedao.fasta	genome	Baigedao	ASM_Baigedao				
/home/labuser/rdcheng/gd/manual_files/genome.Baikehanhe.fasta	genome	Baikehanhe	ASM_Baikehanhe				
/home/labuser/rdcheng/gd/manual_files/genome.Baoxie -7B.fasta	genome	Baoxie -7B	ASM_Baoxie -7B				
/home/labuser/rdcheng/gd/manual_files/genome.Baoxuan 21.fasta	genome	Baoxuan 21	ASM_Baoxuan 21				
/home/labuser/rdcheng/gd/manual_files/genome.Bawangbian 1.fasta	genome	Bawangbian 1	ASM_Bawangbian 1				
/home/labuser/rdcheng/gd/manual_files/genome.Baxiang.fasta	genome	Baxiang	ASM_Baxiang				
/home/labuser/rdcheng/gd/manual_files/genome.Biwusheng.fasta	genome	Biwusheng	ASM_Biwusheng				
/home/labuser/rdcheng/gd/manual_files/genome.BRC 25-146-2-1.fasta	genome	BRC 25-146-2-1	ASM_BRC 25-146-2-1				
/home/labuser/rdcheng/gd/manual_files/genome.Buleida A-75.fasta	genome	Buleida A-75	ASM_Buleida A-75				
/home/labuser/rdcheng/gd/manual_files/genome.BW 293-2.fasta	genome	BW 293-2	ASM_BW 293-2				
/home/labuser/rdcheng/gd/manual_files/genome.C 894-21.fasta	genome	C 894-21	ASM_C 894-21				
/home/labuser/rdcheng/gd/manual_files/genome.CarolinaGoldSelect.fasta	genome	CarolinaGoldSelect	ASM_CarolinaGoldSelect				
/home/labuser/rdcheng/gd/manual_files/genome.CHANH 148.fasta	genome	CHANH 148	ASM_CHANH 148				
/home/labuser/rdcheng/gd/manual_files/genome.Chaoyangyihao B.fasta	genome	Chaoyangyihao B	ASM_Chaoyangyihao B				
/home/labuser/rdcheng/gd/manual_files/genome.Chengduai 3.fasta	genome	Chengduai 3	ASM_Chengduai 3				
/home/labuser/rdcheng/gd/manual_files/genome.Chengnongshuijing.fasta	genome	Chengnongshuijing	ASM_Chengnongshuijing				
/home/labuser/rdcheng/gd/manual_files/genome.Chenwan 3.fasta	genome	Chenwan 3	ASM_Chenwan 3				
/home/labuser/rdcheng/gd/manual_files/genome.Chimao.fasta	genome	Chimao	ASM_Chimao				
/home/labuser/rdcheng/gd/manual_files/genome.CISOKAN.fasta	genome	CISOKAN	ASM_CISOKAN				
/home/labuser/rdcheng/gd/manual_files/genome.CO 22.fasta	genome	CO 22	ASM_CO 22				
/home/labuser/rdcheng/gd/manual_files/genome.Cungunuo.fasta	genome	Cungunuo	ASM_Cungunuo				
/home/labuser/rdcheng/gd/manual_files/genome.Cunsanli.fasta	genome	Cunsanli	ASM_Cunsanli				
/home/labuser/rdcheng/gd/manual_files/genome.CW01.fasta	genome	CW01	ASM_CW01				
/home/labuser/rdcheng/gd/manual_files/genome.CW02.fasta	genome	CW02	ASM_CW02				
/home/labuser/rdcheng/gd/manual_files/genome.CW03.fasta	genome	CW03	ASM_CW03				
/home/labuser/rdcheng/gd/manual_files/genome.CW05.fasta	genome	CW05	ASM_CW05				
/home/labuser/rdcheng/gd/manual_files/genome.CW06.fasta	genome	CW06	ASM_CW06				
/home/labuser/rdcheng/gd/manual_files/genome.CW07.fasta	genome	CW07	ASM_CW07				
/home/labuser/rdcheng/gd/manual_files/genome.CW08.fasta	genome	CW08	ASM_CW08				
/home/labuser/rdcheng/gd/manual_files/genome.CW09.fasta	genome	CW09	ASM_CW09				
/home/labuser/rdcheng/gd/manual_files/genome.CW10.fasta	genome	CW10	ASM_CW10				
/home/labuser/rdcheng/gd/manual_files/genome.CW11.fasta	genome	CW11	ASM_CW11				
/home/labuser/rdcheng/gd/manual_files/genome.CW12.fasta	genome	CW12	ASM_CW12				
/home/labuser/rdcheng/gd/manual_files/genome.CW13.fasta	genome	CW13	ASM_CW13				
/home/labuser/rdcheng/gd/manual_files/genome.CW14.fasta	genome	CW14	ASM_CW14				
/home/labuser/rdcheng/gd/manual_files/genome.CW15.fasta	genome	CW15	ASM_CW15				
/home/labuser/rdcheng/gd/manual_files/genome.CW16.fasta	genome	CW16	ASM_CW16				
/home/labuser/rdcheng/gd/manual_files/genome.CW17.fasta	genome	CW17	ASM_CW17				
/home/labuser/rdcheng/gd/manual_files/genome.CW18.fasta	genome	CW18	ASM_CW18				
/home/labuser/rdcheng/gd/manual_files/genome.CW19.fasta	genome	CW19	ASM_CW19				
/home/labuser/rdcheng/gd/manual_files/genome.CW21.fasta	genome	CW21	ASM_CW21				
/home/labuser/rdcheng/gd/manual_files/genome.CW22.fasta	genome	CW22	ASM_CW22				
/home/labuser/rdcheng/gd/manual_files/genome.CW23.fasta	genome	CW23	ASM_CW23				
/home/labuser/rdcheng/gd/manual_files/genome.CW31.fasta	genome	CW31	ASM_CW31				
/home/labuser/rdcheng/gd/manual_files/genome.CW32.fasta	genome	CW32	ASM_CW32				
/home/labuser/rdcheng/gd/manual_files/genome.CW33.fasta	genome	CW33	ASM_CW33				
/home/labuser/rdcheng/gd/manual_files/genome.CW34.fasta	genome	CW34	ASM_CW34				
/home/labuser/rdcheng/gd/manual_files/genome.CW35.fasta	genome	CW35	ASM_CW35				
/home/labuser/rdcheng/gd/manual_files/genome.CW36.fasta	genome	CW36	ASM_CW36				
/home/labuser/rdcheng/gd/manual_files/genome.CW37.fasta	genome	CW37	ASM_CW37				
/home/labuser/rdcheng/gd/manual_files/genome.CX20.fasta	genome	CX20	ASM_CX20				
/home/labuser/rdcheng/gd/manual_files/genome.CX3.fasta	genome	CX3	ASM_CX3				
/home/labuser/rdcheng/gd/manual_files/genome.Dandongludao.fasta	genome	Dandongludao	ASM_Dandongludao				
/home/labuser/rdcheng/gd/manual_files/genome.Dangyu 5.fasta	genome	Dangyu 5	ASM_Dangyu 5				
/home/labuser/rdcheng/gd/manual_files/genome.DGB.fasta	genome	DGB	ASM_DGB				
/home/labuser/rdcheng/gd/manual_files/genome.Dianrui 409B.fasta	genome	Dianrui 409B	ASM_Dianrui 409B				
/home/labuser/rdcheng/gd/manual_files/genome.Djanda Mandja.fasta	genome	Djanda Mandja	ASM_Djanda Mandja				
/home/labuser/rdcheng/gd/manual_files/genome.Dongtingwanxian.fasta	genome	Dongtingwanxian	ASM_Dongtingwanxian				
/home/labuser/rdcheng/gd/manual_files/genome.Dumai.fasta	genome	Dumai	ASM_Dumai				
/home/labuser/rdcheng/gd/manual_files/genome.DXCWR.fasta	genome	DXCWR	ASM_DXCWR				
/home/labuser/rdcheng/gd/manual_files/genome.ECIA 179-S13.fasta	genome	ECIA 179-S13	ASM_ECIA 179-S13				
/home/labuser/rdcheng/gd/manual_files/genome.Esiniu.fasta	genome	Esiniu	ASM_Esiniu				
/home/labuser/rdcheng/gd/manual_files/genome.Fanhaopi.fasta	genome	Fanhaopi	ASM_Fanhaopi				
/home/labuser/rdcheng/gd/manual_files/genome.Funingzipigengzi.fasta	genome	Funingzipigengzi	ASM_Funingzipigengzi				
/home/labuser/rdcheng/gd/manual_files/genome.GM4.fasta	genome	GM4	ASM_GM4				
/home/labuser/rdcheng/gd/manual_files/genome.Gongchengxiang.fasta	genome	Gongchengxiang	ASM_Gongchengxiang				
/home/labuser/rdcheng/gd/manual_files/genome.Gongju 73.fasta	genome	Gongju 73	ASM_Gongju 73				
/home/labuser/rdcheng/gd/manual_files/genome.Guangluai 15-.fasta	genome	Guangluai 15-	ASM_Guangluai 15-				
/home/labuser/rdcheng/gd/manual_files/genome.Guangluai 4.fasta	genome	Guangluai 4	ASM_Guangluai 4				
/home/labuser/rdcheng/gd/manual_files/genome.Guizhao 2.fasta	genome	Guizhao 2	ASM_Guizhao 2				
/home/labuser/rdcheng/gd/manual_files/genome.GZ 1368-5-4.fasta	genome	GZ 1368-5-4	ASM_GZ 1368-5-4				
/home/labuser/rdcheng/gd/manual_files/genome.G Zhenshan 97B.fasta	genome	G Zhenshan 97B	ASM_G Zhenshan 97B				
/home/labuser/rdcheng/gd/manual_files/genome.Hanmadao4.fasta	genome	Hanmadao4	ASM_Hanmadao4				
/home/labuser/rdcheng/gd/manual_files/genome.Haobayong 1.fasta	genome	Haobayong 1	ASM_Haobayong 1				
/home/labuser/rdcheng/gd/manual_files/genome.Haomake (K).fasta	genome	Haomake (K)	ASM_Haomake (K)				
/home/labuser/rdcheng/gd/manual_files/genome.Haoxiang.fasta	genome	Haoxiang	ASM_Haoxiang				
/home/labuser/rdcheng/gd/manual_files/genome.HEG4.fasta	genome	HEG4	ASM_HEG4				
/home/labuser/rdcheng/gd/manual_files/genome.Heibiao.fasta	genome	Heibiao	ASM_Heibiao				
/home/labuser/rdcheng/gd/manual_files/genome.Heidu 4.fasta	genome	Heidu 4	ASM_Heidu 4				
/home/labuser/rdcheng/gd/manual_files/genome.Heimangdao.fasta	genome	Heimangdao	ASM_Heimangdao				
/home/labuser/rdcheng/gd/manual_files/genome.Hitomebore.fasta	genome	Hitomebore	ASM_Hitomebore				
/home/labuser/rdcheng/gd/manual_files/genome.Hongainuo.fasta	genome	Hongainuo	ASM_Hongainuo				
/home/labuser/rdcheng/gd/manual_files/genome.Honggenghangu3.fasta	genome	Honggenghangu3	ASM_Honggenghangu3				
/home/labuser/rdcheng/gd/manual_files/genome.Honggu.fasta	genome	Honggu	ASM_Honggu				
/home/labuser/rdcheng/gd/manual_files/genome.Hongmisandan.fasta	genome	Hongmisandan	ASM_Hongmisandan				
/home/labuser/rdcheng/gd/manual_files/genome.Hongse 90.fasta	genome	Hongse 90	ASM_Hongse 90				
/home/labuser/rdcheng/gd/manual_files/genome.Hongwan 1.fasta	genome	Hongwan 1	ASM_Hongwan 1				
/home/labuser/rdcheng/gd/manual_files/genome.HR-12.fasta	genome	HR-12	ASM_HR-12				
/home/labuser/rdcheng/gd/manual_files/genome.Huangsiguizhan.fasta	genome	Huangsiguizhan	ASM_Huangsiguizhan				
/home/labuser/rdcheng/gd/manual_files/genome.Huhui 91269.fasta	genome	Huhui 91269	ASM_Huhui 91269				
/home/labuser/rdcheng/gd/manual_files/genome.IR 10179-23-1-3.fasta	genome	IR 10179-23-1-3	ASM_IR 10179-23-1-3				
/home/labuser/rdcheng/gd/manual_files/genome.IR24.fasta	genome	IR24	ASM_IR24				
/home/labuser/rdcheng/gd/manual_files/genome.IR26.fasta	genome	IR26	ASM_IR26				
/home/labuser/rdcheng/gd/manual_files/genome.IR64_20sd.fasta	genome	IR64_20sd	ASM_IR64_20sd				
/home/labuser/rdcheng/gd/manual_files/genome.IR64_21cell.fasta	genome	IR64_21cell	ASM_IR64_21cell				
/home/labuser/rdcheng/gd/manual_files/genome.IR64_22cr.fasta	genome	IR64_22cr	ASM_IR64_22cr				
/home/labuser/rdcheng/gd/manual_files/genome.IR 661-1.fasta	genome	IR 661-1	ASM_IR 661-1				
/home/labuser/rdcheng/gd/manual_files/genome.IRAT 10.fasta	genome	IRAT 10	ASM_IRAT 10				
/home/labuser/rdcheng/gd/manual_files/genome.IRGC104165.fasta	genome	IRGC104165	ASM_IRGC104165				
/home/labuser/rdcheng/gd/manual_files/genome.ITA 221.fasta	genome	ITA 221	ASM_ITA 221				
/home/labuser/rdcheng/gd/manual_files/genome.J34.fasta	genome	J34	ASM_J34				
/home/labuser/rdcheng/gd/manual_files/genome.Jaibattey.fasta	genome	Jaibattey	ASM_Jaibattey				
/home/labuser/rdcheng/gd/manual_files/genome.Jiabala.fasta	genome	Jiabala	ASM_Jiabala				
/home/labuser/rdcheng/gd/manual_files/genome.Jianghuadao.fasta	genome	Jianghuadao	ASM_Jianghuadao				
/home/labuser/rdcheng/gd/manual_files/genome.Jiangnongzao 1 B.fasta	genome	Jiangnongzao 1 B	ASM_Jiangnongzao 1 B				
/home/labuser/rdcheng/gd/manual_files/genome.Jiayu253.fasta	genome	Jiayu253	ASM_Jiayu253				
/home/labuser/rdcheng/gd/manual_files/genome.Jiefangxian.fasta	genome	Jiefangxian	ASM_Jiefangxian				
/home/labuser/rdcheng/gd/manual_files/genome.Jiienuo.fasta	genome	Jiienuo	ASM_Jiienuo				
/home/labuser/rdcheng/gd/manual_files/genome.Jinbaoyin.fasta	genome	Jinbaoyin	ASM_Jinbaoyin				
/home/labuser/rdcheng/gd/manual_files/genome.Jindao 1.fasta	genome	Jindao 1	ASM_Jindao 1				
/home/labuser/rdcheng/gd/manual_files/genome.Jinghu3 B.fasta	genome	Jinghu3 B	ASM_Jinghu3 B				
/home/labuser/rdcheng/gd/manual_files/genome.Jinnante 43B.fasta	genome	Jinnante 43B	ASM_Jinnante 43B				
/home/labuser/rdcheng/gd/manual_files/genome.Jinxibai2.fasta	genome	Jinxibai2	ASM_Jinxibai2				
/home/labuser/rdcheng/gd/manual_files/genome.Jinzhinuo4.fasta	genome	Jinzhinuo4	ASM_Jinzhinuo4				
/home/labuser/rdcheng/gd/manual_files/genome.JWR 221.fasta	genome	JWR 221	ASM_JWR 221				
/home/labuser/rdcheng/gd/manual_files/genome.K 24.fasta	genome	K 24	ASM_K 24				
/home/labuser/rdcheng/gd/manual_files/genome.Kahamu.fasta	genome	Kahamu	ASM_Kahamu				
/home/labuser/rdcheng/gd/manual_files/genome.Kasalath.fasta	genome	Kasalath	ASM_Kasalath				
/home/labuser/rdcheng/gd/manual_files/genome.Keluoduo B.fasta	genome	Keluoduo B	ASM_Keluoduo B				
/home/labuser/rdcheng/gd/manual_files/genome.KitaakeX.fasta	genome	KitaakeX	ASM_KitaakeX				
/home/labuser/rdcheng/gd/manual_files/genome.L 301B.fasta	genome	L 301B	ASM_L 301B				
/home/labuser/rdcheng/gd/manual_files/genome.Lamujia.fasta	genome	Lamujia	ASM_Lamujia				
/home/labuser/rdcheng/gd/manual_files/genome.LanSheng.fasta	genome	LanSheng	ASM_LanSheng				
/home/labuser/rdcheng/gd/manual_files/genome.Laoguangtou 83.fasta	genome	Laoguangtou 83	ASM_Laoguangtou 83				
/home/labuser/rdcheng/gd/manual_files/genome.Laohongdao.fasta	genome	Laohongdao	ASM_Laohongdao				
/home/labuser/rdcheng/gd/manual_files/genome.Laozaogu.fasta	genome	Laozaogu	ASM_Laozaogu				
/home/labuser/rdcheng/gd/manual_files/genome.Lemont_21cell.fasta	genome	Lemont_21cell	ASM_Lemont_21cell				
/home/labuser/rdcheng/gd/manual_files/genome.lemont_22cr.fasta	genome	lemont_22cr	ASM_lemont_22cr				
/home/labuser/rdcheng/gd/manual_files/genome.Lengshuigu 2.fasta	genome	Lengshuigu 2	ASM_Lengshuigu 2				
/home/labuser/rdcheng/gd/manual_files/genome.Lengshuinuo.fasta	genome	Lengshuinuo	ASM_Lengshuinuo				
/home/labuser/rdcheng/gd/manual_files/genome.Liming B.fasta	genome	Liming B	ASM_Liming B				
/home/labuser/rdcheng/gd/manual_files/genome.Linguo.fasta	genome	Linguo	ASM_Linguo				
/home/labuser/rdcheng/gd/manual_files/genome.Liusha 1.fasta	genome	Liusha 1	ASM_Liusha 1				
/home/labuser/rdcheng/gd/manual_files/genome.Liushizao.fasta	genome	Liushizao	ASM_Liushizao				
/home/labuser/rdcheng/gd/manual_files/genome.Longhuamaohu.fasta	genome	Longhuamaohu	ASM_Longhuamaohu				
/home/labuser/rdcheng/gd/manual_files/genome.Lucaihao.fasta	genome	Lucaihao	ASM_Lucaihao				
/home/labuser/rdcheng/gd/manual_files/genome.Luke 3.fasta	genome	Luke 3	ASM_Luke 3				
/home/labuser/rdcheng/gd/manual_files/genome.Malaihong.fasta	genome	Malaihong	ASM_Malaihong				
/home/labuser/rdcheng/gd/manual_files/genome.Mamagu.fasta	genome	Mamagu	ASM_Mamagu				
/home/labuser/rdcheng/gd/manual_files/genome.Meihuanuo.fasta	genome	Meihuanuo	ASM_Meihuanuo				
/home/labuser/rdcheng/gd/manual_files/genome.Menjiading 2.fasta	genome	Menjiading 2	ASM_Menjiading 2				
/home/labuser/rdcheng/gd/manual_files/genome.Menjiagao 1.fasta	genome	Menjiagao 1	ASM_Menjiagao 1				
/home/labuser/rdcheng/gd/manual_files/genome.Minbeiwanxian.fasta	genome	Minbeiwanxian	ASM_Minbeiwanxian				
/home/labuser/rdcheng/gd/manual_files/genome.Miyang46.fasta	genome	Miyang46	ASM_Miyang46				
/home/labuser/rdcheng/gd/manual_files/genome.Momi.fasta	genome	Momi	ASM_Momi				
/home/labuser/rdcheng/gd/manual_files/genome.Mowangguneiza.fasta	genome	Mowangguneiza	ASM_Mowangguneiza				
/home/labuser/rdcheng/gd/manual_files/genome.Muguanuo.fasta	genome	Muguanuo	ASM_Muguanuo				
/home/labuser/rdcheng/gd/manual_files/genome.Muxiqiu.fasta	genome	Muxiqiu	ASM_Muxiqiu				
/home/labuser/rdcheng/gd/manual_files/genome.N22_21cell.fasta	genome	N22_21cell	ASM_N22_21cell				
/home/labuser/rdcheng/gd/manual_files/genome.N22_22cr.fasta	genome	N22_22cr	ASM_N22_22cr				
/home/labuser/rdcheng/gd/manual_files/genome.Nabated A Smar.fasta	genome	Nabated A Smar	ASM_Nabated A Smar				
/home/labuser/rdcheng/gd/manual_files/genome.Nangaogu.fasta	genome	Nangaogu	ASM_Nangaogu				
/home/labuser/rdcheng/gd/manual_files/genome.Nanjing 11.fasta	genome	Nanjing 11	ASM_Nanjing 11				
/home/labuser/rdcheng/gd/manual_files/genome.Nanoay P.A.fasta	genome	Nanoay P.A	ASM_Nanoay P.A				
/home/labuser/rdcheng/gd/manual_files/genome.Nantehao.fasta	genome	Nantehao	ASM_Nantehao				
/home/labuser/rdcheng/gd/manual_files/genome.Nanxiongzaoyouzhan.fasta	genome	Nanxiongzaoyouzhan	ASM_Nanxiongzaoyouzhan				
/home/labuser/rdcheng/gd/manual_files/genome.NH265.fasta	genome	NH265	ASM_NH265				
/home/labuser/rdcheng/gd/manual_files/genome.NH266.fasta	genome	NH266	ASM_NH266				
/home/labuser/rdcheng/gd/manual_files/genome.NH267.fasta	genome	NH267	ASM_NH267				
/home/labuser/rdcheng/gd/manual_files/genome.NH268.fasta	genome	NH268	ASM_NH268				
/home/labuser/rdcheng/gd/manual_files/genome.NH269.fasta	genome	NH269	ASM_NH269				
/home/labuser/rdcheng/gd/manual_files/genome.NH270.fasta	genome	NH270	ASM_NH270				
/home/labuser/rdcheng/gd/manual_files/genome.NH271.fasta	genome	NH271	ASM_NH271				
/home/labuser/rdcheng/gd/manual_files/genome.NH272.fasta	genome	NH272	ASM_NH272				
/home/labuser/rdcheng/gd/manual_files/genome.NH273.fasta	genome	NH273	ASM_NH273				
/home/labuser/rdcheng/gd/manual_files/genome.NH274.fasta	genome	NH274	ASM_NH274				
/home/labuser/rdcheng/gd/manual_files/genome.NH275.fasta	genome	NH275	ASM_NH275				
/home/labuser/rdcheng/gd/manual_files/genome.NH277.fasta	genome	NH277	ASM_NH277				
/home/labuser/rdcheng/gd/manual_files/genome.NH278.fasta	genome	NH278	ASM_NH278				
/home/labuser/rdcheng/gd/manual_files/genome.NH279.fasta	genome	NH279	ASM_NH279				
/home/labuser/rdcheng/gd/manual_files/genome.NH280.fasta	genome	NH280	ASM_NH280				
/home/labuser/rdcheng/gd/manual_files/genome.NH281.fasta	genome	NH281	ASM_NH281				
/home/labuser/rdcheng/gd/manual_files/genome.NH282.fasta	genome	NH282	ASM_NH282				
/home/labuser/rdcheng/gd/manual_files/genome.NH283.fasta	genome	NH283	ASM_NH283				
/home/labuser/rdcheng/gd/manual_files/genome.NH284.fasta	genome	NH284	ASM_NH284				
/home/labuser/rdcheng/gd/manual_files/genome.NH285.fasta	genome	NH285	ASM_NH285				
/home/labuser/rdcheng/gd/manual_files/genome.NH286.fasta	genome	NH286	ASM_NH286				
/home/labuser/rdcheng/gd/manual_files/genome.Ninghui 21.fasta	genome	Ninghui 21	ASM_Ninghui 21				
/home/labuser/rdcheng/gd/manual_files/genome.NJ11.fasta	genome	NJ11	ASM_NJ11				
/home/labuser/rdcheng/gd/manual_files/genome.NJ6.fasta	genome	NJ6	ASM_NJ6				
/home/labuser/rdcheng/gd/manual_files/genome.Npb-MSU.fasta	genome	Npb-MSU	ASM_Npb-MSU				
/home/labuser/rdcheng/gd/manual_files/genome.Npb-T2T.fasta	genome	Npb-T2T	ASM_Npb-T2T				
/home/labuser/rdcheng/gd/manual_files/genome.P1790-5-1M-4-5M-1B-3M-B.fasta	genome	P1790-5-1M-4-5M-1B-3M-B	ASM_P1790-5-1M-4-5M-1B-3M-B				
/home/labuser/rdcheng/gd/manual_files/genome.PA64S.fasta	genome	PA64S	ASM_PA64S				
/home/labuser/rdcheng/gd/manual_files/genome.Pei C122.fasta	genome	Pei C122	ASM_Pei C122				
/home/labuser/rdcheng/gd/manual_files/genome.PI653432.fasta	genome	PI653432	ASM_PI653432				
/home/labuser/rdcheng/gd/manual_files/genome.PI653439.fasta	genome	PI653439	ASM_PI653439				
/home/labuser/rdcheng/gd/manual_files/genome.PMS 10B.fasta	genome	PMS 10B	ASM_PMS 10B				
/home/labuser/rdcheng/gd/manual_files/genome.PPR1.fasta	genome	PPR1	ASM_PPR1				
/home/labuser/rdcheng/gd/manual_files/genome.Qianchonglang2.fasta	genome	Qianchonglang2	ASM_Qianchonglang2				
/home/labuser/rdcheng/gd/manual_files/genome.Qingke.fasta	genome	Qingke	ASM_Qingke				
/home/labuser/rdcheng/gd/manual_files/genome.Qingnuo Kyohatamochi.fasta	genome	Qingnuo Kyohatamochi	ASM_Qingnuo Kyohatamochi				
/home/labuser/rdcheng/gd/manual_files/genome.Qingsiai 16B.fasta	genome	Qingsiai 16B	ASM_Qingsiai 16B				
/home/labuser/rdcheng/gd/manual_files/genome.Qitoubaigu3.fasta	genome	Qitoubaigu3	ASM_Qitoubaigu3				
/home/labuser/rdcheng/gd/manual_files/genome.Qitougu.fasta	genome	Qitougu	ASM_Qitougu				
/home/labuser/rdcheng/gd/manual_files/genome.Qiuqianbai.fasta	genome	Qiuqianbai	ASM_Qiuqianbai				
/home/labuser/rdcheng/gd/manual_files/genome.Qiutianxiaoting.fasta	genome	Qiutianxiaoting	ASM_Qiutianxiaoting				
/home/labuser/rdcheng/gd/manual_files/genome.QUAN.fasta	genome	QUAN	ASM_QUAN				
/home/labuser/rdcheng/gd/manual_files/genome.R42.fasta	genome	R42	ASM_R42				
/home/labuser/rdcheng/gd/manual_files/genome.RD23.fasta	genome	RD23	ASM_RD23				
/home/labuser/rdcheng/gd/manual_files/genome.Rohini.fasta	genome	Rohini	ASM_Rohini				
/home/labuser/rdcheng/gd/manual_files/genome.RP 1570-44-1.fasta	genome	RP 1570-44-1	ASM_RP 1570-44-1				
/home/labuser/rdcheng/gd/manual_files/genome.RP-Bio-226.fasta	genome	RP-Bio-226	ASM_RP-Bio-226				
/home/labuser/rdcheng/gd/manual_files/genome.RY2.fasta	genome	RY2	ASM_RY2				
/home/labuser/rdcheng/gd/manual_files/genome.Sanbaili.fasta	genome	Sanbaili	ASM_Sanbaili				
/home/labuser/rdcheng/gd/manual_files/genome.SanQishiluo.fasta	genome	SanQishiluo	ASM_SanQishiluo				
/home/labuser/rdcheng/gd/manual_files/genome.Sansuijin.fasta	genome	Sansuijin	ASM_Sansuijin				
/home/labuser/rdcheng/gd/manual_files/genome.Seln 244A6-20.fasta	genome	Seln 244A6-20	ASM_Seln 244A6-20				
/home/labuser/rdcheng/gd/manual_files/genome.Shufeng 101.fasta	genome	Shufeng 101	ASM_Shufeng 101				
/home/labuser/rdcheng/gd/manual_files/genome.SLK 2-18-2.fasta	genome	SLK 2-18-2	ASM_SLK 2-18-2				
/home/labuser/rdcheng/gd/manual_files/genome.Sri Lanka 1.fasta	genome	Sri Lanka 1	ASM_Sri Lanka 1				
/home/labuser/rdcheng/gd/manual_files/genome.Taidongludao.fasta	genome	Taidongludao	ASM_Taidongludao				
/home/labuser/rdcheng/gd/manual_files/genome.Taishannuo.fasta	genome	Taishannuo	ASM_Taishannuo				
/home/labuser/rdcheng/gd/manual_files/genome.Taizhongzailai 1.fasta	genome	Taizhongzailai 1	ASM_Taizhongzailai 1				
/home/labuser/rdcheng/gd/manual_files/genome.Teqingxuanhui.fasta	genome	Teqingxuanhui	ASM_Teqingxuanhui				
/home/labuser/rdcheng/gd/manual_files/genome.Tetep.fasta	genome	Tetep	ASM_Tetep				
/home/labuser/rdcheng/gd/manual_files/genome.TG10.fasta	genome	TG10	ASM_TG10				
/home/labuser/rdcheng/gd/manual_files/genome.TG11.fasta	genome	TG11	ASM_TG11				
/home/labuser/rdcheng/gd/manual_files/genome.TG12.fasta	genome	TG12	ASM_TG12				
/home/labuser/rdcheng/gd/manual_files/genome.TG13.fasta	genome	TG13	ASM_TG13				
/home/labuser/rdcheng/gd/manual_files/genome.TG15.fasta	genome	TG15	ASM_TG15				
/home/labuser/rdcheng/gd/manual_files/genome.TG16.fasta	genome	TG16	ASM_TG16				
/home/labuser/rdcheng/gd/manual_files/genome.TG18.fasta	genome	TG18	ASM_TG18				
/home/labuser/rdcheng/gd/manual_files/genome.TG1.fasta	genome	TG1	ASM_TG1				
/home/labuser/rdcheng/gd/manual_files/genome.TG21.fasta	genome	TG21	ASM_TG21				
/home/labuser/rdcheng/gd/manual_files/genome.TG24.fasta	genome	TG24	ASM_TG24				
/home/labuser/rdcheng/gd/manual_files/genome.TG28.fasta	genome	TG28	ASM_TG28				
/home/labuser/rdcheng/gd/manual_files/genome.TG2.fasta	genome	TG2	ASM_TG2				
/home/labuser/rdcheng/gd/manual_files/genome.TG30.fasta	genome	TG30	ASM_TG30				
/home/labuser/rdcheng/gd/manual_files/genome.TG32.fasta	genome	TG32	ASM_TG32				
/home/labuser/rdcheng/gd/manual_files/genome.TG34.fasta	genome	TG34	ASM_TG34				
/home/labuser/rdcheng/gd/manual_files/genome.TG43.fasta	genome	TG43	ASM_TG43				
/home/labuser/rdcheng/gd/manual_files/genome.TG45.fasta	genome	TG45	ASM_TG45				
/home/labuser/rdcheng/gd/manual_files/genome.TG46.fasta	genome	TG46	ASM_TG46				
/home/labuser/rdcheng/gd/manual_files/genome.TG4.fasta	genome	TG4	ASM_TG4				
/home/labuser/rdcheng/gd/manual_files/genome.TG51.fasta	genome	TG51	ASM_TG51				
/home/labuser/rdcheng/gd/manual_files/genome.TG54.fasta	genome	TG54	ASM_TG54				
/home/labuser/rdcheng/gd/manual_files/genome.TG58.fasta	genome	TG58	ASM_TG58				
/home/labuser/rdcheng/gd/manual_files/genome.TG5.fasta	genome	TG5	ASM_TG5				
/home/labuser/rdcheng/gd/manual_files/genome.TG60.fasta	genome	TG60	ASM_TG60				
/home/labuser/rdcheng/gd/manual_files/genome.TG62.fasta	genome	TG62	ASM_TG62				
/home/labuser/rdcheng/gd/manual_files/genome.TG75.fasta	genome	TG75	ASM_TG75				
/home/labuser/rdcheng/gd/manual_files/genome.TG76.fasta	genome	TG76	ASM_TG76				
/home/labuser/rdcheng/gd/manual_files/genome.TG77.fasta	genome	TG77	ASM_TG77				
/home/labuser/rdcheng/gd/manual_files/genome.TG78.fasta	genome	TG78	ASM_TG78				
/home/labuser/rdcheng/gd/manual_files/genome.TG7.fasta	genome	TG7	ASM_TG7				
/home/labuser/rdcheng/gd/manual_files/genome.TG82.fasta	genome	TG82	ASM_TG82				
/home/labuser/rdcheng/gd/manual_files/genome.TG83.fasta	genome	TG83	ASM_TG83				
/home/labuser/rdcheng/gd/manual_files/genome.TG84.fasta	genome	TG84	ASM_TG84				
/home/labuser/rdcheng/gd/manual_files/genome.TG86.fasta	genome	TG86	ASM_TG86				
/home/labuser/rdcheng/gd/manual_files/genome.TG87.fasta	genome	TG87	ASM_TG87				
/home/labuser/rdcheng/gd/manual_files/genome.TG88.fasta	genome	TG88	ASM_TG88				
/home/labuser/rdcheng/gd/manual_files/genome.TG8.fasta	genome	TG8	ASM_TG8				
/home/labuser/rdcheng/gd/manual_files/genome.Tjantajan.fasta	genome	Tjantajan	ASM_Tjantajan				
/home/labuser/rdcheng/gd/manual_files/genome.TN1.fasta	genome	TN1	ASM_TN1				
/home/labuser/rdcheng/gd/manual_files/genome.TQ.fasta	genome	TQ	ASM_TQ				
/home/labuser/rdcheng/gd/manual_files/genome.Vietnam Zaodao.fasta	genome	Vietnam Zaodao	ASM_Vietnam Zaodao				
/home/labuser/rdcheng/gd/manual_files/genome.W1411.fasta	genome	W1411	ASM_W1411				
/home/labuser/rdcheng/gd/manual_files/genome.W2014.fasta	genome	W2014	ASM_W2014				
/home/labuser/rdcheng/gd/manual_files/genome.Wanlixian.fasta	genome	Wanlixian	ASM_Wanlixian				
/home/labuser/rdcheng/gd/manual_files/genome.Wanshi.fasta	genome	Wanshi	ASM_Wanshi				
/home/labuser/rdcheng/gd/manual_files/genome.Weiguo.fasta	genome	Weiguo	ASM_Weiguo				
/home/labuser/rdcheng/gd/manual_files/genome.Wenxiangnuo.fasta	genome	Wenxiangnuo	ASM_Wenxiangnuo				
/home/labuser/rdcheng/gd/manual_files/genome.wild111.fasta	genome	wild111	ASM_wild111				
/home/labuser/rdcheng/gd/manual_files/genome.wild12.fasta	genome	wild12	ASM_wild12				
/home/labuser/rdcheng/gd/manual_files/genome.wild131.fasta	genome	wild131	ASM_wild131				
/home/labuser/rdcheng/gd/manual_files/genome.wild219.fasta	genome	wild219	ASM_wild219				
/home/labuser/rdcheng/gd/manual_files/genome.wild273.fasta	genome	wild273	ASM_wild273				
/home/labuser/rdcheng/gd/manual_files/genome.wild65.fasta	genome	wild65	ASM_wild65				
/home/labuser/rdcheng/gd/manual_files/genome.Wuziluosi 215.fasta	genome	Wuziluosi 215	ASM_Wuziluosi 215				
/home/labuser/rdcheng/gd/manual_files/genome.WYJ7.fasta	genome	WYJ7	ASM_WYJ7				
/home/labuser/rdcheng/gd/manual_files/genome.Xiangai B.fasta	genome	Xiangai B	ASM_Xiangai B				
/home/labuser/rdcheng/gd/manual_files/genome.Xiangaizao 10hao.fasta	genome	Xiangaizao 10hao	ASM_Xiangaizao 10hao				
/home/labuser/rdcheng/gd/manual_files/genome.Xiangdao.fasta	genome	Xiangdao	ASM_Xiangdao				
/home/labuser/rdcheng/gd/manual_files/genome.Xianggu.fasta	genome	Xianggu	ASM_Xianggu				
/home/labuser/rdcheng/gd/manual_files/genome.Xiangwanxian 3.fasta	genome	Xiangwanxian 3	ASM_Xiangwanxian 3				
/home/labuser/rdcheng/gd/manual_files/genome.Xiangzaoxian 7.fasta	genome	Xiangzaoxian 7	ASM_Xiangzaoxian 7				
/home/labuser/rdcheng/gd/manual_files/genome.Xianluosichi.fasta	genome	Xianluosichi	ASM_Xianluosichi				
/home/labuser/rdcheng/gd/manual_files/genome.Xiaobaimi.fasta	genome	Xiaobaimi	ASM_Xiaobaimi				
/home/labuser/rdcheng/gd/manual_files/genome.Xiaohonggu.fasta	genome	Xiaohonggu	ASM_Xiaohonggu				
/home/labuser/rdcheng/gd/manual_files/genome.Xishi 15.fasta	genome	Xishi 15	ASM_Xishi 15				
/home/labuser/rdcheng/gd/manual_files/genome.Xuanenchangtanqingzhan.fasta	genome	Xuanenchangtanqingzhan	ASM_Xuanenchangtanqingzhan				
/home/labuser/rdcheng/gd/manual_files/genome.Xugunuo.fasta	genome	Xugunuo	ASM_Xugunuo				
/home/labuser/rdcheng/gd/manual_files/genome.Yangkenuo.fasta	genome	Yangkenuo	ASM_Yangkenuo				
/home/labuser/rdcheng/gd/manual_files/genome.Yanshuichi.fasta	genome	Yanshuichi	ASM_Yanshuichi				
/home/labuser/rdcheng/gd/manual_files/genome.YCW03.fasta	genome	YCW03	ASM_YCW03				
/home/labuser/rdcheng/gd/manual_files/genome.Yelicanghua.fasta	genome	Yelicanghua	ASM_Yelicanghua				
/home/labuser/rdcheng/gd/manual_files/genome.Yikong.fasta	genome	Yikong	ASM_Yikong				
/home/labuser/rdcheng/gd/manual_files/genome.Younian.fasta	genome	Younian	ASM_Younian				
/home/labuser/rdcheng/gd/manual_files/genome.YR196.fasta	genome	YR196	ASM_YR196				
/home/labuser/rdcheng/gd/manual_files/genome.Yuyannuo.fasta	genome	Yuyannuo	ASM_Yuyannuo				
/home/labuser/rdcheng/gd/manual_files/genome.YZ-2.fasta	genome	YZ-2	ASM_YZ-2				
/home/labuser/rdcheng/gd/manual_files/genome.Zaoshengbai.fasta	genome	Zaoshengbai	ASM_Zaoshengbai				
/home/labuser/rdcheng/gd/manual_files/genome.Zaoshunonghu 6.fasta	genome	Zaoshunonghu 6	ASM_Zaoshunonghu 6				
/home/labuser/rdcheng/gd/manual_files/genome.Zaoshuxiangheimi.fasta	genome	Zaoshuxiangheimi	ASM_Zaoshuxiangheimi				
/home/labuser/rdcheng/gd/manual_files/genome.Zaoxian 240.fasta	genome	Zaoxian 240	ASM_Zaoxian 240				
/home/labuser/rdcheng/gd/manual_files/genome.ZCD.fasta	genome	ZCD	ASM_ZCD				
/home/labuser/rdcheng/gd/manual_files/genome.Zhendao 232.fasta	genome	Zhendao 232	ASM_Zhendao 232				
/home/labuser/rdcheng/gd/manual_files/genome.Zhenfu 8.fasta	genome	Zhenfu 8	ASM_Zhenfu 8				
/home/labuser/rdcheng/gd/manual_files/genome.Zhengdao 5.fasta	genome	Zhengdao 5	ASM_Zhengdao 5				
/home/labuser/rdcheng/gd/manual_files/genome.Zhuyuan.fasta	genome	Zhuyuan	ASM_Zhuyuan				
/home/labuser/rdcheng/gd/manual_files/genome.Zhuzhen B.fasta	genome	Zhuzhen B	ASM_Zhuzhen B				
/home/labuser/rdcheng/gd/manual_files/genome.Zimangfeie.fasta	genome	Zimangfeie	ASM_Zimangfeie				
/home/labuser/rdcheng/gd/manual_files/genome.Zinuo.fasta	genome	Zinuo	ASM_Zinuo				
/home/labuser/rdcheng/gd/manual_files/annotation.117534_N22_18ng.gff	annotation	117534_N22_18ng	ASM_117534_N22_18ng	ANN_117534_N22_18ng			
/home/labuser/rdcheng/gd/manual_files/annotation.13-65.gff	annotation	13-65	ASM_13-65	ANN_13-65			
/home/labuser/rdcheng/gd/manual_files/annotation.18WR-118.gff	annotation	18WR-118	ASM_18WR-118	ANN_18WR-118			
/home/labuser/rdcheng/gd/manual_files/annotation.18XHB-49.gff	annotation	18XHB-49	ASM_18XHB-49	ANN_18XHB-49			
/home/labuser/rdcheng/gd/manual_files/annotation.18XHB-57.gff	annotation	18XHB-57	ASM_18XHB-57	ANN_18XHB-57			
/home/labuser/rdcheng/gd/manual_files/annotation.18XHB-83.gff	annotation	18XHB-83	ASM_18XHB-83	ANN_18XHB-83			
/home/labuser/rdcheng/gd/manual_files/annotation.2037(Rajahamsal).gff	annotation	2037(Rajahamsal)	ASM_2037(Rajahamsal)	ANN_2037(Rajahamsal)			
/home/labuser/rdcheng/gd/manual_files/annotation.80050YR72136-43.gff	annotation	80050YR72136-43	ASM_80050YR72136-43	ANN_80050YR72136-43			
/home/labuser/rdcheng/gd/manual_files/annotation.80A97YR303-304-1-3.gff	annotation	80A97YR303-304-1-3	ASM_80A97YR303-304-1-3	ANN_80A97YR303-304-1-3			
/home/labuser/rdcheng/gd/manual_files/annotation.80B.gff	annotation	80B	ASM_80B	ANN_80B			
/home/labuser/rdcheng/gd/manual_files/annotation.9311_21cell.gff	annotation	9311_21cell	ASM_9311_21cell	ANN_9311_21cell			
/home/labuser/rdcheng/gd/manual_files/annotation.9311_22cr.gff	annotation	9311_22cr	ASM_9311_22cr	ANN_9311_22cr			
/home/labuser/rdcheng/gd/manual_files/annotation.Aerjituo.gff	annotation	Aerjituo	ASM_Aerjituo	ANN_Aerjituo			
/home/labuser/rdcheng/gd/manual_files/annotation.Aihechi.gff	annotation	Aihechi	ASM_Aihechi	ANN_Aihechi			
/home/labuser/rdcheng/gd/manual_files/annotation.Aijiaonante.gff	annotation	Aijiaonante	ASM_Aijiaonante	ANN_Aijiaonante			
/home/labuser/rdcheng/gd/manual_files/annotation.Ailuyu.gff	annotation	Ailuyu	ASM_Ailuyu	ANN_Ailuyu			
/home/labuser/rdcheng/gd/manual_files/annotation.Aimakang.gff	annotation	Aimakang	ASM_Aimakang	ANN_Aimakang			
/home/labuser/rdcheng/gd/manual_files/annotation.Aituogu 151.gff	annotation	Aituogu 151	ASM_Aituogu 151	ANN_Aituogu 151			
/home/labuser/rdcheng/gd/manual_files/annotation.Aizizhan.gff	annotation	Aizizhan	ASM_Aizizhan	ANN_Aizizhan			
/home/labuser/rdcheng/gd/manual_files/annotation.Albania Rice.gff	annotation	Albania Rice	ASM_Albania Rice	ANN_Albania Rice			
/home/labuser/rdcheng/gd/manual_files/annotation.American Huangkedao.gff	annotation	American Huangkedao	ASM_American Huangkedao	ANN_American Huangkedao			
/home/labuser/rdcheng/gd/manual_files/annotation.Baigedao.gff	annotation	Baigedao	ASM_Baigedao	ANN_Baigedao			
/home/labuser/rdcheng/gd/manual_files/annotation.Baikehanhe.gff	annotation	Baikehanhe	ASM_Baikehanhe	ANN_Baikehanhe			
/home/labuser/rdcheng/gd/manual_files/annotation.Baoxie -7B.gff	annotation	Baoxie -7B	ASM_Baoxie -7B	ANN_Baoxie -7B			
/home/labuser/rdcheng/gd/manual_files/annotation.Baoxuan 21.gff	annotation	Baoxuan 21	ASM_Baoxuan 21	ANN_Baoxuan 21			
/home/labuser/rdcheng/gd/manual_files/annotation.Bawangbian 1.gff	annotation	Bawangbian 1	ASM_Bawangbian 1	ANN_Bawangbian 1			
/home/labuser/rdcheng/gd/manual_files/annotation.Baxiang.gff	annotation	Baxiang	ASM_Baxiang	ANN_Baxiang			
/home/labuser/rdcheng/gd/manual_files/annotation.Biwusheng.gff	annotation	Biwusheng	ASM_Biwusheng	ANN_Biwusheng			
/home/labuser/rdcheng/gd/manual_files/annotation.BRC 25-146-2-1.gff	annotation	BRC 25-146-2-1	ASM_BRC 25-146-2-1	ANN_BRC 25-146-2-1			
/home/labuser/rdcheng/gd/manual_files/annotation.Buleida A-75.gff	annotation	Buleida A-75	ASM_Buleida A-75	ANN_Buleida A-75			
/home/labuser/rdcheng/gd/manual_files/annotation.BW 293-2.gff	annotation	BW 293-2	ASM_BW 293-2	ANN_BW 293-2			
/home/labuser/rdcheng/gd/manual_files/annotation.C 894-21.gff	annotation	C 894-21	ASM_C 894-21	ANN_C 894-21			
/home/labuser/rdcheng/gd/manual_files/annotation.CG14.IGDBv1.Allset.gff	annotation	CG14	ASM_CG14	ANN_CG14_IGDBv1_Allset			
/home/labuser/rdcheng/gd/manual_files/annotation.CHANH 148.gff	annotation	CHANH 148	ASM_CHANH 148	ANN_CHANH 148			
/home/labuser/rdcheng/gd/manual_files/annotation.Chaoyangyihao B.gff	annotation	Chaoyangyihao B	ASM_Chaoyangyihao B	ANN_Chaoyangyihao B			
/home/labuser/rdcheng/gd/manual_files/annotation.Chengduai 3.gff	annotation	Chengduai 3	ASM_Chengduai 3	ANN_Chengduai 3			
/home/labuser/rdcheng/gd/manual_files/annotation.Chengnongshuijing.gff	annotation	Chengnongshuijing	ASM_Chengnongshuijing	ANN_Chengnongshuijing			
/home/labuser/rdcheng/gd/manual_files/annotation.Chenwan 3.gff	annotation	Chenwan 3	ASM_Chenwan 3	ANN_Chenwan 3			
/home/labuser/rdcheng/gd/manual_files/annotation.Chimao.gff	annotation	Chimao	ASM_Chimao	ANN_Chimao			
/home/labuser/rdcheng/gd/manual_files/annotation.CISOKAN.gff	annotation	CISOKAN	ASM_CISOKAN	ANN_CISOKAN			
/home/labuser/rdcheng/gd/manual_files/annotation.CO 22.gff	annotation	CO 22	ASM_CO 22	ANN_CO 22			
/home/labuser/rdcheng/gd/manual_files/annotation.Cungunuo.gff	annotation	Cungunuo	ASM_Cungunuo	ANN_Cungunuo			
/home/labuser/rdcheng/gd/manual_files/annotation.Cunsanli.gff	annotation	Cunsanli	ASM_Cunsanli	ANN_Cunsanli			
/home/labuser/rdcheng/gd/manual_files/annotation.CW01.gff	annotation	CW01	ASM_CW01	ANN_CW01			
/home/labuser/rdcheng/gd/manual_files/annotation.CW02.gff	annotation	CW02	ASM_CW02	ANN_CW02			
/home/labuser/rdcheng/gd/manual_files/annotation.CW03.gff	annotation	CW03	ASM_CW03	ANN_CW03			
/home/labuser/rdcheng/gd/manual_files/annotation.CW05.gff	annotation	CW05	ASM_CW05	ANN_CW05			
/home/labuser/rdcheng/gd/manual_files/annotation.CW06.gff	annotation	CW06	ASM_CW06	ANN_CW06			
/home/labuser/rdcheng/gd/manual_files/annotation.CW07.gff	annotation	CW07	ASM_CW07	ANN_CW07			
/home/labuser/rdcheng/gd/manual_files/annotation.CW08.gff	annotation	CW08	ASM_CW08	ANN_CW08			
/home/labuser/rdcheng/gd/manual_files/annotation.CW09.gff	annotation	CW09	ASM_CW09	ANN_CW09			
/home/labuser/rdcheng/gd/manual_files/annotation.CW10.gff	annotation	CW10	ASM_CW10	ANN_CW10			
/home/labuser/rdcheng/gd/manual_files/annotation.CW11.gff	annotation	CW11	ASM_CW11	ANN_CW11			
/home/labuser/rdcheng/gd/manual_files/annotation.CW12.gff	annotation	CW12	ASM_CW12	ANN_CW12			
/home/labuser/rdcheng/gd/manual_files/annotation.CW13.gff	annotation	CW13	ASM_CW13	ANN_CW13			
/home/labuser/rdcheng/gd/manual_files/annotation.CW14.gff	annotation	CW14	ASM_CW14	ANN_CW14			
/home/labuser/rdcheng/gd/manual_files/annotation.CW15.gff	annotation	CW15	ASM_CW15	ANN_CW15			
/home/labuser/rdcheng/gd/manual_files/annotation.CW16.gff	annotation	CW16	ASM_CW16	ANN_CW16			
/home/labuser/rdcheng/gd/manual_files/annotation.CW17.gff	annotation	CW17	ASM_CW17	ANN_CW17			
/home/labuser/rdcheng/gd/manual_files/annotation.CW18.gff	annotation	CW18	ASM_CW18	ANN_CW18			
/home/labuser/rdcheng/gd/manual_files/annotation.CW19.gff	annotation	CW19	ASM_CW19	ANN_CW19			
/home/labuser/rdcheng/gd/manual_files/annotation.CW21.gff	annotation	CW21	ASM_CW21	ANN_CW21			
/home/labuser/rdcheng/gd/manual_files/annotation.CW22.gff	annotation	CW22	ASM_CW22	ANN_CW22			
/home/labuser/rdcheng/gd/manual_files/annotation.CW23.gff	annotation	CW23	ASM_CW23	ANN_CW23			
/home/labuser/rdcheng/gd/manual_files/annotation.CW31.gff	annotation	CW31	ASM_CW31	ANN_CW31			
/home/labuser/rdcheng/gd/manual_files/annotation.CW32.gff	annotation	CW32	ASM_CW32	ANN_CW32			
/home/labuser/rdcheng/gd/manual_files/annotation.CW33.gff	annotation	CW33	ASM_CW33	ANN_CW33			
/home/labuser/rdcheng/gd/manual_files/annotation.CW34.gff	annotation	CW34	ASM_CW34	ANN_CW34			
/home/labuser/rdcheng/gd/manual_files/annotation.CW35.gff	annotation	CW35	ASM_CW35	ANN_CW35			
/home/labuser/rdcheng/gd/manual_files/annotation.CW36.gff	annotation	CW36	ASM_CW36	ANN_CW36			
/home/labuser/rdcheng/gd/manual_files/annotation.CW37.gff	annotation	CW37	ASM_CW37	ANN_CW37			
/home/labuser/rdcheng/gd/manual_files/annotation.CX20.gff	annotation	CX20	ASM_CX20	ANN_CX20			
/home/labuser/rdcheng/gd/manual_files/annotation.CX3.gff	annotation	CX3	ASM_CX3	ANN_CX3			
/home/labuser/rdcheng/gd/manual_files/annotation.Dandongludao.gff	annotation	Dandongludao	ASM_Dandongludao	ANN_Dandongludao			
/home/labuser/rdcheng/gd/manual_files/annotation.Dangyu 5.gff	annotation	Dangyu 5	ASM_Dangyu 5	ANN_Dangyu 5			
/home/labuser/rdcheng/gd/manual_files/annotation.DGB.gff	annotation	DGB	ASM_DGB	ANN_DGB			
/home/labuser/rdcheng/gd/manual_files/annotation.Dianrui 409B.gff	annotation	Dianrui 409B	ASM_Dianrui 409B	ANN_Dianrui 409B			
/home/labuser/rdcheng/gd/manual_files/annotation.Djanda Mandja.gff	annotation	Djanda Mandja	ASM_Djanda Mandja	ANN_Djanda Mandja			
/home/labuser/rdcheng/gd/manual_files/annotation.Dongtingwanxian.gff	annotation	Dongtingwanxian	ASM_Dongtingwanxian	ANN_Dongtingwanxian			
/home/labuser/rdcheng/gd/manual_files/annotation.Dumai.gff	annotation	Dumai	ASM_Dumai	ANN_Dumai			
/home/labuser/rdcheng/gd/manual_files/annotation.DXCWR.gff	annotation	DXCWR	ASM_DXCWR	ANN_DXCWR			
/home/labuser/rdcheng/gd/manual_files/annotation.ECIA 179-S13.gff	annotation	ECIA 179-S13	ASM_ECIA 179-S13	ANN_ECIA 179-S13			
/home/labuser/rdcheng/gd/manual_files/annotation.Esiniu.gff	annotation	Esiniu	ASM_Esiniu	ANN_Esiniu			
/home/labuser/rdcheng/gd/manual_files/annotation.Fanhaopi.gff	annotation	Fanhaopi	ASM_Fanhaopi	ANN_Fanhaopi			
/home/labuser/rdcheng/gd/manual_files/annotation.Funingzipigengzi.gff	annotation	Funingzipigengzi	ASM_Funingzipigengzi	ANN_Funingzipigengzi			
/home/labuser/rdcheng/gd/manual_files/annotation.GM4.gff	annotation	GM4	ASM_GM4	ANN_GM4			
/home/labuser/rdcheng/gd/manual_files/annotation.Gongchengxiang.gff	annotation	Gongchengxiang	ASM_Gongchengxiang	ANN_Gongchengxiang			
/home/labuser/rdcheng/gd/manual_files/annotation.Gongju 73.gff	annotation	Gongju 73	ASM_Gongju 73	ANN_Gongju 73			
/home/labuser/rdcheng/gd/manual_files/annotation.Guangluai 15-.gff	annotation	Guangluai 15-	ASM_Guangluai 15-	ANN_Guangluai 15-			
/home/labuser/rdcheng/gd/manual_files/annotation.Guangluai 4.gff	annotation	Guangluai 4	ASM_Guangluai 4	ANN_Guangluai 4			
/home/labuser/rdcheng/gd/manual_files/annotation.Guizhao 2.gff	annotation	Guizhao 2	ASM_Guizhao 2	ANN_Guizhao 2			
/home/labuser/rdcheng/gd/manual_files/annotation.GZ 1368-5-4.gff	annotation	GZ 1368-5-4	ASM_GZ 1368-5-4	ANN_GZ 1368-5-4			
/home/labuser/rdcheng/gd/manual_files/annotation.G Zhenshan 97B.gff	annotation	G Zhenshan 97B	ASM_G Zhenshan 97B	ANN_G Zhenshan 97B			
/home/labuser/rdcheng/gd/manual_files/annotation.Hanmadao4.gff	annotation	Hanmadao4	ASM_Hanmadao4	ANN_Hanmadao4			
/home/labuser/rdcheng/gd/manual_files/annotation.Haobayong 1.gff	annotation	Haobayong 1	ASM_Haobayong 1	ANN_Haobayong 1			
/home/labuser/rdcheng/gd/manual_files/annotation.Haomake (K).gff	annotation	Haomake (K)	ASM_Haomake (K)	ANN_Haomake (K)			
/home/labuser/rdcheng/gd/manual_files/annotation.Haoxiang.gff	annotation	Haoxiang	ASM_Haoxiang	ANN_Haoxiang			
/home/labuser/rdcheng/gd/manual_files/annotation.Heibiao.gff	annotation	Heibiao	ASM_Heibiao	ANN_Heibiao			
/home/labuser/rdcheng/gd/manual_files/annotation.Heidu 4.gff	annotation	Heidu 4	ASM_Heidu 4	ANN_Heidu 4			
/home/labuser/rdcheng/gd/manual_files/annotation.Heimangdao.gff	annotation	Heimangdao	ASM_Heimangdao	ANN_Heimangdao			
/home/labuser/rdcheng/gd/manual_files/annotation.Hongainuo.gff	annotation	Hongainuo	ASM_Hongainuo	ANN_Hongainuo			
/home/labuser/rdcheng/gd/manual_files/annotation.Honggenghangu3.gff	annotation	Honggenghangu3	ASM_Honggenghangu3	ANN_Honggenghangu3			
/home/labuser/rdcheng/gd/manual_files/annotation.Honggu.gff	annotation	Honggu	ASM_Honggu	ANN_Honggu			
/home/labuser/rdcheng/gd/manual_files/annotation.Hongmisandan.gff	annotation	Hongmisandan	ASM_Hongmisandan	ANN_Hongmisandan			
/home/labuser/rdcheng/gd/manual_files/annotation.Hongse 90.gff	annotation	Hongse 90	ASM_Hongse 90	ANN_Hongse 90			
/home/labuser/rdcheng/gd/manual_files/annotation.Hongwan 1.gff	annotation	Hongwan 1	ASM_Hongwan 1	ANN_Hongwan 1			
/home/labuser/rdcheng/gd/manual_files/annotation.Huangsiguizhan.gff	annotation	Huangsiguizhan	ASM_Huangsiguizhan	ANN_Huangsiguizhan			
/home/labuser/rdcheng/gd/manual_files/annotation.Huhui 91269.gff	annotation	Huhui 91269	ASM_Huhui 91269	ANN_Huhui 91269			
/home/labuser/rdcheng/gd/manual_files/annotation.IR 10179-23-1-3.gff	annotation	IR 10179-23-1-3	ASM_IR 10179-23-1-3	ANN_IR 10179-23-1-3			
/home/labuser/rdcheng/gd/manual_files/annotation.IR24.gff	annotation	IR24	ASM_IR24	ANN_IR24			
/home/labuser/rdcheng/gd/manual_files/annotation.IR26.gff	annotation	IR26	ASM_IR26	ANN_IR26			
/home/labuser/rdcheng/gd/manual_files/annotation.IR64_20sd.gff	annotation	IR64_20sd	ASM_IR64_20sd	ANN_IR64_20sd			
/home/labuser/rdcheng/gd/manual_files/annotation.IR64_21cell.gff	annotation	IR64_21cell	ASM_IR64_21cell	ANN_IR64_21cell			
/home/labuser/rdcheng/gd/manual_files/annotation.IR64_22cr.gff	annotation	IR64_22cr	ASM_IR64_22cr	ANN_IR64_22cr			
/home/labuser/rdcheng/gd/manual_files/annotation.IR 661-1.gff	annotation	IR 661-1	ASM_IR 661-1	ANN_IR 661-1			
/home/labuser/rdcheng/gd/manual_files/annotation.IRAT 10.gff	annotation	IRAT 10	ASM_IRAT 10	ANN_IRAT 10			
/home/labuser/rdcheng/gd/manual_files/annotation.IRGC104165.gff	annotation	IRGC104165	ASM_IRGC104165	ANN_IRGC104165			
/home/labuser/rdcheng/gd/manual_files/annotation.ITA 221.gff	annotation	ITA 221	ASM_ITA 221	ANN_ITA 221			
/home/labuser/rdcheng/gd/manual_files/annotation.J34.gff	annotation	J34	ASM_J34	ANN_J34			
/home/labuser/rdcheng/gd/manual_files/annotation.Jaibattey.gff	annotation	Jaibattey	ASM_Jaibattey	ANN_Jaibattey			
/home/labuser/rdcheng/gd/manual_files/annotation.Jiabala.gff	annotation	Jiabala	ASM_Jiabala	ANN_Jiabala			
/home/labuser/rdcheng/gd/manual_files/annotation.Jianghuadao.gff	annotation	Jianghuadao	ASM_Jianghuadao	ANN_Jianghuadao			
/home/labuser/rdcheng/gd/manual_files/annotation.Jiangnongzao 1 B.gff	annotation	Jiangnongzao 1 B	ASM_Jiangnongzao 1 B	ANN_Jiangnongzao 1 B			
/home/labuser/rdcheng/gd/manual_files/annotation.Jiefangxian.gff	annotation	Jiefangxian	ASM_Jiefangxian	ANN_Jiefangxian			
/home/labuser/rdcheng/gd/manual_files/annotation.Jiienuo.gff	annotation	Jiienuo	ASM_Jiienuo	ANN_Jiienuo			
/home/labuser/rdcheng/gd/manual_files/annotation.Jinbaoyin.gff	annotation	Jinbaoyin	ASM_Jinbaoyin	ANN_Jinbaoyin			
/home/labuser/rdcheng/gd/manual_files/annotation.Jindao 1.gff	annotation	Jindao 1	ASM_Jindao 1	ANN_Jindao 1			
/home/labuser/rdcheng/gd/manual_files/annotation.Jinghu3 B.gff	annotation	Jinghu3 B	ASM_Jinghu3 B	ANN_Jinghu3 B			
/home/labuser/rdcheng/gd/manual_files/annotation.Jinnante 43B.gff	annotation	Jinnante 43B	ASM_Jinnante 43B	ANN_Jinnante 43B			
/home/labuser/rdcheng/gd/manual_files/annotation.Jinxibai2.gff	annotation	Jinxibai2	ASM_Jinxibai2	ANN_Jinxibai2			
/home/labuser/rdcheng/gd/manual_files/annotation.Jinzhinuo4.gff	annotation	Jinzhinuo4	ASM_Jinzhinuo4	ANN_Jinzhinuo4			
/home/labuser/rdcheng/gd/manual_files/annotation.JWR 221.gff	annotation	JWR 221	ASM_JWR 221	ANN_JWR 221			
/home/labuser/rdcheng/gd/manual_files/annotation.K 24.gff	annotation	K 24	ASM_K 24	ANN_K 24			
/home/labuser/rdcheng/gd/manual_files/annotation.Kahamu.gff	annotation	Kahamu	ASM_Kahamu	ANN_Kahamu			
/home/labuser/rdcheng/gd/manual_files/annotation.Kasalath.gff	annotation	Kasalath	ASM_Kasalath	ANN_Kasalath			
/home/labuser/rdcheng/gd/manual_files/annotation.Keluoduo B.gff	annotation	Keluoduo B	ASM_Keluoduo B	ANN_Keluoduo B			
/home/labuser/rdcheng/gd/manual_files/annotation.KitaakeX.gff	annotation	KitaakeX	ASM_KitaakeX	ANN_KitaakeX			
/home/labuser/rdcheng/gd/manual_files/annotation.L 301B.gff	annotation	L 301B	ASM_L 301B	ANN_L 301B			
/home/labuser/rdcheng/gd/manual_files/annotation.Lamujia.gff	annotation	Lamujia	ASM_Lamujia	ANN_Lamujia			
/home/labuser/rdcheng/gd/manual_files/annotation.LanSheng.gff	annotation	LanSheng	ASM_LanSheng	ANN_LanSheng			
/home/labuser/rdcheng/gd/manual_files/annotation.Laoguangtou 83.gff	annotation	Laoguangtou 83	ASM_Laoguangtou 83	ANN_Laoguangtou 83			
/home/labuser/rdcheng/gd/manual_files/annotation.Laohongdao.gff	annotation	Laohongdao	ASM_Laohongdao	ANN_Laohongdao			
/home/labuser/rdcheng/gd/manual_files/annotation.Laozaogu.gff	annotation	Laozaogu	ASM_Laozaogu	ANN_Laozaogu			
/home/labuser/rdcheng/gd/manual_files/annotation.Lemont_21cell.gff	annotation	Lemont_21cell	ASM_Lemont_21cell	ANN_Lemont_21cell			
/home/labuser/rdcheng/gd/manual_files/annotation.lemont_22cr.gff	annotation	lemont_22cr	ASM_lemont_22cr	ANN_lemont_22cr			
/home/labuser/rdcheng/gd/manual_files/annotation.Lengshuigu 2.gff	annotation	Lengshuigu 2	ASM_Lengshuigu 2	ANN_Lengshuigu 2			
/home/labuser/rdcheng/gd/manual_files/annotation.Lengshuinuo.gff	annotation	Lengshuinuo	ASM_Lengshuinuo	ANN_Lengshuinuo			
/home/labuser/rdcheng/gd/manual_files/annotation.Liming B.gff	annotation	Liming B	ASM_Liming B	ANN_Liming B			
/home/labuser/rdcheng/gd/manual_files/annotation.Linguo.gff	annotation	Linguo	ASM_Linguo	ANN_Linguo			
/home/labuser/rdcheng/gd/manual_files/annotation.Liusha 1.gff	annotation	Liusha 1	ASM_Liusha 1	ANN_Liusha 1			
/home/labuser/rdcheng/gd/manual_files/annotation.Liushizao.gff	annotation	Liushizao	ASM_Liushizao	ANN_Liushizao			
/home/labuser/rdcheng/gd/manual_files/annotation.Longhuamaohu.gff	annotation	Longhuamaohu	ASM_Longhuamaohu	ANN_Longhuamaohu			
/home/labuser/rdcheng/gd/manual_files/annotation.Lucaihao.gff	annotation	Lucaihao	ASM_Lucaihao	ANN_Lucaihao			
/home/labuser/rdcheng/gd/manual_files/annotation.Luke 3.gff	annotation	Luke 3	ASM_Luke 3	ANN_Luke 3			
/home/labuser/rdcheng/gd/manual_files/annotation.Malaihong.gff	annotation	Malaihong	ASM_Malaihong	ANN_Malaihong			
/home/labuser/rdcheng/gd/manual_files/annotation.Mamagu.gff	annotation	Mamagu	ASM_Mamagu	ANN_Mamagu			
/home/labuser/rdcheng/gd/manual_files/annotation.Meihuanuo.gff	annotation	Meihuanuo	ASM_Meihuanuo	ANN_Meihuanuo			
/home/labuser/rdcheng/gd/manual_files/annotation.Menjiading 2.gff	annotation	Menjiading 2	ASM_Menjiading 2	ANN_Menjiading 2			
/home/labuser/rdcheng/gd/manual_files/annotation.Menjiagao 1.gff	annotation	Menjiagao 1	ASM_Menjiagao 1	ANN_Menjiagao 1			
/home/labuser/rdcheng/gd/manual_files/annotation.Minbeiwanxian.gff	annotation	Minbeiwanxian	ASM_Minbeiwanxian	ANN_Minbeiwanxian			
/home/labuser/rdcheng/gd/manual_files/annotation.Miyang46.gff	annotation	Miyang46	ASM_Miyang46	ANN_Miyang46			
/home/labuser/rdcheng/gd/manual_files/annotation.Momi.gff	annotation	Momi	ASM_Momi	ANN_Momi			
/home/labuser/rdcheng/gd/manual_files/annotation.Mowangguneiza.gff	annotation	Mowangguneiza	ASM_Mowangguneiza	ANN_Mowangguneiza			
/home/labuser/rdcheng/gd/manual_files/annotation.Muguanuo.gff	annotation	Muguanuo	ASM_Muguanuo	ANN_Muguanuo			
/home/labuser/rdcheng/gd/manual_files/annotation.Muxiqiu.gff	annotation	Muxiqiu	ASM_Muxiqiu	ANN_Muxiqiu			
/home/labuser/rdcheng/gd/manual_files/annotation.N22_21cell.gff	annotation	N22_21cell	ASM_N22_21cell	ANN_N22_21cell			
/home/labuser/rdcheng/gd/manual_files/annotation.N22_22cr.gff	annotation	N22_22cr	ASM_N22_22cr	ANN_N22_22cr			
/home/labuser/rdcheng/gd/manual_files/annotation.Nabated A Smar.gff	annotation	Nabated A Smar	ASM_Nabated A Smar	ANN_Nabated A Smar			
/home/labuser/rdcheng/gd/manual_files/annotation.Nangaogu.gff	annotation	Nangaogu	ASM_Nangaogu	ANN_Nangaogu			
/home/labuser/rdcheng/gd/manual_files/annotation.Nanjing 11.gff	annotation	Nanjing 11	ASM_Nanjing 11	ANN_Nanjing 11			
/home/labuser/rdcheng/gd/manual_files/annotation.Nanoay P.A.gff	annotation	Nanoay P.A	ASM_Nanoay P.A	ANN_Nanoay P.A			
/home/labuser/rdcheng/gd/manual_files/annotation.Nantehao.gff	annotation	Nantehao	ASM_Nantehao	ANN_Nantehao			
/home/labuser/rdcheng/gd/manual_files/annotation.Nanxiongzaoyouzhan.gff	annotation	Nanxiongzaoyouzhan	ASM_Nanxiongzaoyouzhan	ANN_Nanxiongzaoyouzhan			
/home/labuser/rdcheng/gd/manual_files/annotation.NH265.gff	annotation	NH265	ASM_NH265	ANN_NH265			
/home/labuser/rdcheng/gd/manual_files/annotation.NH266.gff	annotation	NH266	ASM_NH266	ANN_NH266			
/home/labuser/rdcheng/gd/manual_files/annotation.NH267.gff	annotation	NH267	ASM_NH267	ANN_NH267			
/home/labuser/rdcheng/gd/manual_files/annotation.NH268.gff	annotation	NH268	ASM_NH268	ANN_NH268			
/home/labuser/rdcheng/gd/manual_files/annotation.NH269.gff	annotation	NH269	ASM_NH269	ANN_NH269			
/home/labuser/rdcheng/gd/manual_files/annotation.NH270.gff	annotation	NH270	ASM_NH270	ANN_NH270			
/home/labuser/rdcheng/gd/manual_files/annotation.NH271.gff	annotation	NH271	ASM_NH271	ANN_NH271			
/home/labuser/rdcheng/gd/manual_files/annotation.NH272.gff	annotation	NH272	ASM_NH272	ANN_NH272			
/home/labuser/rdcheng/gd/manual_files/annotation.NH273.gff	annotation	NH273	ASM_NH273	ANN_NH273			
/home/labuser/rdcheng/gd/manual_files/annotation.NH274.gff	annotation	NH274	ASM_NH274	ANN_NH274			
/home/labuser/rdcheng/gd/manual_files/annotation.NH275.gff	annotation	NH275	ASM_NH275	ANN_NH275			
/home/labuser/rdcheng/gd/manual_files/annotation.NH277.gff	annotation	NH277	ASM_NH277	ANN_NH277			
/home/labuser/rdcheng/gd/manual_files/annotation.NH278.gff	annotation	NH278	ASM_NH278	ANN_NH278			
/home/labuser/rdcheng/gd/manual_files/annotation.NH279.gff	annotation	NH279	ASM_NH279	ANN_NH279			
/home/labuser/rdcheng/gd/manual_files/annotation.NH280.gff	annotation	NH280	ASM_NH280	ANN_NH280			
/home/labuser/rdcheng/gd/manual_files/annotation.NH281.gff	annotation	NH281	ASM_NH281	ANN_NH281			
/home/labuser/rdcheng/gd/manual_files/annotation.NH282.gff	annotation	NH282	ASM_NH282	ANN_NH282			
/home/labuser/rdcheng/gd/manual_files/annotation.NH283.gff	annotation	NH283	ASM_NH283	ANN_NH283			
/home/labuser/rdcheng/gd/manual_files/annotation.NH284.gff	annotation	NH284	ASM_NH284	ANN_NH284			
/home/labuser/rdcheng/gd/manual_files/annotation.NH285.gff	annotation	NH285	ASM_NH285	ANN_NH285			
/home/labuser/rdcheng/gd/manual_files/annotation.NH286.gff	annotation	NH286	ASM_NH286	ANN_NH286			
/home/labuser/rdcheng/gd/manual_files/annotation.Ninghui 21.gff	annotation	Ninghui 21	ASM_Ninghui 21	ANN_Ninghui 21			
/home/labuser/rdcheng/gd/manual_files/annotation.NJ11.gff	annotation	NJ11	ASM_NJ11	ANN_NJ11			
/home/labuser/rdcheng/gd/manual_files/annotation.NJ6.gff	annotation	NJ6	ASM_NJ6	ANN_NJ6			
/home/labuser/rdcheng/gd/manual_files/annotation.Npb-MSU.gff	annotation	Npb-MSU	ASM_Npb-MSU	ANN_Npb-MSU			
/home/labuser/rdcheng/gd/manual_files/annotation.Npb-T2T.gff	annotation	Npb-T2T	ASM_Npb-T2T	ANN_Npb-T2T			
/home/labuser/rdcheng/gd/manual_files/annotation.P1790-5-1M-4-5M-1B-3M-B.gff	annotation	P1790-5-1M-4-5M-1B-3M-B	ASM_P1790-5-1M-4-5M-1B-3M-B	ANN_P1790-5-1M-4-5M-1B-3M-B			
/home/labuser/rdcheng/gd/manual_files/annotation.PA64S.gff	annotation	PA64S	ASM_PA64S	ANN_PA64S			
/home/labuser/rdcheng/gd/manual_files/annotation.Pei C122.gff	annotation	Pei C122	ASM_Pei C122	ANN_Pei C122			
/home/labuser/rdcheng/gd/manual_files/annotation.PI653432.gff	annotation	PI653432	ASM_PI653432	ANN_PI653432			
/home/labuser/rdcheng/gd/manual_files/annotation.PI653439.gff	annotation	PI653439	ASM_PI653439	ANN_PI653439			
/home/labuser/rdcheng/gd/manual_files/annotation.PMS 10B.gff	annotation	PMS 10B	ASM_PMS 10B	ANN_PMS 10B			
/home/labuser/rdcheng/gd/manual_files/annotation.PPR1.gff	annotation	PPR1	ASM_PPR1	ANN_PPR1			
/home/labuser/rdcheng/gd/manual_files/annotation.Qianchonglang2.gff	annotation	Qianchonglang2	ASM_Qianchonglang2	ANN_Qianchonglang2			
/home/labuser/rdcheng/gd/manual_files/annotation.Qingke.gff	annotation	Qingke	ASM_Qingke	ANN_Qingke			
/home/labuser/rdcheng/gd/manual_files/annotation.Qingnuo Kyohatamochi.gff	annotation	Qingnuo Kyohatamochi	ASM_Qingnuo Kyohatamochi	ANN_Qingnuo Kyohatamochi			
/home/labuser/rdcheng/gd/manual_files/annotation.Qingsiai 16B.gff	annotation	Qingsiai 16B	ASM_Qingsiai 16B	ANN_Qingsiai 16B			
/home/labuser/rdcheng/gd/manual_files/annotation.Qitoubaigu3.gff	annotation	Qitoubaigu3	ASM_Qitoubaigu3	ANN_Qitoubaigu3			
/home/labuser/rdcheng/gd/manual_files/annotation.Qitougu.gff	annotation	Qitougu	ASM_Qitougu	ANN_Qitougu			
/home/labuser/rdcheng/gd/manual_files/annotation.Qiuqianbai.gff	annotation	Qiuqianbai	ASM_Qiuqianbai	ANN_Qiuqianbai			
/home/labuser/rdcheng/gd/manual_files/annotation.Qiutianxiaoting.gff	annotation	Qiutianxiaoting	ASM_Qiutianxiaoting	ANN_Qiutianxiaoting			
/home/labuser/rdcheng/gd/manual_files/annotation.R42.gff	annotation	R42	ASM_R42	ANN_R42			
/home/labuser/rdcheng/gd/manual_files/annotation.R498.IGDBv1.Allset.gff	annotation	R498	ASM_R498	ANN_R498_IGDBv1_Allset			
/home/labuser/rdcheng/gd/manual_files/annotation.RD23.gff	annotation	RD23	ASM_RD23	ANN_RD23			
/home/labuser/rdcheng/gd/manual_files/annotation.Rohini.gff	annotation	Rohini	ASM_Rohini	ANN_Rohini			
/home/labuser/rdcheng/gd/manual_files/annotation.RP 1570-44-1.gff	annotation	RP 1570-44-1	ASM_RP 1570-44-1	ANN_RP 1570-44-1			
/home/labuser/rdcheng/gd/manual_files/annotation.RY2.gff	annotation	RY2	ASM_RY2	ANN_RY2			
/home/labuser/rdcheng/gd/manual_files/annotation.Sanbaili.gff	annotation	Sanbaili	ASM_Sanbaili	ANN_Sanbaili			
/home/labuser/rdcheng/gd/manual_files/annotation.SanQishiluo.gff	annotation	SanQishiluo	ASM_SanQishiluo	ANN_SanQishiluo			
/home/labuser/rdcheng/gd/manual_files/annotation.Sansuijin.gff	annotation	Sansuijin	ASM_Sansuijin	ANN_Sansuijin			
/home/labuser/rdcheng/gd/manual_files/annotation.Seln 244A6-20.gff	annotation	Seln 244A6-20	ASM_Seln 244A6-20	ANN_Seln 244A6-20			
/home/labuser/rdcheng/gd/manual_files/annotation.Shufeng 101.gff	annotation	Shufeng 101	ASM_Shufeng 101	ANN_Shufeng 101			
/home/labuser/rdcheng/gd/manual_files/annotation.SLK 2-18-2.gff	annotation	SLK 2-18-2	ASM_SLK 2-18-2	ANN_SLK 2-18-2			
/home/labuser/rdcheng/gd/manual_files/annotation.Sri Lanka 1.gff	annotation	Sri Lanka 1	ASM_Sri Lanka 1	ANN_Sri Lanka 1			
/home/labuser/rdcheng/gd/manual_files/annotation.Taidongludao.gff	annotation	Taidongludao	ASM_Taidongludao	ANN_Taidongludao			
/home/labuser/rdcheng/gd/manual_files/annotation.Taishannuo.gff	annotation	Taishannuo	ASM_Taishannuo	ANN_Taishannuo			
/home/labuser/rdcheng/gd/manual_files/annotation.Taizhongzailai 1.gff	annotation	Taizhongzailai 1	ASM_Taizhongzailai 1	ANN_Taizhongzailai 1			
/home/labuser/rdcheng/gd/manual_files/annotation.Teqingxuanhui.gff	annotation	Teqingxuanhui	ASM_Teqingxuanhui	ANN_Teqingxuanhui			
/home/labuser/rdcheng/gd/manual_files/annotation.Tetep.gff	annotation	Tetep	ASM_Tetep	ANN_Tetep			
/home/labuser/rdcheng/gd/manual_files/annotation.Tjantajan.gff	annotation	Tjantajan	ASM_Tjantajan	ANN_Tjantajan			
/home/labuser/rdcheng/gd/manual_files/annotation.TN1.gff	annotation	TN1	ASM_TN1	ANN_TN1			
/home/labuser/rdcheng/gd/manual_files/annotation.TQ.gff	annotation	TQ	ASM_TQ	ANN_TQ			
/home/labuser/rdcheng/gd/manual_files/annotation.Vietnam Zaodao.gff	annotation	Vietnam Zaodao	ASM_Vietnam Zaodao	ANN_Vietnam Zaodao			
/home/labuser/rdcheng/gd/manual_files/annotation.W1411.gff	annotation	W1411	ASM_W1411	ANN_W1411			
/home/labuser/rdcheng/gd/manual_files/annotation.W2014.gff	annotation	W2014	ASM_W2014	ANN_W2014			
/home/labuser/rdcheng/gd/manual_files/annotation.Wanlixian.gff	annotation	Wanlixian	ASM_Wanlixian	ANN_Wanlixian			
/home/labuser/rdcheng/gd/manual_files/annotation.Wanshi.gff	annotation	Wanshi	ASM_Wanshi	ANN_Wanshi			
/home/labuser/rdcheng/gd/manual_files/annotation.Weiguo.gff	annotation	Weiguo	ASM_Weiguo	ANN_Weiguo			
/home/labuser/rdcheng/gd/manual_files/annotation.Wenxiangnuo.gff	annotation	Wenxiangnuo	ASM_Wenxiangnuo	ANN_Wenxiangnuo			
/home/labuser/rdcheng/gd/manual_files/annotation.Wuziluosi 215.gff	annotation	Wuziluosi 215	ASM_Wuziluosi 215	ANN_Wuziluosi 215			
/home/labuser/rdcheng/gd/manual_files/annotation.WYJ7.gff	annotation	WYJ7	ASM_WYJ7	ANN_WYJ7			
/home/labuser/rdcheng/gd/manual_files/annotation.Xiangai B.gff	annotation	Xiangai B	ASM_Xiangai B	ANN_Xiangai B			
/home/labuser/rdcheng/gd/manual_files/annotation.Xiangaizao 10hao.gff	annotation	Xiangaizao 10hao	ASM_Xiangaizao 10hao	ANN_Xiangaizao 10hao			
/home/labuser/rdcheng/gd/manual_files/annotation.Xiangdao.gff	annotation	Xiangdao	ASM_Xiangdao	ANN_Xiangdao			
/home/labuser/rdcheng/gd/manual_files/annotation.Xianggu.gff	annotation	Xianggu	ASM_Xianggu	ANN_Xianggu			
/home/labuser/rdcheng/gd/manual_files/annotation.Xiangwanxian 3.gff	annotation	Xiangwanxian 3	ASM_Xiangwanxian 3	ANN_Xiangwanxian 3			
/home/labuser/rdcheng/gd/manual_files/annotation.Xiangzaoxian 7.gff	annotation	Xiangzaoxian 7	ASM_Xiangzaoxian 7	ANN_Xiangzaoxian 7			
/home/labuser/rdcheng/gd/manual_files/annotation.Xianluosichi.gff	annotation	Xianluosichi	ASM_Xianluosichi	ANN_Xianluosichi			
/home/labuser/rdcheng/gd/manual_files/annotation.Xiaobaimi.gff	annotation	Xiaobaimi	ASM_Xiaobaimi	ANN_Xiaobaimi			
/home/labuser/rdcheng/gd/manual_files/annotation.Xiaohonggu.gff	annotation	Xiaohonggu	ASM_Xiaohonggu	ANN_Xiaohonggu			
/home/labuser/rdcheng/gd/manual_files/annotation.Xishi 15.gff	annotation	Xishi 15	ASM_Xishi 15	ANN_Xishi 15			
/home/labuser/rdcheng/gd/manual_files/annotation.Xuanenchangtanqingzhan.gff	annotation	Xuanenchangtanqingzhan	ASM_Xuanenchangtanqingzhan	ANN_Xuanenchangtanqingzhan			
/home/labuser/rdcheng/gd/manual_files/annotation.Xugunuo.gff	annotation	Xugunuo	ASM_Xugunuo	ANN_Xugunuo			
/home/labuser/rdcheng/gd/manual_files/annotation.Yangkenuo.gff	annotation	Yangkenuo	ASM_Yangkenuo	ANN_Yangkenuo			
/home/labuser/rdcheng/gd/manual_files/annotation.Yanshuichi.gff	annotation	Yanshuichi	ASM_Yanshuichi	ANN_Yanshuichi			
/home/labuser/rdcheng/gd/manual_files/annotation.YCW03.gff	annotation	YCW03	ASM_YCW03	ANN_YCW03			
/home/labuser/rdcheng/gd/manual_files/annotation.Yelicanghua.gff	annotation	Yelicanghua	ASM_Yelicanghua	ANN_Yelicanghua			
/home/labuser/rdcheng/gd/manual_files/annotation.Yikong.gff	annotation	Yikong	ASM_Yikong	ANN_Yikong			
/home/labuser/rdcheng/gd/manual_files/annotation.Younian.gff	annotation	Younian	ASM_Younian	ANN_Younian			
/home/labuser/rdcheng/gd/manual_files/annotation.YR196.gff	annotation	YR196	ASM_YR196	ANN_YR196			
/home/labuser/rdcheng/gd/manual_files/annotation.Yuyannuo.gff	annotation	Yuyannuo	ASM_Yuyannuo	ANN_Yuyannuo			
/home/labuser/rdcheng/gd/manual_files/annotation.YZ-2.gff	annotation	YZ-2	ASM_YZ-2	ANN_YZ-2			
/home/labuser/rdcheng/gd/manual_files/annotation.Zaoshengbai.gff	annotation	Zaoshengbai	ASM_Zaoshengbai	ANN_Zaoshengbai			
/home/labuser/rdcheng/gd/manual_files/annotation.Zaoshunonghu 6.gff	annotation	Zaoshunonghu 6	ASM_Zaoshunonghu 6	ANN_Zaoshunonghu 6			
/home/labuser/rdcheng/gd/manual_files/annotation.Zaoshuxiangheimi.gff	annotation	Zaoshuxiangheimi	ASM_Zaoshuxiangheimi	ANN_Zaoshuxiangheimi			
/home/labuser/rdcheng/gd/manual_files/annotation.Zaoxian 240.gff	annotation	Zaoxian 240	ASM_Zaoxian 240	ANN_Zaoxian 240			
/home/labuser/rdcheng/gd/manual_files/annotation.ZCD.gff	annotation	ZCD	ASM_ZCD	ANN_ZCD			
/home/labuser/rdcheng/gd/manual_files/annotation.Zhendao 232.gff	annotation	Zhendao 232	ASM_Zhendao 232	ANN_Zhendao 232			
/home/labuser/rdcheng/gd/manual_files/annotation.Zhenfu 8.gff	annotation	Zhenfu 8	ASM_Zhenfu 8	ANN_Zhenfu 8			
/home/labuser/rdcheng/gd/manual_files/annotation.Zhengdao 5.gff	annotation	Zhengdao 5	ASM_Zhengdao 5	ANN_Zhengdao 5			
/home/labuser/rdcheng/gd/manual_files/annotation.Zhuyuan.gff	annotation	Zhuyuan	ASM_Zhuyuan	ANN_Zhuyuan			
/home/labuser/rdcheng/gd/manual_files/annotation.Zhuzhen B.gff	annotation	Zhuzhen B	ASM_Zhuzhen B	ANN_Zhuzhen B			
/home/labuser/rdcheng/gd/manual_files/annotation.Zimangfeie.gff	annotation	Zimangfeie	ASM_Zimangfeie	ANN_Zimangfeie			
/home/labuser/rdcheng/gd/manual_files/annotation.Zinuo.gff	annotation	Zinuo	ASM_Zinuo	ANN_Zinuo			
/home/labuser/rdcheng/gd/manual_files/coreBlocks.3R11.bed	coreBlocks	3R11	ASM_3R11				
/home/labuser/rdcheng/gd/manual_files/coreBlocks.3R25.bed	coreBlocks	3R25	ASM_3R25				
/home/labuser/rdcheng/gd/manual_files/coreBlocks.3R34.bed	coreBlocks	3R34	ASM_3R34				
/home/labuser/rdcheng/gd/manual_files/coreBlocks.02428.bed	coreBlocks	02428	ASM_02428				
/home/labuser/rdcheng/gd/manual_files/coreBlocks.117425.bed	coreBlocks	117425	ASM_117425				
/home/labuser/rdcheng/gd/manual_files/coreBlocks.117534.bed	coreBlocks	117534	ASM_117534				
/home/labuser/rdcheng/gd/manual_files/coreBlocks.125619.bed	coreBlocks	125619	ASM_125619				
/home/labuser/rdcheng/gd/manual_files/coreBlocks.125827.bed	coreBlocks	125827	ASM_125827				
/home/labuser/rdcheng/gd/manual_files/coreBlocks.127518.bed	coreBlocks	127518	ASM_127518				
/home/labuser/rdcheng/gd/manual_files/coreBlocks.127564.bed	coreBlocks	127564	ASM_127564				
/home/labuser/rdcheng/gd/manual_files/coreBlocks.127652.bed	coreBlocks	127652	ASM_127652				
/home/labuser/rdcheng/gd/manual_files/coreBlocks.127742.bed	coreBlocks	127742	ASM_127742				
/home/labuser/rdcheng/gd/manual_files/coreBlocks.128077.bed	coreBlocks	128077	ASM_128077				
/home/labuser/rdcheng/gd/manual_files/coreBlocks.132278.bed	coreBlocks	132278	ASM_132278				
/home/labuser/rdcheng/gd/manual_files/coreBlocks.132424.bed	coreBlocks	132424	ASM_132424				
/home/labuser/rdcheng/gd/manual_files/coreBlocks.17S.bed	coreBlocks	17S	ASM_17S				
/home/labuser/rdcheng/gd/manual_files/coreBlocks.201B.bed	coreBlocks	201B	ASM_201B				
/home/labuser/rdcheng/gd/manual_files/coreBlocks.33S.bed	coreBlocks	33S	ASM_33S				
/home/labuser/rdcheng/gd/manual_files/coreBlocks.3R17.bed	coreBlocks	3R17	ASM_3R17				
/home/labuser/rdcheng/gd/manual_files/coreBlocks.3R30.bed	coreBlocks	3R30	ASM_3R30				
/home/labuser/rdcheng/gd/manual_files/coreBlocks.66S.bed	coreBlocks	66S	ASM_66S				
/home/labuser/rdcheng/gd/manual_files/coreBlocks.923.bed	coreBlocks	923	ASM_923				
/home/labuser/rdcheng/gd/manual_files/coreBlocks.Aikoku.bed	coreBlocks	Aikoku	ASM_Aikoku				
/home/labuser/rdcheng/gd/manual_files/coreBlocks.Akita.bed	coreBlocks	Akita	ASM_Akita				
/home/labuser/rdcheng/gd/manual_files/coreBlocks.AUS449.bed	coreBlocks	AUS449	ASM_AUS449				
/home/labuser/rdcheng/gd/manual_files/coreBlocks.Azucena.bed	coreBlocks	Azucena	ASM_Azucena				
/home/labuser/rdcheng/gd/manual_files/coreBlocks.Balilla.bed	coreBlocks	Balilla	ASM_Balilla				
/home/labuser/rdcheng/gd/manual_files/coreBlocks.Basmati1.bed	coreBlocks	Basmati1	ASM_Basmati1				
/home/labuser/rdcheng/gd/manual_files/coreBlocks.Basmati334.bed	coreBlocks	Basmati334	ASM_Basmati334				
/home/labuser/rdcheng/gd/manual_files/coreBlocks.C62S.bed	coreBlocks	C62S	ASM_C62S				
/home/labuser/rdcheng/gd/manual_files/coreBlocks.C7.bed	coreBlocks	C7	ASM_C7				
/home/labuser/rdcheng/gd/manual_files/coreBlocks.CG14.bed	coreBlocks	CG14	ASM_CG14				
/home/labuser/rdcheng/gd/manual_files/coreBlocks.CJS.bed	coreBlocks	CJS	ASM_CJS				
/home/labuser/rdcheng/gd/manual_files/coreBlocks.CN1.bed	coreBlocks	CN1	ASM_CN1				
/home/labuser/rdcheng/gd/manual_files/coreBlocks.D62.bed	coreBlocks	D62	ASM_D62				
/home/labuser/rdcheng/gd/manual_files/coreBlocks.DG.bed	coreBlocks	DG	ASM_DG				
/home/labuser/rdcheng/gd/manual_files/coreBlocks.DHX2.bed	coreBlocks	DHX2	ASM_DHX2				
/home/labuser/rdcheng/gd/manual_files/coreBlocks.DomSufid.bed	coreBlocks	DomSufid	ASM_DomSufid				
/home/labuser/rdcheng/gd/manual_files/coreBlocks.DR1.bed	coreBlocks	DR1	ASM_DR1				
/home/labuser/rdcheng/gd/manual_files/coreBlocks.DR11.bed	coreBlocks	DR11	ASM_DR11				
/home/labuser/rdcheng/gd/manual_files/coreBlocks.DR12.bed	coreBlocks	DR12	ASM_DR12				
/home/labuser/rdcheng/gd/manual_files/coreBlocks.DR13.bed	coreBlocks	DR13	ASM_DR13				
/home/labuser/rdcheng/gd/manual_files/coreBlocks.DR14.bed	coreBlocks	DR14	ASM_DR14				
/home/labuser/rdcheng/gd/manual_files/coreBlocks.DR15.bed	coreBlocks	DR15	ASM_DR15				
/home/labuser/rdcheng/gd/manual_files/coreBlocks.DR16.bed	coreBlocks	DR16	ASM_DR16				
/home/labuser/rdcheng/gd/manual_files/coreBlocks.DR17.bed	coreBlocks	DR17	ASM_DR17				
/home/labuser/rdcheng/gd/manual_files/coreBlocks.DR18.bed	coreBlocks	DR18	ASM_DR18				
/home/labuser/rdcheng/gd/manual_files/coreBlocks.DR2.bed	coreBlocks	DR2	ASM_DR2				
/home/labuser/rdcheng/gd/manual_files/coreBlocks.DR20.bed	coreBlocks	DR20	ASM_DR20				
/home/labuser/rdcheng/gd/manual_files/coreBlocks.DR3.bed	coreBlocks	DR3	ASM_DR3				
/home/labuser/rdcheng/gd/manual_files/coreBlocks.DR4.bed	coreBlocks	DR4	ASM_DR4				
/home/labuser/rdcheng/gd/manual_files/coreBlocks.DR5.bed	coreBlocks	DR5	ASM_DR5				
/home/labuser/rdcheng/gd/manual_files/coreBlocks.DR6.bed	coreBlocks	DR6	ASM_DR6				
/home/labuser/rdcheng/gd/manual_files/coreBlocks.DR7.bed	coreBlocks	DR7	ASM_DR7				
/home/labuser/rdcheng/gd/manual_files/coreBlocks.DR8.bed	coreBlocks	DR8	ASM_DR8				
/home/labuser/rdcheng/gd/manual_files/coreBlocks.DR9.bed	coreBlocks	DR9	ASM_DR9				
/home/labuser/rdcheng/gd/manual_files/coreBlocks.Dular.bed	coreBlocks	Dular	ASM_Dular				
/home/labuser/rdcheng/gd/manual_files/coreBlocks.FH838.bed	coreBlocks	FH838	ASM_FH838				
/home/labuser/rdcheng/gd/manual_files/coreBlocks.FS32.bed	coreBlocks	FS32	ASM_FS32				
/home/labuser/rdcheng/gd/manual_files/coreBlocks.G46.bed	coreBlocks	G46	ASM_G46				
/home/labuser/rdcheng/gd/manual_files/coreBlocks.G630.bed	coreBlocks	G630	ASM_G630				
/home/labuser/rdcheng/gd/manual_files/coreBlocks.G8.bed	coreBlocks	G8	ASM_G8				
/home/labuser/rdcheng/gd/manual_files/coreBlocks.Gim.bed	coreBlocks	Gim	ASM_Gim				
/home/labuser/rdcheng/gd/manual_files/coreBlocks.GWX30.bed	coreBlocks	GWX30	ASM_GWX30				
/home/labuser/rdcheng/gd/manual_files/coreBlocks.HBK.bed	coreBlocks	HBK	ASM_HBK				
/home/labuser/rdcheng/gd/manual_files/coreBlocks.HHZ.bed	coreBlocks	HHZ	ASM_HHZ				
/home/labuser/rdcheng/gd/manual_files/coreBlocks.HMXRS1.bed	coreBlocks	HMXRS1	ASM_HMXRS1				
/home/labuser/rdcheng/gd/manual_files/coreBlocks.HMZ.bed	coreBlocks	HMZ	ASM_HMZ				
/home/labuser/rdcheng/gd/manual_files/coreBlocks.HZ.bed	coreBlocks	HZ	ASM_HZ				
/home/labuser/rdcheng/gd/manual_files/coreBlocks.II32.bed	coreBlocks	II32	ASM_II32				
/home/labuser/rdcheng/gd/manual_files/coreBlocks.IR64.bed	coreBlocks	IR64	ASM_IR64				
/home/labuser/rdcheng/gd/manual_files/coreBlocks.IR8.bed	coreBlocks	IR8	ASM_IR8				
/home/labuser/rdcheng/gd/manual_files/coreBlocks.J4155.bed	coreBlocks	J4155	ASM_J4155				
/home/labuser/rdcheng/gd/manual_files/coreBlocks.J4155S.bed	coreBlocks	J4155S	ASM_J4155S				
/home/labuser/rdcheng/gd/manual_files/coreBlocks.JR2031.bed	coreBlocks	JR2031	ASM_JR2031				
/home/labuser/rdcheng/gd/manual_files/coreBlocks.Kosh.bed	coreBlocks	Kosh	ASM_Kosh				
/home/labuser/rdcheng/gd/manual_files/coreBlocks.KY131.bed	coreBlocks	KY131	ASM_KY131				
/home/labuser/rdcheng/gd/manual_files/coreBlocks.LDXZ.bed	coreBlocks	LDXZ	ASM_LDXZ				
/home/labuser/rdcheng/gd/manual_files/coreBlocks.Lemont.bed	coreBlocks	Lemont	ASM_Lemont				
/home/labuser/rdcheng/gd/manual_files/coreBlocks.LG31.bed	coreBlocks	LG31	ASM_LG31				
/home/labuser/rdcheng/gd/manual_files/coreBlocks.LG5.bed	coreBlocks	LG5	ASM_LG5				
/home/labuser/rdcheng/gd/manual_files/coreBlocks.LJ.bed	coreBlocks	LJ	ASM_LJ				
/home/labuser/rdcheng/gd/manual_files/coreBlocks.LK638S.bed	coreBlocks	LK638S	ASM_LK638S				
/home/labuser/rdcheng/gd/manual_files/coreBlocks.LTH.bed	coreBlocks	LTH	ASM_LTH				
/home/labuser/rdcheng/gd/manual_files/coreBlocks.MH63RS3.bed	coreBlocks	MH63RS3	ASM_MH63RS3				
/home/labuser/rdcheng/gd/manual_files/coreBlocks.Mitak.bed	coreBlocks	Mitak	ASM_Mitak				
/home/labuser/rdcheng/gd/manual_files/coreBlocks.NamRoo.bed	coreBlocks	NamRoo	ASM_NamRoo				
/home/labuser/rdcheng/gd/manual_files/coreBlocks.NG39.bed	coreBlocks	NG39	ASM_NG39				
/home/labuser/rdcheng/gd/manual_files/coreBlocks.Nipponbare.bed	coreBlocks	Nipponbare	ASM_Nipponbare				
/home/labuser/rdcheng/gd/manual_files/coreBlocks.No8.bed	coreBlocks	No8	ASM_No8				
/home/labuser/rdcheng/gd/manual_files/coreBlocks.ObarRS3.bed	coreBlocks	ObarRS3	ASM_ObarRS3				
/home/labuser/rdcheng/gd/manual_files/coreBlocks.OglaRS2.bed	coreBlocks	OglaRS2	ASM_OglaRS2				
/home/labuser/rdcheng/gd/manual_files/coreBlocks.OgluRS3.bed	coreBlocks	OgluRS3	ASM_OgluRS3				
/home/labuser/rdcheng/gd/manual_files/coreBlocks.OmerRS3.bed	coreBlocks	OmerRS3	ASM_OmerRS3				
/home/labuser/rdcheng/gd/manual_files/coreBlocks.OnivRS2.bed	coreBlocks	OnivRS2	ASM_OnivRS2				
/home/labuser/rdcheng/gd/manual_files/coreBlocks.OrufRS1.bed	coreBlocks	OrufRS1	ASM_OrufRS1				
/home/labuser/rdcheng/gd/manual_files/coreBlocks.P64S.bed	coreBlocks	P64S	ASM_P64S				
/home/labuser/rdcheng/gd/manual_files/coreBlocks.R498.bed	coreBlocks	R498	ASM_R498				
/home/labuser/rdcheng/gd/manual_files/coreBlocks.R527.bed	coreBlocks	R527	ASM_R527				
/home/labuser/rdcheng/gd/manual_files/coreBlocks.R600.bed	coreBlocks	R600	ASM_R600				
/home/labuser/rdcheng/gd/manual_files/coreBlocks.R70.bed	coreBlocks	R70	ASM_R70				
/home/labuser/rdcheng/gd/manual_files/coreBlocks.R9311.bed	coreBlocks	R9311	ASM_R9311				
/home/labuser/rdcheng/gd/manual_files/coreBlocks.S548.bed	coreBlocks	S548	ASM_S548				
/home/labuser/rdcheng/gd/manual_files/coreBlocks.Sasa.bed	coreBlocks	Sasa	ASM_Sasa				
/home/labuser/rdcheng/gd/manual_files/coreBlocks.SN265.bed	coreBlocks	SN265	ASM_SN265				
/home/labuser/rdcheng/gd/manual_files/coreBlocks.TF.bed	coreBlocks	TF	ASM_TF				
/home/labuser/rdcheng/gd/manual_files/coreBlocks.TG14.bed	coreBlocks	TG14	ASM_TG14				
/home/labuser/rdcheng/gd/manual_files/coreBlocks.TG17.bed	coreBlocks	TG17	ASM_TG17				
/home/labuser/rdcheng/gd/manual_files/coreBlocks.TG19.bed	coreBlocks	TG19	ASM_TG19				
/home/labuser/rdcheng/gd/manual_files/coreBlocks.TG22.bed	coreBlocks	TG22	ASM_TG22				
/home/labuser/rdcheng/gd/manual_files/coreBlocks.TG27.bed	coreBlocks	TG27	ASM_TG27				
/home/labuser/rdcheng/gd/manual_files/coreBlocks.TG29.bed	coreBlocks	TG29	ASM_TG29				
/home/labuser/rdcheng/gd/manual_files/coreBlocks.TG3.bed	coreBlocks	TG3	ASM_TG3				
/home/labuser/rdcheng/gd/manual_files/coreBlocks.TG31.bed	coreBlocks	TG31	ASM_TG31				
/home/labuser/rdcheng/gd/manual_files/coreBlocks.TG33.bed	coreBlocks	TG33	ASM_TG33				
/home/labuser/rdcheng/gd/manual_files/coreBlocks.TG42.bed	coreBlocks	TG42	ASM_TG42				
/home/labuser/rdcheng/gd/manual_files/coreBlocks.TG49.bed	coreBlocks	TG49	ASM_TG49				
/home/labuser/rdcheng/gd/manual_files/coreBlocks.TG50.bed	coreBlocks	TG50	ASM_TG50				
/home/labuser/rdcheng/gd/manual_files/coreBlocks.TG53.bed	coreBlocks	TG53	ASM_TG53				
/home/labuser/rdcheng/gd/manual_files/coreBlocks.TG55.bed	coreBlocks	TG55	ASM_TG55				
/home/labuser/rdcheng/gd/manual_files/coreBlocks.TG56.bed	coreBlocks	TG56	ASM_TG56				
/home/labuser/rdcheng/gd/manual_files/coreBlocks.TG59.bed	coreBlocks	TG59	ASM_TG59				
/home/labuser/rdcheng/gd/manual_files/coreBlocks.TG6.bed	coreBlocks	TG6	ASM_TG6				
/home/labuser/rdcheng/gd/manual_files/coreBlocks.TG61.bed	coreBlocks	TG61	ASM_TG61				
/home/labuser/rdcheng/gd/manual_files/coreBlocks.TG63.bed	coreBlocks	TG63	ASM_TG63				
/home/labuser/rdcheng/gd/manual_files/coreBlocks.TG65.bed	coreBlocks	TG65	ASM_TG65				
/home/labuser/rdcheng/gd/manual_files/coreBlocks.TG68.bed	coreBlocks	TG68	ASM_TG68				
/home/labuser/rdcheng/gd/manual_files/coreBlocks.TG70.bed	coreBlocks	TG70	ASM_TG70				
/home/labuser/rdcheng/gd/manual_files/coreBlocks.TG80.bed	coreBlocks	TG80	ASM_TG80				
/home/labuser/rdcheng/gd/manual_files/coreBlocks.TG81.bed	coreBlocks	TG81	ASM_TG81				
/home/labuser/rdcheng/gd/manual_files/coreBlocks.TG9.bed	coreBlocks	TG9	ASM_TG9				
/home/labuser/rdcheng/gd/manual_files/coreBlocks.TG90.bed	coreBlocks	TG90	ASM_TG90				
/home/labuser/rdcheng/gd/manual_files/coreBlocks.TM.bed	coreBlocks	TM	ASM_TM				
/home/labuser/rdcheng/gd/manual_files/coreBlocks.Toyo.bed	coreBlocks	Toyo	ASM_Toyo				
/home/labuser/rdcheng/gd/manual_files/coreBlocks.Tumba.bed	coreBlocks	Tumba	ASM_Tumba				
/home/labuser/rdcheng/gd/manual_files/coreBlocks.WSSM.bed	coreBlocks	WSSM	ASM_WSSM				
/home/labuser/rdcheng/gd/manual_files/coreBlocks.WW8.bed	coreBlocks	WW8	ASM_WW8				
/home/labuser/rdcheng/gd/manual_files/coreBlocks.WYG3.bed	coreBlocks	WYG3	ASM_WYG3				
/home/labuser/rdcheng/gd/manual_files/coreBlocks.WYJ3.bed	coreBlocks	WYJ3	ASM_WYJ3				
/home/labuser/rdcheng/gd/manual_files/coreBlocks.XL628S.bed	coreBlocks	XL628S	ASM_XL628S				
/home/labuser/rdcheng/gd/manual_files/coreBlocks.XS134.bed	coreBlocks	XS134	ASM_XS134				
/home/labuser/rdcheng/gd/manual_files/coreBlocks.XYXZ.bed	coreBlocks	XYXZ	ASM_XYXZ				
/home/labuser/rdcheng/gd/manual_files/coreBlocks.Y3551.bed	coreBlocks	Y3551	ASM_Y3551				
/home/labuser/rdcheng/gd/manual_files/coreBlocks.Y4B.bed	coreBlocks	Y4B	ASM_Y4B				
/home/labuser/rdcheng/gd/manual_files/coreBlocks.Y58S.bed	coreBlocks	Y58S	ASM_Y58S				
/home/labuser/rdcheng/gd/manual_files/coreBlocks.YF47.bed	coreBlocks	YF47	ASM_YF47				
/home/labuser/rdcheng/gd/manual_files/coreBlocks.YJSM.bed	coreBlocks	YJSM	ASM_YJSM				
/home/labuser/rdcheng/gd/manual_files/coreBlocks.YX1.bed	coreBlocks	YX1	ASM_YX1				
/home/labuser/rdcheng/gd/manual_files/coreBlocks.YZX.bed	coreBlocks	YZX	ASM_YZX				
/home/labuser/rdcheng/gd/manual_files/coreBlocks.Z9311S.bed	coreBlocks	Z9311S	ASM_Z9311S				
/home/labuser/rdcheng/gd/manual_files/coreBlocks.ZH11.bed	coreBlocks	ZH11	ASM_ZH11				
/home/labuser/rdcheng/gd/manual_files/coreBlocks.ZS97RS3.bed	coreBlocks	ZS97RS3	ASM_ZS97RS3				
/home/labuser/rdcheng/gd/manual_files/genome.W1559.fasta	genome	W1559	ASM_W1559_PRJEB73710				
/home/labuser/rdcheng/gd/manual_files/genome.W1619.fasta	genome	W1619	ASM_W1619_PRJEB73710				
/home/labuser/rdcheng/gd/manual_files/genome.W1666.fasta	genome	W1666	ASM_W1666_PRJEB73710				
/home/labuser/rdcheng/gd/manual_files/genome.W1668.fasta	genome	W1668	ASM_W1668_PRJEB73710				
/home/labuser/rdcheng/gd/manual_files/genome.W1677.fasta	genome	W1677	ASM_W1677_PRJEB73710				
/home/labuser/rdcheng/gd/manual_files/genome.W0103.fasta	genome	W0103	ASM_W0103_PRJEB73710				
/home/labuser/rdcheng/gd/manual_files/genome.W1679.fasta	genome	W1679	ASM_W1679_PRJEB73710				
/home/labuser/rdcheng/gd/manual_files/genome.W0107.fasta	genome	W0107	ASM_W0107_PRJEB73710				
/home/labuser/rdcheng/gd/manual_files/genome.W1718.fasta	genome	W1718	ASM_W1718_PRJEB73710				
/home/labuser/rdcheng/gd/manual_files/genome.W0108.fasta	genome	W0108	ASM_W0108_PRJEB73710				
/home/labuser/rdcheng/gd/manual_files/genome.W1719.fasta	genome	W1719	ASM_W1719_PRJEB73710				
/home/labuser/rdcheng/gd/manual_files/genome.W0133.fasta	genome	W0133	ASM_W0133_PRJEB73710				
/home/labuser/rdcheng/gd/manual_files/genome.W1723.fasta	genome	W1723	ASM_W1723_PRJEB73710				
/home/labuser/rdcheng/gd/manual_files/genome.W0135.fasta	genome	W0135	ASM_W0135_PRJEB73710				
/home/labuser/rdcheng/gd/manual_files/genome.W1725.fasta	genome	W1725	ASM_W1725_PRJEB73710				
/home/labuser/rdcheng/gd/manual_files/genome.W0136.fasta	genome	W0136	ASM_W0136_PRJEB73710				
/home/labuser/rdcheng/gd/manual_files/genome.W1726.fasta	genome	W1726	ASM_W1726_PRJEB73710				
/home/labuser/rdcheng/gd/manual_files/genome.W0137.fasta	genome	W0137	ASM_W0137_PRJEB73710				
/home/labuser/rdcheng/gd/manual_files/genome.W1731.fasta	genome	W1731	ASM_W1731_PRJEB73710				
/home/labuser/rdcheng/gd/manual_files/genome.W0143.fasta	genome	W0143	ASM_W0143_PRJEB73710				
/home/labuser/rdcheng/gd/manual_files/genome.W1732.fasta	genome	W1732	ASM_W1732_PRJEB73710				
/home/labuser/rdcheng/gd/manual_files/genome.W0145.fasta	genome	W0145	ASM_W0145_PRJEB73710				
/home/labuser/rdcheng/gd/manual_files/genome.W1735.fasta	genome	W1735	ASM_W1735_PRJEB73710				
/home/labuser/rdcheng/gd/manual_files/genome.W0147.fasta	genome	W0147	ASM_W0147_PRJEB73710				
/home/labuser/rdcheng/gd/manual_files/genome.W1736.fasta	genome	W1736	ASM_W1736_PRJEB73710				
/home/labuser/rdcheng/gd/manual_files/genome.W0149.fasta	genome	W0149	ASM_W0149_PRJEB73710				
/home/labuser/rdcheng/gd/manual_files/genome.W1737.fasta	genome	W1737	ASM_W1737_PRJEB73710				
/home/labuser/rdcheng/gd/manual_files/genome.W0157.fasta	genome	W0157	ASM_W0157_PRJEB73710				
/home/labuser/rdcheng/gd/manual_files/genome.W1742.fasta	genome	W1742	ASM_W1742_PRJEB73710				
/home/labuser/rdcheng/gd/manual_files/genome.W0164.fasta	genome	W0164	ASM_W0164_PRJEB73710				
/home/labuser/rdcheng/gd/manual_files/genome.W1748.fasta	genome	W1748	ASM_W1748_PRJEB73710				
/home/labuser/rdcheng/gd/manual_files/genome.W0166.fasta	genome	W0166	ASM_W0166_PRJEB73710				
/home/labuser/rdcheng/gd/manual_files/genome.W1750.fasta	genome	W1750	ASM_W1750_PRJEB73710				
/home/labuser/rdcheng/gd/manual_files/genome.W0169.fasta	genome	W0169	ASM_W0169_PRJEB73710				
/home/labuser/rdcheng/gd/manual_files/genome.W1777.fasta	genome	W1777	ASM_W1777_PRJEB73710				
/home/labuser/rdcheng/gd/manual_files/genome.W0171.fasta	genome	W0171	ASM_W0171_PRJEB73710				
/home/labuser/rdcheng/gd/manual_files/genome.W1783.fasta	genome	W1783	ASM_W1783_PRJEB73710				
/home/labuser/rdcheng/gd/manual_files/genome.W0179.fasta	genome	W0179	ASM_W0179_PRJEB73710				
/home/labuser/rdcheng/gd/manual_files/genome.W1787.fasta	genome	W1787	ASM_W1787_PRJEB73710				
/home/labuser/rdcheng/gd/manual_files/genome.W0180.fasta	genome	W0180	ASM_W0180_PRJEB73710				
/home/labuser/rdcheng/gd/manual_files/genome.W1809.fasta	genome	W1809	ASM_W1809_PRJEB73710				
/home/labuser/rdcheng/gd/manual_files/genome.W0234.fasta	genome	W0234	ASM_W0234_PRJEB73710				
/home/labuser/rdcheng/gd/manual_files/genome.W1810.fasta	genome	W1810	ASM_W1810_PRJEB73710				
/home/labuser/rdcheng/gd/manual_files/genome.W0573.fasta	genome	W0573	ASM_W0573_PRJEB73710				
/home/labuser/rdcheng/gd/manual_files/genome.W1825.fasta	genome	W1825	ASM_W1825_PRJEB73710				
/home/labuser/rdcheng/gd/manual_files/genome.W0590.fasta	genome	W0590	ASM_W0590_PRJEB73710				
/home/labuser/rdcheng/gd/manual_files/genome.W1839.fasta	genome	W1839	ASM_W1839_PRJEB73710				
/home/labuser/rdcheng/gd/manual_files/genome.W0594.fasta	genome	W0594	ASM_W0594_PRJEB73710				
/home/labuser/rdcheng/gd/manual_files/genome.W1859.fasta	genome	W1859	ASM_W1859_PRJEB73710				
/home/labuser/rdcheng/gd/manual_files/genome.W0596.fasta	genome	W0596	ASM_W0596_PRJEB73710				
/home/labuser/rdcheng/gd/manual_files/genome.W1865.fasta	genome	W1865	ASM_W1865_PRJEB73710				
/home/labuser/rdcheng/gd/manual_files/genome.W0600.fasta	genome	W0600	ASM_W0600_PRJEB73710				
/home/labuser/rdcheng/gd/manual_files/genome.W1880.fasta	genome	W1880	ASM_W1880_PRJEB73710				
/home/labuser/rdcheng/gd/manual_files/genome.W0627.fasta	genome	W0627	ASM_W0627_PRJEB73710				
/home/labuser/rdcheng/gd/manual_files/genome.W1890.fasta	genome	W1890	ASM_W1890_PRJEB73710				
/home/labuser/rdcheng/gd/manual_files/genome.W0630.fasta	genome	W0630	ASM_W0630_PRJEB73710				
/home/labuser/rdcheng/gd/manual_files/genome.W1895.fasta	genome	W1895	ASM_W1895_PRJEB73710				
/home/labuser/rdcheng/gd/manual_files/genome.W0632.fasta	genome	W0632	ASM_W0632_PRJEB73710				
/home/labuser/rdcheng/gd/manual_files/genome.W1919.fasta	genome	W1919	ASM_W1919_PRJEB73710				
/home/labuser/rdcheng/gd/manual_files/genome.W0634.fasta	genome	W0634	ASM_W0634_PRJEB73710				
/home/labuser/rdcheng/gd/manual_files/genome.W1943.fasta	genome	W1943	ASM_W1943_PRJEB73710				
/home/labuser/rdcheng/gd/manual_files/genome.W0639.fasta	genome	W0639	ASM_W0639_PRJEB73710				
/home/labuser/rdcheng/gd/manual_files/genome.W1970.fasta	genome	W1970	ASM_W1970_PRJEB73710				
/home/labuser/rdcheng/gd/manual_files/genome.W1080.fasta	genome	W1080	ASM_W1080_PRJEB73710				
/home/labuser/rdcheng/gd/manual_files/genome.W1976.fasta	genome	W1976	ASM_W1976_PRJEB73710				
/home/labuser/rdcheng/gd/manual_files/genome.W1084.fasta	genome	W1084	ASM_W1084_PRJEB73710				
/home/labuser/rdcheng/gd/manual_files/genome.W2005.fasta	genome	W2005	ASM_W2005_PRJEB73710				
/home/labuser/rdcheng/gd/manual_files/genome.W1093.fasta	genome	W1093	ASM_W1093_PRJEB73710				
/home/labuser/rdcheng/gd/manual_files/genome.W2022.fasta	genome	W2022	ASM_W2022_PRJEB73710				
/home/labuser/rdcheng/gd/manual_files/genome.W1107.fasta	genome	W1107	ASM_W1107_PRJEB73710				
/home/labuser/rdcheng/gd/manual_files/genome.W2036.fasta	genome	W2036	ASM_W2036_PRJEB73710				
/home/labuser/rdcheng/gd/manual_files/genome.W1117.fasta	genome	W1117	ASM_W1117_PRJEB73710				
/home/labuser/rdcheng/gd/manual_files/genome.W2051.fasta	genome	W2051	ASM_W2051_PRJEB73710				
/home/labuser/rdcheng/gd/manual_files/genome.W1126.fasta	genome	W1126	ASM_W1126_PRJEB73710				
/home/labuser/rdcheng/gd/manual_files/genome.W2053.fasta	genome	W2053	ASM_W2053_PRJEB73710				
/home/labuser/rdcheng/gd/manual_files/genome.W1142.fasta	genome	W1142	ASM_W1142_PRJEB73710				
/home/labuser/rdcheng/gd/manual_files/genome.W2064.fasta	genome	W2064	ASM_W2064_PRJEB73710				
/home/labuser/rdcheng/gd/manual_files/genome.W1214.fasta	genome	W1214	ASM_W1214_PRJEB73710				
/home/labuser/rdcheng/gd/manual_files/genome.W2066.fasta	genome	W2066	ASM_W2066_PRJEB73710				
/home/labuser/rdcheng/gd/manual_files/genome.W1236.fasta	genome	W1236	ASM_W1236_PRJEB73710				
/home/labuser/rdcheng/gd/manual_files/genome.W2099.fasta	genome	W2099	ASM_W2099_PRJEB73710				
/home/labuser/rdcheng/gd/manual_files/genome.W1292.fasta	genome	W1292	ASM_W1292_PRJEB73710				
/home/labuser/rdcheng/gd/manual_files/genome.W2108.fasta	genome	W2108	ASM_W2108_PRJEB73710				
/home/labuser/rdcheng/gd/manual_files/genome.W1536.fasta	genome	W1536	ASM_W1536_PRJEB73710				
/home/labuser/rdcheng/gd/manual_files/genome.W2197.fasta	genome	W2197	ASM_W2197_PRJEB73710				
/home/labuser/rdcheng/gd/manual_files/genome.W1547.fasta	genome	W1547	ASM_W1547_PRJEB73710				
/home/labuser/rdcheng/gd/manual_files/genome.W2267.fasta	genome	W2267	ASM_W2267_PRJEB73710				
/home/labuser/rdcheng/gd/manual_files/genome.W1550.fasta	genome	W1550	ASM_W1550_PRJEB73710				
/home/labuser/rdcheng/gd/manual_files/genome.W2275.fasta	genome	W2275	ASM_W2275_PRJEB73710				
/home/labuser/rdcheng/gd/manual_files/genome.W1552.fasta	genome	W1552	ASM_W1552_PRJEB73710				
/home/labuser/rdcheng/gd/manual_files/genome.W2283.fasta	genome	W2283	ASM_W2283_PRJEB73710				
/home/labuser/rdcheng/gd/manual_files/genome.W1553.fasta	genome	W1553	ASM_W1553_PRJEB73710				
/home/labuser/rdcheng/gd/manual_files/genome.W2305.fasta	genome	W2305	ASM_W2305_PRJEB73710				
/home/labuser/rdcheng/gd/manual_files/genome.W1556.fasta	genome	W1556	ASM_W1556_PRJEB73710				
/home/labuser/rdcheng/gd/manual_files/genome.W2308.fasta	genome	W2308	ASM_W2308_PRJEB73710				
/home/labuser/rdcheng/gd/manual_files/genome.W1557.fasta	genome	W1557	ASM_W1557_PRJEB73710				
/home/labuser/rdcheng/gd/manual_files/genome.W2310.fasta	genome	W2310	ASM_W2310_PRJEB73710				
/home/labuser/rdcheng/gd/manual_files/genome.W2311.fasta	genome	W2311	ASM_W2311_PRJEB73710				
/home/labuser/rdcheng/gd/manual_files/genome.W2318.fasta	genome	W2318	ASM_W2318_PRJEB73710				
/home/labuser/rdcheng/gd/manual_files/genome.W2319.fasta	genome	W2319	ASM_W2319_PRJEB73710				
/home/labuser/rdcheng/gd/manual_files/genome.W2320.fasta	genome	W2320	ASM_W2320_PRJEB73710				
/home/labuser/rdcheng/gd/manual_files/genome.W2321.fasta	genome	W2321	ASM_W2321_PRJEB73710				
/home/labuser/rdcheng/gd/manual_files/genome.W2332.fasta	genome	W2332	ASM_W2332_PRJEB73710				
/home/labuser/rdcheng/gd/manual_files/genome.W3000.fasta	genome	W3000	ASM_W3000_PRJEB73710				
/home/labuser/rdcheng/gd/manual_files/genome.W3007.fasta	genome	W3007	ASM_W3007_PRJEB73710				
/home/labuser/rdcheng/gd/manual_files/genome.W3009.fasta	genome	W3009	ASM_W3009_PRJEB73710				
/home/labuser/rdcheng/gd/manual_files/genome.W3012.fasta	genome	W3012	ASM_W3012_PRJEB73710				
/home/labuser/rdcheng/gd/manual_files/genome.W3029.fasta	genome	W3029	ASM_W3029_PRJEB73710				
/home/labuser/rdcheng/gd/manual_files/genome.W3033.fasta	genome	W3033	ASM_W3033_PRJEB73710				
/home/labuser/rdcheng/gd/manual_files/genome.W3035.fasta	genome	W3035	ASM_W3035_PRJEB73710				
/home/labuser/rdcheng/gd/manual_files/genome.W3037.fasta	genome	W3037	ASM_W3037_PRJEB73710				
/home/labuser/rdcheng/gd/manual_files/genome.W3038.fasta	genome	W3038	ASM_W3038_PRJEB73710				
/home/labuser/rdcheng/gd/manual_files/genome.W3040.fasta	genome	W3040	ASM_W3040_PRJEB73710				
/home/labuser/rdcheng/gd/manual_files/genome.W3046.fasta	genome	W3046	ASM_W3046_PRJEB73710				
/home/labuser/rdcheng/gd/manual_files/genome.W3047.fasta	genome	W3047	ASM_W3047_PRJEB73710				
/home/labuser/rdcheng/gd/manual_files/genome.W3051.fasta	genome	W3051	ASM_W3051_PRJEB73710				
/home/labuser/rdcheng/gd/manual_files/genome.W3052.fasta	genome	W3052	ASM_W3052_PRJEB73710				
/home/labuser/rdcheng/gd/manual_files/genome.W3054.fasta	genome	W3054	ASM_W3054_PRJEB73710				
/home/labuser/rdcheng/gd/manual_files/genome.W3055.fasta	genome	W3055	ASM_W3055_PRJEB73710				
/home/labuser/rdcheng/gd/manual_files/genome.W3063.fasta	genome	W3063	ASM_W3063_PRJEB73710				
/home/labuser/rdcheng/gd/manual_files/genome.W3066.fasta	genome	W3066	ASM_W3066_PRJEB73710				
/home/labuser/rdcheng/gd/manual_files/genome.W3071.fasta	genome	W3071	ASM_W3071_PRJEB73710				
/home/labuser/rdcheng/gd/manual_files/genome.W3074.fasta	genome	W3074	ASM_W3074_PRJEB73710				
/home/labuser/rdcheng/gd/manual_files/genome.W3082.fasta	genome	W3082	ASM_W3082_PRJEB73710				
/home/labuser/rdcheng/gd/manual_files/genome.W3086.fasta	genome	W3086	ASM_W3086_PRJEB73710				
/home/labuser/rdcheng/gd/manual_files/genome.W3088.fasta	genome	W3088	ASM_W3088_PRJEB73710				
/home/labuser/rdcheng/gd/manual_files/genome.W3090.fasta	genome	W3090	ASM_W3090_PRJEB73710				
/home/labuser/rdcheng/gd/manual_files/genome.W3092.fasta	genome	W3092	ASM_W3092_PRJEB73710				
/home/labuser/rdcheng/gd/manual_files/genome.W3096.fasta	genome	W3096	ASM_W3096_PRJEB73710				
/home/labuser/rdcheng/gd/manual_files/annotation.W0630.gff	annotation	W0630	ASM_W0630_PRJEB73710	ANN_W0630_PRJEB73710			
/home/labuser/rdcheng/gd/manual_files/annotation.W0632.gff	annotation	W0632	ASM_W0632_PRJEB73710	ANN_W0632_PRJEB73710			
/home/labuser/rdcheng/gd/manual_files/annotation.W0634.gff	annotation	W0634	ASM_W0634_PRJEB73710	ANN_W0634_PRJEB73710			
/home/labuser/rdcheng/gd/manual_files/annotation.W0639.gff	annotation	W0639	ASM_W0639_PRJEB73710	ANN_W0639_PRJEB73710			
/home/labuser/rdcheng/gd/manual_files/annotation.W1080.gff	annotation	W1080	ASM_W1080_PRJEB73710	ANN_W1080_PRJEB73710			
/home/labuser/rdcheng/gd/manual_files/annotation.W1084.gff	annotation	W1084	ASM_W1084_PRJEB73710	ANN_W1084_PRJEB73710			
/home/labuser/rdcheng/gd/manual_files/annotation.W1093.gff	annotation	W1093	ASM_W1093_PRJEB73710	ANN_W1093_PRJEB73710			
/home/labuser/rdcheng/gd/manual_files/annotation.W1107.gff	annotation	W1107	ASM_W1107_PRJEB73710	ANN_W1107_PRJEB73710			
/home/labuser/rdcheng/gd/manual_files/annotation.W1117.gff	annotation	W1117	ASM_W1117_PRJEB73710	ANN_W1117_PRJEB73710			
/home/labuser/rdcheng/gd/manual_files/annotation.W1126.gff	annotation	W1126	ASM_W1126_PRJEB73710	ANN_W1126_PRJEB73710			
/home/labuser/rdcheng/gd/manual_files/annotation.W1142.gff	annotation	W1142	ASM_W1142_PRJEB73710	ANN_W1142_PRJEB73710			
/home/labuser/rdcheng/gd/manual_files/annotation.W1214.gff	annotation	W1214	ASM_W1214_PRJEB73710	ANN_W1214_PRJEB73710			
/home/labuser/rdcheng/gd/manual_files/annotation.W1236.gff	annotation	W1236	ASM_W1236_PRJEB73710	ANN_W1236_PRJEB73710			
/home/labuser/rdcheng/gd/manual_files/annotation.W1292.gff	annotation	W1292	ASM_W1292_PRJEB73710	ANN_W1292_PRJEB73710			
/home/labuser/rdcheng/gd/manual_files/annotation.W1536.gff	annotation	W1536	ASM_W1536_PRJEB73710	ANN_W1536_PRJEB73710			
/home/labuser/rdcheng/gd/manual_files/annotation.W0627.gff	annotation	W0627	ASM_W0627_PRJEB73710	ANN_W0627_PRJEB73710			
/home/labuser/rdcheng/gd/manual_files/annotation.W1547.gff	annotation	W1547	ASM_W1547_PRJEB73710	ANN_W1547_PRJEB73710			
/home/labuser/rdcheng/gd/manual_files/annotation.W0103.gff	annotation	W0103	ASM_W0103_PRJEB73710	ANN_W0103_PRJEB73710			
/home/labuser/rdcheng/gd/manual_files/annotation.W1550.gff	annotation	W1550	ASM_W1550_PRJEB73710	ANN_W1550_PRJEB73710			
/home/labuser/rdcheng/gd/manual_files/annotation.W0107.gff	annotation	W0107	ASM_W0107_PRJEB73710	ANN_W0107_PRJEB73710			
/home/labuser/rdcheng/gd/manual_files/annotation.W1552.gff	annotation	W1552	ASM_W1552_PRJEB73710	ANN_W1552_PRJEB73710			
/home/labuser/rdcheng/gd/manual_files/annotation.W0108.gff	annotation	W0108	ASM_W0108_PRJEB73710	ANN_W0108_PRJEB73710			
/home/labuser/rdcheng/gd/manual_files/annotation.W1553.gff	annotation	W1553	ASM_W1553_PRJEB73710	ANN_W1553_PRJEB73710			
/home/labuser/rdcheng/gd/manual_files/annotation.W0133.gff	annotation	W0133	ASM_W0133_PRJEB73710	ANN_W0133_PRJEB73710			
/home/labuser/rdcheng/gd/manual_files/annotation.W1556.gff	annotation	W1556	ASM_W1556_PRJEB73710	ANN_W1556_PRJEB73710			
/home/labuser/rdcheng/gd/manual_files/annotation.W0135.gff	annotation	W0135	ASM_W0135_PRJEB73710	ANN_W0135_PRJEB73710			
/home/labuser/rdcheng/gd/manual_files/annotation.W1557.gff	annotation	W1557	ASM_W1557_PRJEB73710	ANN_W1557_PRJEB73710			
/home/labuser/rdcheng/gd/manual_files/annotation.W0136.gff	annotation	W0136	ASM_W0136_PRJEB73710	ANN_W0136_PRJEB73710			
/home/labuser/rdcheng/gd/manual_files/annotation.W1559.gff	annotation	W1559	ASM_W1559_PRJEB73710	ANN_W1559_PRJEB73710			
/home/labuser/rdcheng/gd/manual_files/annotation.W0137.gff	annotation	W0137	ASM_W0137_PRJEB73710	ANN_W0137_PRJEB73710			
/home/labuser/rdcheng/gd/manual_files/annotation.W1619.gff	annotation	W1619	ASM_W1619_PRJEB73710	ANN_W1619_PRJEB73710			
/home/labuser/rdcheng/gd/manual_files/annotation.W0143.gff	annotation	W0143	ASM_W0143_PRJEB73710	ANN_W0143_PRJEB73710			
/home/labuser/rdcheng/gd/manual_files/annotation.W1666.gff	annotation	W1666	ASM_W1666_PRJEB73710	ANN_W1666_PRJEB73710			
/home/labuser/rdcheng/gd/manual_files/annotation.W0145.gff	annotation	W0145	ASM_W0145_PRJEB73710	ANN_W0145_PRJEB73710			
/home/labuser/rdcheng/gd/manual_files/annotation.W1668.gff	annotation	W1668	ASM_W1668_PRJEB73710	ANN_W1668_PRJEB73710			
/home/labuser/rdcheng/gd/manual_files/annotation.W0147.gff	annotation	W0147	ASM_W0147_PRJEB73710	ANN_W0147_PRJEB73710			
/home/labuser/rdcheng/gd/manual_files/annotation.W1677.gff	annotation	W1677	ASM_W1677_PRJEB73710	ANN_W1677_PRJEB73710			
/home/labuser/rdcheng/gd/manual_files/annotation.W0149.gff	annotation	W0149	ASM_W0149_PRJEB73710	ANN_W0149_PRJEB73710			
/home/labuser/rdcheng/gd/manual_files/annotation.W1679.gff	annotation	W1679	ASM_W1679_PRJEB73710	ANN_W1679_PRJEB73710			
/home/labuser/rdcheng/gd/manual_files/annotation.W0157.gff	annotation	W0157	ASM_W0157_PRJEB73710	ANN_W0157_PRJEB73710			
/home/labuser/rdcheng/gd/manual_files/annotation.W1718.gff	annotation	W1718	ASM_W1718_PRJEB73710	ANN_W1718_PRJEB73710			
/home/labuser/rdcheng/gd/manual_files/annotation.W0164.gff	annotation	W0164	ASM_W0164_PRJEB73710	ANN_W0164_PRJEB73710			
/home/labuser/rdcheng/gd/manual_files/annotation.W1719.gff	annotation	W1719	ASM_W1719_PRJEB73710	ANN_W1719_PRJEB73710			
/home/labuser/rdcheng/gd/manual_files/annotation.W0166.gff	annotation	W0166	ASM_W0166_PRJEB73710	ANN_W0166_PRJEB73710			
/home/labuser/rdcheng/gd/manual_files/annotation.W1723.gff	annotation	W1723	ASM_W1723_PRJEB73710	ANN_W1723_PRJEB73710			
/home/labuser/rdcheng/gd/manual_files/annotation.W0169.gff	annotation	W0169	ASM_W0169_PRJEB73710	ANN_W0169_PRJEB73710			
/home/labuser/rdcheng/gd/manual_files/annotation.W1725.gff	annotation	W1725	ASM_W1725_PRJEB73710	ANN_W1725_PRJEB73710			
/home/labuser/rdcheng/gd/manual_files/annotation.W0171.gff	annotation	W0171	ASM_W0171_PRJEB73710	ANN_W0171_PRJEB73710			
/home/labuser/rdcheng/gd/manual_files/annotation.W1726.gff	annotation	W1726	ASM_W1726_PRJEB73710	ANN_W1726_PRJEB73710			
/home/labuser/rdcheng/gd/manual_files/annotation.W0179.gff	annotation	W0179	ASM_W0179_PRJEB73710	ANN_W0179_PRJEB73710			
/home/labuser/rdcheng/gd/manual_files/annotation.W1731.gff	annotation	W1731	ASM_W1731_PRJEB73710	ANN_W1731_PRJEB73710			
/home/labuser/rdcheng/gd/manual_files/annotation.W0180.gff	annotation	W0180	ASM_W0180_PRJEB73710	ANN_W0180_PRJEB73710			
/home/labuser/rdcheng/gd/manual_files/annotation.W1732.gff	annotation	W1732	ASM_W1732_PRJEB73710	ANN_W1732_PRJEB73710			
/home/labuser/rdcheng/gd/manual_files/annotation.W0234.gff	annotation	W0234	ASM_W0234_PRJEB73710	ANN_W0234_PRJEB73710			
/home/labuser/rdcheng/gd/manual_files/annotation.W1735.gff	annotation	W1735	ASM_W1735_PRJEB73710	ANN_W1735_PRJEB73710			
/home/labuser/rdcheng/gd/manual_files/annotation.W0573.gff	annotation	W0573	ASM_W0573_PRJEB73710	ANN_W0573_PRJEB73710			
/home/labuser/rdcheng/gd/manual_files/annotation.W1736.gff	annotation	W1736	ASM_W1736_PRJEB73710	ANN_W1736_PRJEB73710			
/home/labuser/rdcheng/gd/manual_files/annotation.W0590.gff	annotation	W0590	ASM_W0590_PRJEB73710	ANN_W0590_PRJEB73710			
/home/labuser/rdcheng/gd/manual_files/annotation.W1737.gff	annotation	W1737	ASM_W1737_PRJEB73710	ANN_W1737_PRJEB73710			
/home/labuser/rdcheng/gd/manual_files/annotation.W0594.gff	annotation	W0594	ASM_W0594_PRJEB73710	ANN_W0594_PRJEB73710			
/home/labuser/rdcheng/gd/manual_files/annotation.W1742.gff	annotation	W1742	ASM_W1742_PRJEB73710	ANN_W1742_PRJEB73710			
/home/labuser/rdcheng/gd/manual_files/annotation.W0596.gff	annotation	W0596	ASM_W0596_PRJEB73710	ANN_W0596_PRJEB73710			
/home/labuser/rdcheng/gd/manual_files/annotation.W1748.gff	annotation	W1748	ASM_W1748_PRJEB73710	ANN_W1748_PRJEB73710			
/home/labuser/rdcheng/gd/manual_files/annotation.W0600.gff	annotation	W0600	ASM_W0600_PRJEB73710	ANN_W0600_PRJEB73710			
/home/labuser/rdcheng/gd/manual_files/annotation.W1750.gff	annotation	W1750	ASM_W1750_PRJEB73710	ANN_W1750_PRJEB73710			
/home/labuser/rdcheng/gd/manual_files/annotation.W1777.gff	annotation	W1777	ASM_W1777_PRJEB73710	ANN_W1777_PRJEB73710			
/home/labuser/rdcheng/gd/manual_files/annotation.W1783.gff	annotation	W1783	ASM_W1783_PRJEB73710	ANN_W1783_PRJEB73710			
/home/labuser/rdcheng/gd/manual_files/annotation.W1787.gff	annotation	W1787	ASM_W1787_PRJEB73710	ANN_W1787_PRJEB73710			
/home/labuser/rdcheng/gd/manual_files/annotation.W1809.gff	annotation	W1809	ASM_W1809_PRJEB73710	ANN_W1809_PRJEB73710			
/home/labuser/rdcheng/gd/manual_files/annotation.W1810.gff	annotation	W1810	ASM_W1810_PRJEB73710	ANN_W1810_PRJEB73710			
/home/labuser/rdcheng/gd/manual_files/annotation.W1825.gff	annotation	W1825	ASM_W1825_PRJEB73710	ANN_W1825_PRJEB73710			
/home/labuser/rdcheng/gd/manual_files/annotation.W1839.gff	annotation	W1839	ASM_W1839_PRJEB73710	ANN_W1839_PRJEB73710			
/home/labuser/rdcheng/gd/manual_files/annotation.W1859.gff	annotation	W1859	ASM_W1859_PRJEB73710	ANN_W1859_PRJEB73710			
/home/labuser/rdcheng/gd/manual_files/annotation.W1865.gff	annotation	W1865	ASM_W1865_PRJEB73710	ANN_W1865_PRJEB73710			
/home/labuser/rdcheng/gd/manual_files/annotation.W1880.gff	annotation	W1880	ASM_W1880_PRJEB73710	ANN_W1880_PRJEB73710			
/home/labuser/rdcheng/gd/manual_files/annotation.W1890.gff	annotation	W1890	ASM_W1890_PRJEB73710	ANN_W1890_PRJEB73710			
/home/labuser/rdcheng/gd/manual_files/annotation.W1895.gff	annotation	W1895	ASM_W1895_PRJEB73710	ANN_W1895_PRJEB73710			
/home/labuser/rdcheng/gd/manual_files/annotation.W1919.gff	annotation	W1919	ASM_W1919_PRJEB73710	ANN_W1919_PRJEB73710			
/home/labuser/rdcheng/gd/manual_files/annotation.W1943.gff	annotation	W1943	ASM_W1943_PRJEB73710	ANN_W1943_PRJEB73710			
/home/labuser/rdcheng/gd/manual_files/annotation.W1970.gff	annotation	W1970	ASM_W1970_PRJEB73710	ANN_W1970_PRJEB73710			
/home/labuser/rdcheng/gd/manual_files/annotation.W1976.gff	annotation	W1976	ASM_W1976_PRJEB73710	ANN_W1976_PRJEB73710			
/home/labuser/rdcheng/gd/manual_files/annotation.W2005.gff	annotation	W2005	ASM_W2005_PRJEB73710	ANN_W2005_PRJEB73710			
/home/labuser/rdcheng/gd/manual_files/annotation.W2022.gff	annotation	W2022	ASM_W2022_PRJEB73710	ANN_W2022_PRJEB73710			
/home/labuser/rdcheng/gd/manual_files/annotation.W2036.gff	annotation	W2036	ASM_W2036_PRJEB73710	ANN_W2036_PRJEB73710			
/home/labuser/rdcheng/gd/manual_files/annotation.W2051.gff	annotation	W2051	ASM_W2051_PRJEB73710	ANN_W2051_PRJEB73710			
/home/labuser/rdcheng/gd/manual_files/annotation.W2053.gff	annotation	W2053	ASM_W2053_PRJEB73710	ANN_W2053_PRJEB73710			
/home/labuser/rdcheng/gd/manual_files/annotation.W2064.gff	annotation	W2064	ASM_W2064_PRJEB73710	ANN_W2064_PRJEB73710			
/home/labuser/rdcheng/gd/manual_files/annotation.W2066.gff	annotation	W2066	ASM_W2066_PRJEB73710	ANN_W2066_PRJEB73710			
/home/labuser/rdcheng/gd/manual_files/annotation.W2099.gff	annotation	W2099	ASM_W2099_PRJEB73710	ANN_W2099_PRJEB73710			
/home/labuser/rdcheng/gd/manual_files/annotation.W2108.gff	annotation	W2108	ASM_W2108_PRJEB73710	ANN_W2108_PRJEB73710			
/home/labuser/rdcheng/gd/manual_files/annotation.W2197.gff	annotation	W2197	ASM_W2197_PRJEB73710	ANN_W2197_PRJEB73710			
/home/labuser/rdcheng/gd/manual_files/annotation.W2267.gff	annotation	W2267	ASM_W2267_PRJEB73710	ANN_W2267_PRJEB73710			
/home/labuser/rdcheng/gd/manual_files/annotation.W2275.gff	annotation	W2275	ASM_W2275_PRJEB73710	ANN_W2275_PRJEB73710			
/home/labuser/rdcheng/gd/manual_files/annotation.W2283.gff	annotation	W2283	ASM_W2283_PRJEB73710	ANN_W2283_PRJEB73710			
/home/labuser/rdcheng/gd/manual_files/annotation.W2305.gff	annotation	W2305	ASM_W2305_PRJEB73710	ANN_W2305_PRJEB73710			
/home/labuser/rdcheng/gd/manual_files/annotation.W2308.gff	annotation	W2308	ASM_W2308_PRJEB73710	ANN_W2308_PRJEB73710			
/home/labuser/rdcheng/gd/manual_files/annotation.W2310.gff	annotation	W2310	ASM_W2310_PRJEB73710	ANN_W2310_PRJEB73710			
/home/labuser/rdcheng/gd/manual_files/annotation.W2311.gff	annotation	W2311	ASM_W2311_PRJEB73710	ANN_W2311_PRJEB73710			
/home/labuser/rdcheng/gd/manual_files/annotation.W2318.gff	annotation	W2318	ASM_W2318_PRJEB73710	ANN_W2318_PRJEB73710			
/home/labuser/rdcheng/gd/manual_files/annotation.W2319.gff	annotation	W2319	ASM_W2319_PRJEB73710	ANN_W2319_PRJEB73710			
/home/labuser/rdcheng/gd/manual_files/annotation.W2320.gff	annotation	W2320	ASM_W2320_PRJEB73710	ANN_W2320_PRJEB73710			
/home/labuser/rdcheng/gd/manual_files/annotation.W2321.gff	annotation	W2321	ASM_W2321_PRJEB73710	ANN_W2321_PRJEB73710			
/home/labuser/rdcheng/gd/manual_files/annotation.W2332.gff	annotation	W2332	ASM_W2332_PRJEB73710	ANN_W2332_PRJEB73710			
/home/labuser/rdcheng/gd/manual_files/annotation.W3000.gff	annotation	W3000	ASM_W3000_PRJEB73710	ANN_W3000_PRJEB73710			
/home/labuser/rdcheng/gd/manual_files/annotation.W3007.gff	annotation	W3007	ASM_W3007_PRJEB73710	ANN_W3007_PRJEB73710			
/home/labuser/rdcheng/gd/manual_files/annotation.W3009.gff	annotation	W3009	ASM_W3009_PRJEB73710	ANN_W3009_PRJEB73710			
/home/labuser/rdcheng/gd/manual_files/annotation.W3012.gff	annotation	W3012	ASM_W3012_PRJEB73710	ANN_W3012_PRJEB73710			
/home/labuser/rdcheng/gd/manual_files/annotation.W3029.gff	annotation	W3029	ASM_W3029_PRJEB73710	ANN_W3029_PRJEB73710			
/home/labuser/rdcheng/gd/manual_files/annotation.W3033.gff	annotation	W3033	ASM_W3033_PRJEB73710	ANN_W3033_PRJEB73710			
/home/labuser/rdcheng/gd/manual_files/annotation.W3035.gff	annotation	W3035	ASM_W3035_PRJEB73710	ANN_W3035_PRJEB73710			
/home/labuser/rdcheng/gd/manual_files/annotation.W3037.gff	annotation	W3037	ASM_W3037_PRJEB73710	ANN_W3037_PRJEB73710			
/home/labuser/rdcheng/gd/manual_files/annotation.W3038.gff	annotation	W3038	ASM_W3038_PRJEB73710	ANN_W3038_PRJEB73710			
/home/labuser/rdcheng/gd/manual_files/annotation.W3040.gff	annotation	W3040	ASM_W3040_PRJEB73710	ANN_W3040_PRJEB73710			
/home/labuser/rdcheng/gd/manual_files/annotation.W3046.gff	annotation	W3046	ASM_W3046_PRJEB73710	ANN_W3046_PRJEB73710			
/home/labuser/rdcheng/gd/manual_files/annotation.W3047.gff	annotation	W3047	ASM_W3047_PRJEB73710	ANN_W3047_PRJEB73710			
/home/labuser/rdcheng/gd/manual_files/annotation.W3051.gff	annotation	W3051	ASM_W3051_PRJEB73710	ANN_W3051_PRJEB73710			
/home/labuser/rdcheng/gd/manual_files/annotation.W3052.gff	annotation	W3052	ASM_W3052_PRJEB73710	ANN_W3052_PRJEB73710			
/home/labuser/rdcheng/gd/manual_files/annotation.W3054.gff	annotation	W3054	ASM_W3054_PRJEB73710	ANN_W3054_PRJEB73710			
/home/labuser/rdcheng/gd/manual_files/annotation.W3055.gff	annotation	W3055	ASM_W3055_PRJEB73710	ANN_W3055_PRJEB73710			
/home/labuser/rdcheng/gd/manual_files/annotation.W3063.gff	annotation	W3063	ASM_W3063_PRJEB73710	ANN_W3063_PRJEB73710			
/home/labuser/rdcheng/gd/manual_files/annotation.W3066.gff	annotation	W3066	ASM_W3066_PRJEB73710	ANN_W3066_PRJEB73710			
/home/labuser/rdcheng/gd/manual_files/annotation.W3071.gff	annotation	W3071	ASM_W3071_PRJEB73710	ANN_W3071_PRJEB73710			
/home/labuser/rdcheng/gd/manual_files/annotation.W3074.gff	annotation	W3074	ASM_W3074_PRJEB73710	ANN_W3074_PRJEB73710			
/home/labuser/rdcheng/gd/manual_files/annotation.W3082.gff	annotation	W3082	ASM_W3082_PRJEB73710	ANN_W3082_PRJEB73710			
/home/labuser/rdcheng/gd/manual_files/annotation.W3086.gff	annotation	W3086	ASM_W3086_PRJEB73710	ANN_W3086_PRJEB73710			
/home/labuser/rdcheng/gd/manual_files/annotation.W3088.gff	annotation	W3088	ASM_W3088_PRJEB73710	ANN_W3088_PRJEB73710			
/home/labuser/rdcheng/gd/manual_files/annotation.W3090.gff	annotation	W3090	ASM_W3090_PRJEB73710	ANN_W3090_PRJEB73710			
/home/labuser/rdcheng/gd/manual_files/annotation.W3092.gff	annotation	W3092	ASM_W3092_PRJEB73710	ANN_W3092_PRJEB73710			
/home/labuser/rdcheng/gd/manual_files/annotation.W3096.gff	annotation	W3096	ASM_W3096_PRJEB73710	ANN_W3096_PRJEB73710			
