sample_code	sample_name	species_code	accession	tissue	treatment	replicate	data_type	description	experiment_accession	biosample_accession	run_count	run_accessions	ena_study	instrument_platform	instrument_model
ERX12707172	Nipponbare_fringe	ORYZA_SATIVA	Nipponbare	fringe			RNA-Seq	scientific_name=Oryza sativa; BioSample=SAMEA115396723; ENA_sample=ERS18417304; Experiment=ERX12707172; Run=ERR13336206; source=ENA PRJEB73710	ERX12707172	SAMEA115396723	1	ERR13336206	ERP158450	ILLUMINA	Illumina HiSeq 4000
ERX12707294	Nipponbare_seedling	ORYZA_SATIVA	Nipponbare	seedling			RNA-Seq	scientific_name=Oryza sativa; BioSample=SAMEA115396723; ENA_sample=ERS18417304; Experiment=ERX12707294; Run=ERR13336328; source=ENA PRJEB73710	ERX12707294	SAMEA115396723	1	ERR13336328	ERP158450	ILLUMINA	Illumina HiSeq 4000
ERX12707431	Nipponbare_leaf	ORYZA_SATIVA	Nipponbare	leaf			RNA-Seq	scientific_name=Oryza sativa; BioSample=SAMEA115396723; ENA_sample=ERS18417304; Experiment=ERX12707431; Run=ERR13336465; source=ENA PRJEB73710	ERX12707431	SAMEA115396723	1	ERR13336465	ERP158450	ILLUMINA	Illumina HiSeq 4000
ERX12707580	Nipponbare_root	ORYZA_SATIVA	Nipponbare	root			RNA-Seq	scientific_name=Oryza sativa; BioSample=SAMEA115396723; ENA_sample=ERS18417304; Experiment=ERX12707580; Run=ERR13336614; source=ENA PRJEB73710	ERX12707580	SAMEA115396723	1	ERR13336614	ERP158450	ILLUMINA	Illumina HiSeq 4000
ERX12707174	W0103_fringe	ORYZA_RUFIPOGON	W0103	fringe			RNA-Seq	scientific_name=Oryza rufipogon; BioSample=SAMEA115396724; ENA_sample=ERS18417305; Experiment=ERX12707174; Run=ERR13336208; source=ENA PRJEB73710	ERX12707174	SAMEA115396724	1	ERR13336208	ERP158450	ILLUMINA	Illumina HiSeq 4000
ERX12707297	W0103_seedling	ORYZA_RUFIPOGON	W0103	seedling			RNA-Seq	scientific_name=Oryza rufipogon; BioSample=SAMEA115396724; ENA_sample=ERS18417305; Experiment=ERX12707297; Run=ERR13336331; source=ENA PRJEB73710	ERX12707297	SAMEA115396724	1	ERR13336331	ERP158450	ILLUMINA	Illumina HiSeq 4000
ERX12707436	W0103_leaf	ORYZA_RUFIPOGON	W0103	leaf			RNA-Seq	scientific_name=Oryza rufipogon; BioSample=SAMEA115396724; ENA_sample=ERS18417305; Experiment=ERX12707436; Run=ERR13336470; source=ENA PRJEB73710	ERX12707436	SAMEA115396724	1	ERR13336470	ERP158450	ILLUMINA	Illumina HiSeq 4000
ERX12707585	W0103_root	ORYZA_RUFIPOGON	W0103	root			RNA-Seq	scientific_name=Oryza rufipogon; BioSample=SAMEA115396724; ENA_sample=ERS18417305; Experiment=ERX12707585; Run=ERR13336619; source=ENA PRJEB73710	ERX12707585	SAMEA115396724	1	ERR13336619	ERP158450	ILLUMINA	Illumina HiSeq 4000
ERX12707175	W0107_fringe	ORYZA_RUFIPOGON	W0107	fringe			RNA-Seq	scientific_name=Oryza rufipogon; BioSample=SAMEA115396725; ENA_sample=ERS18417306; Experiment=ERX12707175; Run=ERR13336209; source=ENA PRJEB73710	ERX12707175	SAMEA115396725	1	ERR13336209	ERP158450	ILLUMINA	Illumina HiSeq 4000
ERX12707298	W0107_seedling	ORYZA_RUFIPOGON	W0107	seedling			RNA-Seq	scientific_name=Oryza rufipogon; BioSample=SAMEA115396725; ENA_sample=ERS18417306; Experiment=ERX12707298; Run=ERR13336332; source=ENA PRJEB73710	ERX12707298	SAMEA115396725	1	ERR13336332	ERP158450	ILLUMINA	Illumina HiSeq 4000
ERX12707437	W0107_leaf	ORYZA_RUFIPOGON	W0107	leaf			RNA-Seq	scientific_name=Oryza rufipogon; BioSample=SAMEA115396725; ENA_sample=ERS18417306; Experiment=ERX12707437; Run=ERR13336471; source=ENA PRJEB73710	ERX12707437	SAMEA115396725	1	ERR13336471	ERP158450	ILLUMINA	Illumina HiSeq 4000
ERX12707586	W0107_root	ORYZA_RUFIPOGON	W0107	root			RNA-Seq	scientific_name=Oryza rufipogon; BioSample=SAMEA115396725; ENA_sample=ERS18417306; Experiment=ERX12707586; Run=ERR13336620; source=ENA PRJEB73710	ERX12707586	SAMEA115396725	1	ERR13336620	ERP158450	ILLUMINA	Illumina HiSeq 4000
ERX12707176	W0108_fringe	ORYZA_RUFIPOGON	W0108	fringe			RNA-Seq	scientific_name=Oryza rufipogon; BioSample=SAMEA115396726; ENA_sample=ERS18417307; Experiment=ERX12707176; Run=ERR13336210; source=ENA PRJEB73710	ERX12707176	SAMEA115396726	1	ERR13336210	ERP158450	ILLUMINA	Illumina HiSeq 4000
ERX12707299	W0108_seedling	ORYZA_RUFIPOGON	W0108	seedling			RNA-Seq	scientific_name=Oryza rufipogon; BioSample=SAMEA115396726; ENA_sample=ERS18417307; Experiment=ERX12707299; Run=ERR13336333; source=ENA PRJEB73710	ERX12707299	SAMEA115396726	1	ERR13336333	ERP158450	ILLUMINA	Illumina HiSeq 4000
ERX12707438	W0108_leaf	ORYZA_RUFIPOGON	W0108	leaf			RNA-Seq	scientific_name=Oryza rufipogon; BioSample=SAMEA115396726; ENA_sample=ERS18417307; Experiment=ERX12707438; Run=ERR13336472; source=ENA PRJEB73710	ERX12707438	SAMEA115396726	1	ERR13336472	ERP158450	ILLUMINA	Illumina HiSeq 4000
ERX12707587	W0108_root	ORYZA_RUFIPOGON	W0108	root			RNA-Seq	scientific_name=Oryza rufipogon; BioSample=SAMEA115396726; ENA_sample=ERS18417307; Experiment=ERX12707587; Run=ERR13336621; source=ENA PRJEB73710	ERX12707587	SAMEA115396726	1	ERR13336621	ERP158450	ILLUMINA	Illumina HiSeq 4000
ERX12707177	W0133_fringe	ORYZA_RUFIPOGON	W0133	fringe			RNA-Seq	scientific_name=Oryza rufipogon; BioSample=SAMEA115396727; ENA_sample=ERS18417308; Experiment=ERX12707177; Run=ERR13336211; source=ENA PRJEB73710	ERX12707177	SAMEA115396727	1	ERR13336211	ERP158450	ILLUMINA	Illumina HiSeq 4000
ERX12707300	W0133_seedling	ORYZA_RUFIPOGON	W0133	seedling			RNA-Seq	scientific_name=Oryza rufipogon; BioSample=SAMEA115396727; ENA_sample=ERS18417308; Experiment=ERX12707300; Run=ERR13336334; source=ENA PRJEB73710	ERX12707300	SAMEA115396727	1	ERR13336334	ERP158450	ILLUMINA	Illumina HiSeq 4000
ERX12707439	W0133_leaf	ORYZA_RUFIPOGON	W0133	leaf			RNA-Seq	scientific_name=Oryza rufipogon; BioSample=SAMEA115396727; ENA_sample=ERS18417308; Experiment=ERX12707439; Run=ERR13336473; source=ENA PRJEB73710	ERX12707439	SAMEA115396727	1	ERR13336473	ERP158450	ILLUMINA	Illumina HiSeq 4000
ERX12707588	W0133_root	ORYZA_RUFIPOGON	W0133	root			RNA-Seq	scientific_name=Oryza rufipogon; BioSample=SAMEA115396727; ENA_sample=ERS18417308; Experiment=ERX12707588; Run=ERR13336622; source=ENA PRJEB73710	ERX12707588	SAMEA115396727	1	ERR13336622	ERP158450	ILLUMINA	Illumina HiSeq 4000
ERX12707178	W0135_fringe	ORYZA_RUFIPOGON	W0135	fringe			RNA-Seq	scientific_name=Oryza rufipogon; BioSample=SAMEA115396728; ENA_sample=ERS18417309; Experiment=ERX12707178; Run=ERR13336212; source=ENA PRJEB73710	ERX12707178	SAMEA115396728	1	ERR13336212	ERP158450	ILLUMINA	Illumina HiSeq 4000
ERX12707301	W0135_seedling	ORYZA_RUFIPOGON	W0135	seedling			RNA-Seq	scientific_name=Oryza rufipogon; BioSample=SAMEA115396728; ENA_sample=ERS18417309; Experiment=ERX12707301; Run=ERR13336335; source=ENA PRJEB73710	ERX12707301	SAMEA115396728	1	ERR13336335	ERP158450	ILLUMINA	Illumina HiSeq 4000
ERX12707440	W0135_leaf	ORYZA_RUFIPOGON	W0135	leaf			RNA-Seq	scientific_name=Oryza rufipogon; BioSample=SAMEA115396728; ENA_sample=ERS18417309; Experiment=ERX12707440; Run=ERR13336474; source=ENA PRJEB73710	ERX12707440	SAMEA115396728	1	ERR13336474	ERP158450	ILLUMINA	Illumina HiSeq 4000
ERX12707589	W0135_root	ORYZA_RUFIPOGON	W0135	root			RNA-Seq	scientific_name=Oryza rufipogon; BioSample=SAMEA115396728; ENA_sample=ERS18417309; Experiment=ERX12707589; Run=ERR13336623; source=ENA PRJEB73710	ERX12707589	SAMEA115396728	1	ERR13336623	ERP158450	ILLUMINA	Illumina HiSeq 4000
ERX12707179	W0136_fringe	ORYZA_RUFIPOGON	W0136	fringe			RNA-Seq	scientific_name=Oryza rufipogon; BioSample=SAMEA115396729; ENA_sample=ERS18417310; Experiment=ERX12707179; Run=ERR13336213; source=ENA PRJEB73710	ERX12707179	SAMEA115396729	1	ERR13336213	ERP158450	ILLUMINA	Illumina HiSeq 4000
ERX12707302	W0136_seedling	ORYZA_RUFIPOGON	W0136	seedling			RNA-Seq	scientific_name=Oryza rufipogon; BioSample=SAMEA115396729; ENA_sample=ERS18417310; Experiment=ERX12707302; Run=ERR13336336; source=ENA PRJEB73710	ERX12707302	SAMEA115396729	1	ERR13336336	ERP158450	ILLUMINA	Illumina HiSeq 4000
ERX12707441	W0136_leaf	ORYZA_RUFIPOGON	W0136	leaf			RNA-Seq	scientific_name=Oryza rufipogon; BioSample=SAMEA115396729; ENA_sample=ERS18417310; Experiment=ERX12707441; Run=ERR13336475; source=ENA PRJEB73710	ERX12707441	SAMEA115396729	1	ERR13336475	ERP158450	ILLUMINA	Illumina HiSeq 4000
ERX12707590	W0136_root	ORYZA_RUFIPOGON	W0136	root			RNA-Seq	scientific_name=Oryza rufipogon; BioSample=SAMEA115396729; ENA_sample=ERS18417310; Experiment=ERX12707590; Run=ERR13336624; source=ENA PRJEB73710	ERX12707590	SAMEA115396729	1	ERR13336624	ERP158450	ILLUMINA	Illumina HiSeq 4000
ERX12707180	W0137_fringe	ORYZA_RUFIPOGON	W0137	fringe			RNA-Seq	scientific_name=Oryza rufipogon; BioSample=SAMEA115396730; ENA_sample=ERS18417311; Experiment=ERX12707180; Run=ERR13336214; source=ENA PRJEB73710	ERX12707180	SAMEA115396730	1	ERR13336214	ERP158450	ILLUMINA	Illumina HiSeq 4000
ERX12707303	W0137_seedling	ORYZA_RUFIPOGON	W0137	seedling			RNA-Seq	scientific_name=Oryza rufipogon; BioSample=SAMEA115396730; ENA_sample=ERS18417311; Experiment=ERX12707303; Run=ERR13336337; source=ENA PRJEB73710	ERX12707303	SAMEA115396730	1	ERR13336337	ERP158450	ILLUMINA	Illumina HiSeq 4000
ERX12707442	W0137_leaf	ORYZA_RUFIPOGON	W0137	leaf			RNA-Seq	scientific_name=Oryza rufipogon; BioSample=SAMEA115396730; ENA_sample=ERS18417311; Experiment=ERX12707442; Run=ERR13336476; source=ENA PRJEB73710	ERX12707442	SAMEA115396730	1	ERR13336476	ERP158450	ILLUMINA	Illumina HiSeq 4000
ERX12707591	W0137_root	ORYZA_RUFIPOGON	W0137	root			RNA-Seq	scientific_name=Oryza rufipogon; BioSample=SAMEA115396730; ENA_sample=ERS18417311; Experiment=ERX12707591; Run=ERR13336625; source=ENA PRJEB73710	ERX12707591	SAMEA115396730	1	ERR13336625	ERP158450	ILLUMINA	Illumina HiSeq 4000
ERX12707443	W0143_leaf	ORYZA_RUFIPOGON	W0143	leaf			RNA-Seq	scientific_name=Oryza rufipogon; BioSample=SAMEA115396731; ENA_sample=ERS18417312; Experiment=ERX12707443; Run=ERR13336477; source=ENA PRJEB73710	ERX12707443	SAMEA115396731	1	ERR13336477	ERP158450	ILLUMINA	Illumina HiSeq 4000
ERX12707592	W0143_root	ORYZA_RUFIPOGON	W0143	root			RNA-Seq	scientific_name=Oryza rufipogon; BioSample=SAMEA115396731; ENA_sample=ERS18417312; Experiment=ERX12707592; Run=ERR13336626; source=ENA PRJEB73710	ERX12707592	SAMEA115396731	1	ERR13336626	ERP158450	ILLUMINA	Illumina HiSeq 4000
ERX12707181	W0145_fringe	ORYZA_RUFIPOGON	W0145	fringe			RNA-Seq	scientific_name=Oryza rufipogon; BioSample=SAMEA115396732; ENA_sample=ERS18417313; Experiment=ERX12707181; Run=ERR13336215; source=ENA PRJEB73710	ERX12707181	SAMEA115396732	1	ERR13336215	ERP158450	ILLUMINA	Illumina HiSeq 4000
ERX12707304	W0145_seedling	ORYZA_RUFIPOGON	W0145	seedling			RNA-Seq	scientific_name=Oryza rufipogon; BioSample=SAMEA115396732; ENA_sample=ERS18417313; Experiment=ERX12707304; Run=ERR13336338; source=ENA PRJEB73710	ERX12707304	SAMEA115396732	1	ERR13336338	ERP158450	ILLUMINA	Illumina HiSeq 4000
ERX12707444	W0145_leaf	ORYZA_RUFIPOGON	W0145	leaf			RNA-Seq	scientific_name=Oryza rufipogon; BioSample=SAMEA115396732; ENA_sample=ERS18417313; Experiment=ERX12707444; Run=ERR13336478; source=ENA PRJEB73710	ERX12707444	SAMEA115396732	1	ERR13336478	ERP158450	ILLUMINA	Illumina HiSeq 4000
ERX12707593	W0145_root	ORYZA_RUFIPOGON	W0145	root			RNA-Seq	scientific_name=Oryza rufipogon; BioSample=SAMEA115396732; ENA_sample=ERS18417313; Experiment=ERX12707593; Run=ERR13336627; source=ENA PRJEB73710	ERX12707593	SAMEA115396732	1	ERR13336627	ERP158450	ILLUMINA	Illumina HiSeq 4000
ERX12707182	W0147_fringe	ORYZA_RUFIPOGON	W0147	fringe			RNA-Seq	scientific_name=Oryza rufipogon; BioSample=SAMEA115396733; ENA_sample=ERS18417314; Experiment=ERX12707182; Run=ERR13336216; source=ENA PRJEB73710	ERX12707182	SAMEA115396733	1	ERR13336216	ERP158450	ILLUMINA	Illumina HiSeq 4000
ERX12707305	W0147_seedling	ORYZA_RUFIPOGON	W0147	seedling			RNA-Seq	scientific_name=Oryza rufipogon; BioSample=SAMEA115396733; ENA_sample=ERS18417314; Experiment=ERX12707305; Run=ERR13336339; source=ENA PRJEB73710	ERX12707305	SAMEA115396733	1	ERR13336339	ERP158450	ILLUMINA	Illumina HiSeq 4000
ERX12707445	W0147_leaf	ORYZA_RUFIPOGON	W0147	leaf			RNA-Seq	scientific_name=Oryza rufipogon; BioSample=SAMEA115396733; ENA_sample=ERS18417314; Experiment=ERX12707445; Run=ERR13336479; source=ENA PRJEB73710	ERX12707445	SAMEA115396733	1	ERR13336479	ERP158450	ILLUMINA	Illumina HiSeq 4000
ERX12707594	W0147_root	ORYZA_RUFIPOGON	W0147	root			RNA-Seq	scientific_name=Oryza rufipogon; BioSample=SAMEA115396733; ENA_sample=ERS18417314; Experiment=ERX12707594; Run=ERR13336628; source=ENA PRJEB73710	ERX12707594	SAMEA115396733	1	ERR13336628	ERP158450	ILLUMINA	Illumina HiSeq 4000
ERX12707183	W0149_fringe	ORYZA_RUFIPOGON	W0149	fringe			RNA-Seq	scientific_name=Oryza rufipogon; BioSample=SAMEA115396734; ENA_sample=ERS18417315; Experiment=ERX12707183; Run=ERR13336217; source=ENA PRJEB73710	ERX12707183	SAMEA115396734	1	ERR13336217	ERP158450	ILLUMINA	Illumina HiSeq 4000
ERX12707306	W0149_seedling	ORYZA_RUFIPOGON	W0149	seedling			RNA-Seq	scientific_name=Oryza rufipogon; BioSample=SAMEA115396734; ENA_sample=ERS18417315; Experiment=ERX12707306; Run=ERR13336340; source=ENA PRJEB73710	ERX12707306	SAMEA115396734	1	ERR13336340	ERP158450	ILLUMINA	Illumina HiSeq 4000
ERX12707446	W0149_leaf	ORYZA_RUFIPOGON	W0149	leaf			RNA-Seq	scientific_name=Oryza rufipogon; BioSample=SAMEA115396734; ENA_sample=ERS18417315; Experiment=ERX12707446; Run=ERR13336480; source=ENA PRJEB73710	ERX12707446	SAMEA115396734	1	ERR13336480	ERP158450	ILLUMINA	Illumina HiSeq 4000
ERX12707595	W0149_root	ORYZA_RUFIPOGON	W0149	root			RNA-Seq	scientific_name=Oryza rufipogon; BioSample=SAMEA115396734; ENA_sample=ERS18417315; Experiment=ERX12707595; Run=ERR13336629; source=ENA PRJEB73710	ERX12707595	SAMEA115396734	1	ERR13336629	ERP158450	ILLUMINA	Illumina HiSeq 4000
ERX12707184	W0157_fringe	ORYZA_RUFIPOGON	W0157	fringe			RNA-Seq	scientific_name=Oryza rufipogon; BioSample=SAMEA115396735; ENA_sample=ERS18417316; Experiment=ERX12707184; Run=ERR13336218; source=ENA PRJEB73710	ERX12707184	SAMEA115396735	1	ERR13336218	ERP158450	ILLUMINA	Illumina HiSeq 4000
ERX12707307	W0157_seedling	ORYZA_RUFIPOGON	W0157	seedling			RNA-Seq	scientific_name=Oryza rufipogon; BioSample=SAMEA115396735; ENA_sample=ERS18417316; Experiment=ERX12707307; Run=ERR13336341; source=ENA PRJEB73710	ERX12707307	SAMEA115396735	1	ERR13336341	ERP158450	ILLUMINA	Illumina HiSeq 4000
ERX12707447	W0157_leaf	ORYZA_RUFIPOGON	W0157	leaf			RNA-Seq	scientific_name=Oryza rufipogon; BioSample=SAMEA115396735; ENA_sample=ERS18417316; Experiment=ERX12707447; Run=ERR13336481; source=ENA PRJEB73710	ERX12707447	SAMEA115396735	1	ERR13336481	ERP158450	ILLUMINA	Illumina HiSeq 4000
ERX12707596	W0157_root	ORYZA_RUFIPOGON	W0157	root			RNA-Seq	scientific_name=Oryza rufipogon; BioSample=SAMEA115396735; ENA_sample=ERS18417316; Experiment=ERX12707596; Run=ERR13336630; source=ENA PRJEB73710	ERX12707596	SAMEA115396735	1	ERR13336630	ERP158450	ILLUMINA	Illumina HiSeq 4000
ERX12707185	W0164_fringe	ORYZA_RUFIPOGON	W0164	fringe			RNA-Seq	scientific_name=Oryza rufipogon; BioSample=SAMEA115396736; ENA_sample=ERS18417317; Experiment=ERX12707185; Run=ERR13336219; source=ENA PRJEB73710	ERX12707185	SAMEA115396736	1	ERR13336219	ERP158450	ILLUMINA	Illumina HiSeq 4000
ERX12707308	W0164_seedling	ORYZA_RUFIPOGON	W0164	seedling			RNA-Seq	scientific_name=Oryza rufipogon; BioSample=SAMEA115396736; ENA_sample=ERS18417317; Experiment=ERX12707308; Run=ERR13336342; source=ENA PRJEB73710	ERX12707308	SAMEA115396736	1	ERR13336342	ERP158450	ILLUMINA	Illumina HiSeq 4000
ERX12707448	W0164_leaf	ORYZA_RUFIPOGON	W0164	leaf			RNA-Seq	scientific_name=Oryza rufipogon; BioSample=SAMEA115396736; ENA_sample=ERS18417317; Experiment=ERX12707448; Run=ERR13336482; source=ENA PRJEB73710	ERX12707448	SAMEA115396736	1	ERR13336482	ERP158450	ILLUMINA	Illumina HiSeq 4000
ERX12707597	W0164_root	ORYZA_RUFIPOGON	W0164	root			RNA-Seq	scientific_name=Oryza rufipogon; BioSample=SAMEA115396736; ENA_sample=ERS18417317; Experiment=ERX12707597; Run=ERR13336631; source=ENA PRJEB73710	ERX12707597	SAMEA115396736	1	ERR13336631	ERP158450	ILLUMINA	Illumina HiSeq 4000
ERX12707186	W0166_fringe	ORYZA_RUFIPOGON	W0166	fringe			RNA-Seq	scientific_name=Oryza rufipogon; BioSample=SAMEA115396737; ENA_sample=ERS18417318; Experiment=ERX12707186; Run=ERR13336220; source=ENA PRJEB73710	ERX12707186	SAMEA115396737	1	ERR13336220	ERP158450	ILLUMINA	Illumina HiSeq 4000
ERX12707309	W0166_seedling	ORYZA_RUFIPOGON	W0166	seedling			RNA-Seq	scientific_name=Oryza rufipogon; BioSample=SAMEA115396737; ENA_sample=ERS18417318; Experiment=ERX12707309; Run=ERR13336343; source=ENA PRJEB73710	ERX12707309	SAMEA115396737	1	ERR13336343	ERP158450	ILLUMINA	Illumina HiSeq 4000
ERX12707449	W0166_leaf	ORYZA_RUFIPOGON	W0166	leaf			RNA-Seq	scientific_name=Oryza rufipogon; BioSample=SAMEA115396737; ENA_sample=ERS18417318; Experiment=ERX12707449; Run=ERR13336483; source=ENA PRJEB73710	ERX12707449	SAMEA115396737	1	ERR13336483	ERP158450	ILLUMINA	Illumina HiSeq 4000
ERX12707598	W0166_root	ORYZA_RUFIPOGON	W0166	root			RNA-Seq	scientific_name=Oryza rufipogon; BioSample=SAMEA115396737; ENA_sample=ERS18417318; Experiment=ERX12707598; Run=ERR13336632; source=ENA PRJEB73710	ERX12707598	SAMEA115396737	1	ERR13336632	ERP158450	ILLUMINA	Illumina HiSeq 4000
ERX12707187	W0169_fringe	ORYZA_RUFIPOGON	W0169	fringe			RNA-Seq	scientific_name=Oryza rufipogon; BioSample=SAMEA115396738; ENA_sample=ERS18417319; Experiment=ERX12707187; Run=ERR13336221; source=ENA PRJEB73710	ERX12707187	SAMEA115396738	1	ERR13336221	ERP158450	ILLUMINA	Illumina HiSeq 4000
ERX12707310	W0169_seedling	ORYZA_RUFIPOGON	W0169	seedling			RNA-Seq	scientific_name=Oryza rufipogon; BioSample=SAMEA115396738; ENA_sample=ERS18417319; Experiment=ERX12707310; Run=ERR13336344; source=ENA PRJEB73710	ERX12707310	SAMEA115396738	1	ERR13336344	ERP158450	ILLUMINA	Illumina HiSeq 4000
ERX12707450	W0169_leaf	ORYZA_RUFIPOGON	W0169	leaf			RNA-Seq	scientific_name=Oryza rufipogon; BioSample=SAMEA115396738; ENA_sample=ERS18417319; Experiment=ERX12707450; Run=ERR13336484; source=ENA PRJEB73710	ERX12707450	SAMEA115396738	1	ERR13336484	ERP158450	ILLUMINA	Illumina HiSeq 4000
ERX12707599	W0169_root	ORYZA_RUFIPOGON	W0169	root			RNA-Seq	scientific_name=Oryza rufipogon; BioSample=SAMEA115396738; ENA_sample=ERS18417319; Experiment=ERX12707599; Run=ERR13336633; source=ENA PRJEB73710	ERX12707599	SAMEA115396738	1	ERR13336633	ERP158450	ILLUMINA	Illumina HiSeq 4000
ERX12707188	W0171_fringe	ORYZA_RUFIPOGON	W0171	fringe			RNA-Seq	scientific_name=Oryza rufipogon; BioSample=SAMEA115396739; ENA_sample=ERS18417320; Experiment=ERX12707188; Run=ERR13336222; source=ENA PRJEB73710	ERX12707188	SAMEA115396739	1	ERR13336222	ERP158450	ILLUMINA	Illumina HiSeq 4000
ERX12707311	W0171_seedling	ORYZA_RUFIPOGON	W0171	seedling			RNA-Seq	scientific_name=Oryza rufipogon; BioSample=SAMEA115396739; ENA_sample=ERS18417320; Experiment=ERX12707311; Run=ERR13336345; source=ENA PRJEB73710	ERX12707311	SAMEA115396739	1	ERR13336345	ERP158450	ILLUMINA	Illumina HiSeq 4000
ERX12707451	W0171_leaf	ORYZA_RUFIPOGON	W0171	leaf			RNA-Seq	scientific_name=Oryza rufipogon; BioSample=SAMEA115396739; ENA_sample=ERS18417320; Experiment=ERX12707451; Run=ERR13336485; source=ENA PRJEB73710	ERX12707451	SAMEA115396739	1	ERR13336485	ERP158450	ILLUMINA	Illumina HiSeq 4000
ERX12707600	W0171_root	ORYZA_RUFIPOGON	W0171	root			RNA-Seq	scientific_name=Oryza rufipogon; BioSample=SAMEA115396739; ENA_sample=ERS18417320; Experiment=ERX12707600; Run=ERR13336634; source=ENA PRJEB73710	ERX12707600	SAMEA115396739	1	ERR13336634	ERP158450	ILLUMINA	Illumina HiSeq 4000
ERX12707189	W0179_fringe	ORYZA_RUFIPOGON	W0179	fringe			RNA-Seq	scientific_name=Oryza rufipogon; BioSample=SAMEA115396740; ENA_sample=ERS18417321; Experiment=ERX12707189; Run=ERR13336223; source=ENA PRJEB73710	ERX12707189	SAMEA115396740	1	ERR13336223	ERP158450	ILLUMINA	Illumina HiSeq 4000
ERX12707312	W0179_seedling	ORYZA_RUFIPOGON	W0179	seedling			RNA-Seq	scientific_name=Oryza rufipogon; BioSample=SAMEA115396740; ENA_sample=ERS18417321; Experiment=ERX12707312; Run=ERR13336346; source=ENA PRJEB73710	ERX12707312	SAMEA115396740	1	ERR13336346	ERP158450	ILLUMINA	Illumina HiSeq 4000
ERX12707452	W0179_leaf	ORYZA_RUFIPOGON	W0179	leaf			RNA-Seq	scientific_name=Oryza rufipogon; BioSample=SAMEA115396740; ENA_sample=ERS18417321; Experiment=ERX12707452; Run=ERR13336486; source=ENA PRJEB73710	ERX12707452	SAMEA115396740	1	ERR13336486	ERP158450	ILLUMINA	Illumina HiSeq 4000
ERX12707601	W0179_root	ORYZA_RUFIPOGON	W0179	root			RNA-Seq	scientific_name=Oryza rufipogon; BioSample=SAMEA115396740; ENA_sample=ERS18417321; Experiment=ERX12707601; Run=ERR13336635; source=ENA PRJEB73710	ERX12707601	SAMEA115396740	1	ERR13336635	ERP158450	ILLUMINA	Illumina HiSeq 4000
ERX12707190	W0180_fringe	ORYZA_RUFIPOGON	W0180	fringe			RNA-Seq	scientific_name=Oryza rufipogon; BioSample=SAMEA115396741; ENA_sample=ERS18417322; Experiment=ERX12707190; Run=ERR13336224; source=ENA PRJEB73710	ERX12707190	SAMEA115396741	1	ERR13336224	ERP158450	ILLUMINA	Illumina HiSeq 4000
ERX12707313	W0180_seedling	ORYZA_RUFIPOGON	W0180	seedling			RNA-Seq	scientific_name=Oryza rufipogon; BioSample=SAMEA115396741; ENA_sample=ERS18417322; Experiment=ERX12707313; Run=ERR13336347; source=ENA PRJEB73710	ERX12707313	SAMEA115396741	1	ERR13336347	ERP158450	ILLUMINA	Illumina HiSeq 4000
ERX12707453	W0180_leaf	ORYZA_RUFIPOGON	W0180	leaf			RNA-Seq	scientific_name=Oryza rufipogon; BioSample=SAMEA115396741; ENA_sample=ERS18417322; Experiment=ERX12707453; Run=ERR13336487; source=ENA PRJEB73710	ERX12707453	SAMEA115396741	1	ERR13336487	ERP158450	ILLUMINA	Illumina HiSeq 4000
ERX12707602	W0180_root	ORYZA_RUFIPOGON	W0180	root			RNA-Seq	scientific_name=Oryza rufipogon; BioSample=SAMEA115396741; ENA_sample=ERS18417322; Experiment=ERX12707602; Run=ERR13336636; source=ENA PRJEB73710	ERX12707602	SAMEA115396741	1	ERR13336636	ERP158450	ILLUMINA	Illumina HiSeq 4000
ERX12707191	W0234_fringe	ORYZA_RUFIPOGON	W0234	fringe			RNA-Seq	scientific_name=Oryza rufipogon; BioSample=SAMEA115396742; ENA_sample=ERS18417323; Experiment=ERX12707191; Run=ERR13336225; source=ENA PRJEB73710	ERX12707191	SAMEA115396742	1	ERR13336225	ERP158450	ILLUMINA	Illumina HiSeq 4000
ERX12707314	W0234_seedling	ORYZA_RUFIPOGON	W0234	seedling			RNA-Seq	scientific_name=Oryza rufipogon; BioSample=SAMEA115396742; ENA_sample=ERS18417323; Experiment=ERX12707314; Run=ERR13336348; source=ENA PRJEB73710	ERX12707314	SAMEA115396742	1	ERR13336348	ERP158450	ILLUMINA	Illumina HiSeq 4000
ERX12707454	W0234_leaf	ORYZA_RUFIPOGON	W0234	leaf			RNA-Seq	scientific_name=Oryza rufipogon; BioSample=SAMEA115396742; ENA_sample=ERS18417323; Experiment=ERX12707454; Run=ERR13336488; source=ENA PRJEB73710	ERX12707454	SAMEA115396742	1	ERR13336488	ERP158450	ILLUMINA	Illumina HiSeq 4000
ERX12707603	W0234_root	ORYZA_RUFIPOGON	W0234	root			RNA-Seq	scientific_name=Oryza rufipogon; BioSample=SAMEA115396742; ENA_sample=ERS18417323; Experiment=ERX12707603; Run=ERR13336637; source=ENA PRJEB73710	ERX12707603	SAMEA115396742	1	ERR13336637	ERP158450	ILLUMINA	Illumina HiSeq 4000
ERX12707192	W0573_fringe	ORYZA_RUFIPOGON	W0573	fringe			RNA-Seq	scientific_name=Oryza rufipogon; BioSample=SAMEA115396743; ENA_sample=ERS18417324; Experiment=ERX12707192; Run=ERR13336226; source=ENA PRJEB73710	ERX12707192	SAMEA115396743	1	ERR13336226	ERP158450	ILLUMINA	Illumina HiSeq 4000
ERX12707315	W0573_seedling	ORYZA_RUFIPOGON	W0573	seedling			RNA-Seq	scientific_name=Oryza rufipogon; BioSample=SAMEA115396743; ENA_sample=ERS18417324; Experiment=ERX12707315; Run=ERR13336349; source=ENA PRJEB73710	ERX12707315	SAMEA115396743	1	ERR13336349	ERP158450	ILLUMINA	Illumina HiSeq 4000
ERX12707455	W0573_leaf	ORYZA_RUFIPOGON	W0573	leaf			RNA-Seq	scientific_name=Oryza rufipogon; BioSample=SAMEA115396743; ENA_sample=ERS18417324; Experiment=ERX12707455; Run=ERR13336489; source=ENA PRJEB73710	ERX12707455	SAMEA115396743	1	ERR13336489	ERP158450	ILLUMINA	Illumina HiSeq 4000
ERX12707604	W0573_root	ORYZA_RUFIPOGON	W0573	root			RNA-Seq	scientific_name=Oryza rufipogon; BioSample=SAMEA115396743; ENA_sample=ERS18417324; Experiment=ERX12707604; Run=ERR13336638; source=ENA PRJEB73710	ERX12707604	SAMEA115396743	1	ERR13336638	ERP158450	ILLUMINA	Illumina HiSeq 4000
ERX12707193	W0590_fringe	ORYZA_RUFIPOGON	W0590	fringe			RNA-Seq	scientific_name=Oryza rufipogon; BioSample=SAMEA115396744; ENA_sample=ERS18417325; Experiment=ERX12707193; Run=ERR13336227; source=ENA PRJEB73710	ERX12707193	SAMEA115396744	1	ERR13336227	ERP158450	ILLUMINA	Illumina HiSeq 4000
ERX12707316	W0590_seedling	ORYZA_RUFIPOGON	W0590	seedling			RNA-Seq	scientific_name=Oryza rufipogon; BioSample=SAMEA115396744; ENA_sample=ERS18417325; Experiment=ERX12707316; Run=ERR13336350; source=ENA PRJEB73710	ERX12707316	SAMEA115396744	1	ERR13336350	ERP158450	ILLUMINA	Illumina HiSeq 4000
ERX12707456	W0590_leaf	ORYZA_RUFIPOGON	W0590	leaf			RNA-Seq	scientific_name=Oryza rufipogon; BioSample=SAMEA115396744; ENA_sample=ERS18417325; Experiment=ERX12707456; Run=ERR13336490; source=ENA PRJEB73710	ERX12707456	SAMEA115396744	1	ERR13336490	ERP158450	ILLUMINA	Illumina HiSeq 4000
ERX12707605	W0590_root	ORYZA_RUFIPOGON	W0590	root			RNA-Seq	scientific_name=Oryza rufipogon; BioSample=SAMEA115396744; ENA_sample=ERS18417325; Experiment=ERX12707605; Run=ERR13336639; source=ENA PRJEB73710	ERX12707605	SAMEA115396744	1	ERR13336639	ERP158450	ILLUMINA	Illumina HiSeq 4000
ERX12707194	W0594_fringe	ORYZA_RUFIPOGON	W0594	fringe			RNA-Seq	scientific_name=Oryza rufipogon; BioSample=SAMEA115396745; ENA_sample=ERS18417326; Experiment=ERX12707194; Run=ERR13336228; source=ENA PRJEB73710	ERX12707194	SAMEA115396745	1	ERR13336228	ERP158450	ILLUMINA	Illumina HiSeq 4000
ERX12707317	W0594_seedling	ORYZA_RUFIPOGON	W0594	seedling			RNA-Seq	scientific_name=Oryza rufipogon; BioSample=SAMEA115396745; ENA_sample=ERS18417326; Experiment=ERX12707317; Run=ERR13336351; source=ENA PRJEB73710	ERX12707317	SAMEA115396745	1	ERR13336351	ERP158450	ILLUMINA	Illumina HiSeq 4000
ERX12707457	W0594_leaf	ORYZA_RUFIPOGON	W0594	leaf			RNA-Seq	scientific_name=Oryza rufipogon; BioSample=SAMEA115396745; ENA_sample=ERS18417326; Experiment=ERX12707457; Run=ERR13336491; source=ENA PRJEB73710	ERX12707457	SAMEA115396745	1	ERR13336491	ERP158450	ILLUMINA	Illumina HiSeq 4000
ERX12707606	W0594_root	ORYZA_RUFIPOGON	W0594	root			RNA-Seq	scientific_name=Oryza rufipogon; BioSample=SAMEA115396745; ENA_sample=ERS18417326; Experiment=ERX12707606; Run=ERR13336640; source=ENA PRJEB73710	ERX12707606	SAMEA115396745	1	ERR13336640	ERP158450	ILLUMINA	Illumina HiSeq 4000
ERX12707195	W0596_fringe	ORYZA_RUFIPOGON	W0596	fringe			RNA-Seq	scientific_name=Oryza rufipogon; BioSample=SAMEA115396746; ENA_sample=ERS18417327; Experiment=ERX12707195; Run=ERR13336229; source=ENA PRJEB73710	ERX12707195	SAMEA115396746	1	ERR13336229	ERP158450	ILLUMINA	Illumina HiSeq 4000
ERX12707318	W0596_seedling	ORYZA_RUFIPOGON	W0596	seedling			RNA-Seq	scientific_name=Oryza rufipogon; BioSample=SAMEA115396746; ENA_sample=ERS18417327; Experiment=ERX12707318; Run=ERR13336352; source=ENA PRJEB73710	ERX12707318	SAMEA115396746	1	ERR13336352	ERP158450	ILLUMINA	Illumina HiSeq 4000
ERX12707458	W0596_leaf	ORYZA_RUFIPOGON	W0596	leaf			RNA-Seq	scientific_name=Oryza rufipogon; BioSample=SAMEA115396746; ENA_sample=ERS18417327; Experiment=ERX12707458; Run=ERR13336492; source=ENA PRJEB73710	ERX12707458	SAMEA115396746	1	ERR13336492	ERP158450	ILLUMINA	Illumina HiSeq 4000
ERX12707607	W0596_root	ORYZA_RUFIPOGON	W0596	root			RNA-Seq	scientific_name=Oryza rufipogon; BioSample=SAMEA115396746; ENA_sample=ERS18417327; Experiment=ERX12707607; Run=ERR13336641; source=ENA PRJEB73710	ERX12707607	SAMEA115396746	1	ERR13336641	ERP158450	ILLUMINA	Illumina HiSeq 4000
ERX12707196	W0600_fringe	ORYZA_RUFIPOGON	W0600	fringe			RNA-Seq	scientific_name=Oryza rufipogon; BioSample=SAMEA115396747; ENA_sample=ERS18417328; Experiment=ERX12707196; Run=ERR13336230; source=ENA PRJEB73710	ERX12707196	SAMEA115396747	1	ERR13336230	ERP158450	ILLUMINA	Illumina HiSeq 4000
ERX12707319	W0600_seedling	ORYZA_RUFIPOGON	W0600	seedling			RNA-Seq	scientific_name=Oryza rufipogon; BioSample=SAMEA115396747; ENA_sample=ERS18417328; Experiment=ERX12707319; Run=ERR13336353; source=ENA PRJEB73710	ERX12707319	SAMEA115396747	1	ERR13336353	ERP158450	ILLUMINA	Illumina HiSeq 4000
ERX12707459	W0600_leaf	ORYZA_RUFIPOGON	W0600	leaf			RNA-Seq	scientific_name=Oryza rufipogon; BioSample=SAMEA115396747; ENA_sample=ERS18417328; Experiment=ERX12707459; Run=ERR13336493; source=ENA PRJEB73710	ERX12707459	SAMEA115396747	1	ERR13336493	ERP158450	ILLUMINA	Illumina HiSeq 4000
ERX12707608	W0600_root	ORYZA_RUFIPOGON	W0600	root			RNA-Seq	scientific_name=Oryza rufipogon; BioSample=SAMEA115396747; ENA_sample=ERS18417328; Experiment=ERX12707608; Run=ERR13336642; source=ENA PRJEB73710	ERX12707608	SAMEA115396747	1	ERR13336642	ERP158450	ILLUMINA	Illumina HiSeq 4000
ERX12707197	W0627_fringe	ORYZA_RUFIPOGON	W0627	fringe			RNA-Seq	scientific_name=Oryza rufipogon; BioSample=SAMEA115396748; ENA_sample=ERS18417329; Experiment=ERX12707197; Run=ERR13336231; source=ENA PRJEB73710	ERX12707197	SAMEA115396748	1	ERR13336231	ERP158450	ILLUMINA	Illumina HiSeq 4000
ERX12707320	W0627_seedling	ORYZA_RUFIPOGON	W0627	seedling			RNA-Seq	scientific_name=Oryza rufipogon; BioSample=SAMEA115396748; ENA_sample=ERS18417329; Experiment=ERX12707320; Run=ERR13336354; source=ENA PRJEB73710	ERX12707320	SAMEA115396748	1	ERR13336354	ERP158450	ILLUMINA	Illumina HiSeq 4000
ERX12707460	W0627_leaf	ORYZA_RUFIPOGON	W0627	leaf			RNA-Seq	scientific_name=Oryza rufipogon; BioSample=SAMEA115396748; ENA_sample=ERS18417329; Experiment=ERX12707460; Run=ERR13336494; source=ENA PRJEB73710	ERX12707460	SAMEA115396748	1	ERR13336494	ERP158450	ILLUMINA	Illumina HiSeq 4000
ERX12707609	W0627_root	ORYZA_RUFIPOGON	W0627	root			RNA-Seq	scientific_name=Oryza rufipogon; BioSample=SAMEA115396748; ENA_sample=ERS18417329; Experiment=ERX12707609; Run=ERR13336643; source=ENA PRJEB73710	ERX12707609	SAMEA115396748	1	ERR13336643	ERP158450	ILLUMINA	Illumina HiSeq 4000
ERX12707321	W0630_seedling	ORYZA_RUFIPOGON	W0630	seedling			RNA-Seq	scientific_name=Oryza rufipogon; BioSample=SAMEA115396749; ENA_sample=ERS18417330; Experiment=ERX12707321; Run=ERR13336355; source=ENA PRJEB73710	ERX12707321	SAMEA115396749	1	ERR13336355	ERP158450	ILLUMINA	Illumina HiSeq 4000
ERX12707461	W0630_leaf	ORYZA_RUFIPOGON	W0630	leaf			RNA-Seq	scientific_name=Oryza rufipogon; BioSample=SAMEA115396749; ENA_sample=ERS18417330; Experiment=ERX12707461; Run=ERR13336495; source=ENA PRJEB73710	ERX12707461	SAMEA115396749	1	ERR13336495	ERP158450	ILLUMINA	Illumina HiSeq 4000
ERX12707610	W0630_root	ORYZA_RUFIPOGON	W0630	root			RNA-Seq	scientific_name=Oryza rufipogon; BioSample=SAMEA115396749; ENA_sample=ERS18417330; Experiment=ERX12707610; Run=ERR13336644; source=ENA PRJEB73710	ERX12707610	SAMEA115396749	1	ERR13336644	ERP158450	ILLUMINA	Illumina HiSeq 4000
ERX12707322	W0632_seedling	ORYZA_RUFIPOGON	W0632	seedling			RNA-Seq	scientific_name=Oryza rufipogon; BioSample=SAMEA115396750; ENA_sample=ERS18417331; Experiment=ERX12707322; Run=ERR13336356; source=ENA PRJEB73710	ERX12707322	SAMEA115396750	1	ERR13336356	ERP158450	ILLUMINA	Illumina HiSeq 4000
ERX12707462	W0632_leaf	ORYZA_RUFIPOGON	W0632	leaf			RNA-Seq	scientific_name=Oryza rufipogon; BioSample=SAMEA115396750; ENA_sample=ERS18417331; Experiment=ERX12707462; Run=ERR13336496; source=ENA PRJEB73710	ERX12707462	SAMEA115396750	1	ERR13336496	ERP158450	ILLUMINA	Illumina HiSeq 4000
ERX12707611	W0632_root	ORYZA_RUFIPOGON	W0632	root			RNA-Seq	scientific_name=Oryza rufipogon; BioSample=SAMEA115396750; ENA_sample=ERS18417331; Experiment=ERX12707611; Run=ERR13336645; source=ENA PRJEB73710	ERX12707611	SAMEA115396750	1	ERR13336645	ERP158450	ILLUMINA	Illumina HiSeq 4000
ERX12707198	W0634_fringe	ORYZA_RUFIPOGON	W0634	fringe			RNA-Seq	scientific_name=Oryza rufipogon; BioSample=SAMEA115396751; ENA_sample=ERS18417332; Experiment=ERX12707198; Run=ERR13336232; source=ENA PRJEB73710	ERX12707198	SAMEA115396751	1	ERR13336232	ERP158450	ILLUMINA	Illumina HiSeq 4000
ERX12707323	W0634_seedling	ORYZA_RUFIPOGON	W0634	seedling			RNA-Seq	scientific_name=Oryza rufipogon; BioSample=SAMEA115396751; ENA_sample=ERS18417332; Experiment=ERX12707323; Run=ERR13336357; source=ENA PRJEB73710	ERX12707323	SAMEA115396751	1	ERR13336357	ERP158450	ILLUMINA	Illumina HiSeq 4000
ERX12707463	W0634_leaf	ORYZA_RUFIPOGON	W0634	leaf			RNA-Seq	scientific_name=Oryza rufipogon; BioSample=SAMEA115396751; ENA_sample=ERS18417332; Experiment=ERX12707463; Run=ERR13336497; source=ENA PRJEB73710	ERX12707463	SAMEA115396751	1	ERR13336497	ERP158450	ILLUMINA	Illumina HiSeq 4000
ERX12707612	W0634_root	ORYZA_RUFIPOGON	W0634	root			RNA-Seq	scientific_name=Oryza rufipogon; BioSample=SAMEA115396751; ENA_sample=ERS18417332; Experiment=ERX12707612; Run=ERR13336646; source=ENA PRJEB73710	ERX12707612	SAMEA115396751	1	ERR13336646	ERP158450	ILLUMINA	Illumina HiSeq 4000
ERX12707324	W0639_seedling	ORYZA_RUFIPOGON	W0639	seedling			RNA-Seq	scientific_name=Oryza rufipogon; BioSample=SAMEA115396752; ENA_sample=ERS18417333; Experiment=ERX12707324; Run=ERR13336358; source=ENA PRJEB73710	ERX12707324	SAMEA115396752	1	ERR13336358	ERP158450	ILLUMINA	Illumina HiSeq 4000
ERX12707464	W0639_leaf	ORYZA_RUFIPOGON	W0639	leaf			RNA-Seq	scientific_name=Oryza rufipogon; BioSample=SAMEA115396752; ENA_sample=ERS18417333; Experiment=ERX12707464; Run=ERR13336498; source=ENA PRJEB73710	ERX12707464	SAMEA115396752	1	ERR13336498	ERP158450	ILLUMINA	Illumina HiSeq 4000
ERX12707613	W0639_root	ORYZA_RUFIPOGON	W0639	root			RNA-Seq	scientific_name=Oryza rufipogon; BioSample=SAMEA115396752; ENA_sample=ERS18417333; Experiment=ERX12707613; Run=ERR13336647; source=ENA PRJEB73710	ERX12707613	SAMEA115396752	1	ERR13336647	ERP158450	ILLUMINA	Illumina HiSeq 4000
ERX12707199	W1080_fringe	ORYZA_RUFIPOGON	W1080	fringe			RNA-Seq	scientific_name=Oryza rufipogon; BioSample=SAMEA115396753; ENA_sample=ERS18417334; Experiment=ERX12707199; Run=ERR13336233; source=ENA PRJEB73710	ERX12707199	SAMEA115396753	1	ERR13336233	ERP158450	ILLUMINA	Illumina HiSeq 4000
ERX12707325	W1080_seedling	ORYZA_RUFIPOGON	W1080	seedling			RNA-Seq	scientific_name=Oryza rufipogon; BioSample=SAMEA115396753; ENA_sample=ERS18417334; Experiment=ERX12707325; Run=ERR13336359; source=ENA PRJEB73710	ERX12707325	SAMEA115396753	1	ERR13336359	ERP158450	ILLUMINA	Illumina HiSeq 4000
ERX12707465	W1080_leaf	ORYZA_RUFIPOGON	W1080	leaf			RNA-Seq	scientific_name=Oryza rufipogon; BioSample=SAMEA115396753; ENA_sample=ERS18417334; Experiment=ERX12707465; Run=ERR13336499; source=ENA PRJEB73710	ERX12707465	SAMEA115396753	1	ERR13336499	ERP158450	ILLUMINA	Illumina HiSeq 4000
ERX12707614	W1080_root	ORYZA_RUFIPOGON	W1080	root			RNA-Seq	scientific_name=Oryza rufipogon; BioSample=SAMEA115396753; ENA_sample=ERS18417334; Experiment=ERX12707614; Run=ERR13336648; source=ENA PRJEB73710	ERX12707614	SAMEA115396753	1	ERR13336648	ERP158450	ILLUMINA	Illumina HiSeq 4000
ERX12707200	W1084_fringe	ORYZA_RUFIPOGON	W1084	fringe			RNA-Seq	scientific_name=Oryza rufipogon; BioSample=SAMEA115396754; ENA_sample=ERS18417335; Experiment=ERX12707200; Run=ERR13336234; source=ENA PRJEB73710	ERX12707200	SAMEA115396754	1	ERR13336234	ERP158450	ILLUMINA	Illumina HiSeq 4000
ERX12707326	W1084_seedling	ORYZA_RUFIPOGON	W1084	seedling			RNA-Seq	scientific_name=Oryza rufipogon; BioSample=SAMEA115396754; ENA_sample=ERS18417335; Experiment=ERX12707326; Run=ERR13336360; source=ENA PRJEB73710	ERX12707326	SAMEA115396754	1	ERR13336360	ERP158450	ILLUMINA	Illumina HiSeq 4000
ERX12707466	W1084_leaf	ORYZA_RUFIPOGON	W1084	leaf			RNA-Seq	scientific_name=Oryza rufipogon; BioSample=SAMEA115396754; ENA_sample=ERS18417335; Experiment=ERX12707466; Run=ERR13336500; source=ENA PRJEB73710	ERX12707466	SAMEA115396754	1	ERR13336500	ERP158450	ILLUMINA	Illumina HiSeq 4000
ERX12707615	W1084_root	ORYZA_RUFIPOGON	W1084	root			RNA-Seq	scientific_name=Oryza rufipogon; BioSample=SAMEA115396754; ENA_sample=ERS18417335; Experiment=ERX12707615; Run=ERR13336649; source=ENA PRJEB73710	ERX12707615	SAMEA115396754	1	ERR13336649	ERP158450	ILLUMINA	Illumina HiSeq 4000
ERX12707201	W1093_fringe	ORYZA_RUFIPOGON	W1093	fringe			RNA-Seq	scientific_name=Oryza rufipogon; BioSample=SAMEA115396755; ENA_sample=ERS18417336; Experiment=ERX12707201; Run=ERR13336235; source=ENA PRJEB73710	ERX12707201	SAMEA115396755	1	ERR13336235	ERP158450	ILLUMINA	Illumina HiSeq 4000
ERX12707327	W1093_seedling	ORYZA_RUFIPOGON	W1093	seedling			RNA-Seq	scientific_name=Oryza rufipogon; BioSample=SAMEA115396755; ENA_sample=ERS18417336; Experiment=ERX12707327; Run=ERR13336361; source=ENA PRJEB73710	ERX12707327	SAMEA115396755	1	ERR13336361	ERP158450	ILLUMINA	Illumina HiSeq 4000
ERX12707467	W1093_leaf	ORYZA_RUFIPOGON	W1093	leaf			RNA-Seq	scientific_name=Oryza rufipogon; BioSample=SAMEA115396755; ENA_sample=ERS18417336; Experiment=ERX12707467; Run=ERR13336501; source=ENA PRJEB73710	ERX12707467	SAMEA115396755	1	ERR13336501	ERP158450	ILLUMINA	Illumina HiSeq 4000
ERX12707616	W1093_root	ORYZA_RUFIPOGON	W1093	root			RNA-Seq	scientific_name=Oryza rufipogon; BioSample=SAMEA115396755; ENA_sample=ERS18417336; Experiment=ERX12707616; Run=ERR13336650; source=ENA PRJEB73710	ERX12707616	SAMEA115396755	1	ERR13336650	ERP158450	ILLUMINA	Illumina HiSeq 4000
ERX12707202	W1107_fringe	ORYZA_RUFIPOGON	W1107	fringe			RNA-Seq	scientific_name=Oryza rufipogon; BioSample=SAMEA115396756; ENA_sample=ERS18417337; Experiment=ERX12707202; Run=ERR13336236; source=ENA PRJEB73710	ERX12707202	SAMEA115396756	1	ERR13336236	ERP158450	ILLUMINA	Illumina HiSeq 4000
ERX12707328	W1107_seedling	ORYZA_RUFIPOGON	W1107	seedling			RNA-Seq	scientific_name=Oryza rufipogon; BioSample=SAMEA115396756; ENA_sample=ERS18417337; Experiment=ERX12707328; Run=ERR13336362; source=ENA PRJEB73710	ERX12707328	SAMEA115396756	1	ERR13336362	ERP158450	ILLUMINA	Illumina HiSeq 4000
ERX12707468	W1107_leaf	ORYZA_RUFIPOGON	W1107	leaf			RNA-Seq	scientific_name=Oryza rufipogon; BioSample=SAMEA115396756; ENA_sample=ERS18417337; Experiment=ERX12707468; Run=ERR13336502; source=ENA PRJEB73710	ERX12707468	SAMEA115396756	1	ERR13336502	ERP158450	ILLUMINA	Illumina HiSeq 4000
ERX12707329	W1117_seedling	ORYZA_RUFIPOGON	W1117	seedling			RNA-Seq	scientific_name=Oryza rufipogon; BioSample=SAMEA115396757; ENA_sample=ERS18417338; Experiment=ERX12707329; Run=ERR13336363; source=ENA PRJEB73710	ERX12707329	SAMEA115396757	1	ERR13336363	ERP158450	ILLUMINA	Illumina HiSeq 4000
ERX12707469	W1117_leaf	ORYZA_RUFIPOGON	W1117	leaf			RNA-Seq	scientific_name=Oryza rufipogon; BioSample=SAMEA115396757; ENA_sample=ERS18417338; Experiment=ERX12707469; Run=ERR13336503; source=ENA PRJEB73710	ERX12707469	SAMEA115396757	1	ERR13336503	ERP158450	ILLUMINA	Illumina HiSeq 4000
ERX12707617	W1117_root	ORYZA_RUFIPOGON	W1117	root			RNA-Seq	scientific_name=Oryza rufipogon; BioSample=SAMEA115396757; ENA_sample=ERS18417338; Experiment=ERX12707617; Run=ERR13336651; source=ENA PRJEB73710	ERX12707617	SAMEA115396757	1	ERR13336651	ERP158450	ILLUMINA	Illumina HiSeq 4000
ERX12707203	W1126_fringe	ORYZA_RUFIPOGON	W1126	fringe			RNA-Seq	scientific_name=Oryza rufipogon; BioSample=SAMEA115396758; ENA_sample=ERS18417339; Experiment=ERX12707203; Run=ERR13336237; source=ENA PRJEB73710	ERX12707203	SAMEA115396758	1	ERR13336237	ERP158450	ILLUMINA	Illumina HiSeq 4000
ERX12707330	W1126_seedling	ORYZA_RUFIPOGON	W1126	seedling			RNA-Seq	scientific_name=Oryza rufipogon; BioSample=SAMEA115396758; ENA_sample=ERS18417339; Experiment=ERX12707330; Run=ERR13336364; source=ENA PRJEB73710	ERX12707330	SAMEA115396758	1	ERR13336364	ERP158450	ILLUMINA	Illumina HiSeq 4000
ERX12707470	W1126_leaf	ORYZA_RUFIPOGON	W1126	leaf			RNA-Seq	scientific_name=Oryza rufipogon; BioSample=SAMEA115396758; ENA_sample=ERS18417339; Experiment=ERX12707470; Run=ERR13336504; source=ENA PRJEB73710	ERX12707470	SAMEA115396758	1	ERR13336504	ERP158450	ILLUMINA	Illumina HiSeq 4000
ERX12707618	W1126_root	ORYZA_RUFIPOGON	W1126	root			RNA-Seq	scientific_name=Oryza rufipogon; BioSample=SAMEA115396758; ENA_sample=ERS18417339; Experiment=ERX12707618; Run=ERR13336652; source=ENA PRJEB73710	ERX12707618	SAMEA115396758	1	ERR13336652	ERP158450	ILLUMINA	Illumina HiSeq 4000
ERX12707331	W1142_seedling	ORYZA_RUFIPOGON	W1142	seedling			RNA-Seq	scientific_name=Oryza rufipogon; BioSample=SAMEA115396759; ENA_sample=ERS18417340; Experiment=ERX12707331; Run=ERR13336365; source=ENA PRJEB73710	ERX12707331	SAMEA115396759	1	ERR13336365	ERP158450	ILLUMINA	Illumina HiSeq 4000
ERX12707471	W1142_leaf	ORYZA_RUFIPOGON	W1142	leaf			RNA-Seq	scientific_name=Oryza rufipogon; BioSample=SAMEA115396759; ENA_sample=ERS18417340; Experiment=ERX12707471; Run=ERR13336505; source=ENA PRJEB73710	ERX12707471	SAMEA115396759	1	ERR13336505	ERP158450	ILLUMINA	Illumina HiSeq 4000
ERX12707332	W1214_seedling	ORYZA_RUFIPOGON	W1214	seedling			RNA-Seq	scientific_name=Oryza rufipogon; BioSample=SAMEA115396760; ENA_sample=ERS18417341; Experiment=ERX12707332; Run=ERR13336366; source=ENA PRJEB73710	ERX12707332	SAMEA115396760	1	ERR13336366	ERP158450	ILLUMINA	Illumina HiSeq 4000
ERX12707472	W1214_leaf	ORYZA_RUFIPOGON	W1214	leaf			RNA-Seq	scientific_name=Oryza rufipogon; BioSample=SAMEA115396760; ENA_sample=ERS18417341; Experiment=ERX12707472; Run=ERR13336506; source=ENA PRJEB73710	ERX12707472	SAMEA115396760	1	ERR13336506	ERP158450	ILLUMINA	Illumina HiSeq 4000
ERX12707619	W1214_root	ORYZA_RUFIPOGON	W1214	root			RNA-Seq	scientific_name=Oryza rufipogon; BioSample=SAMEA115396760; ENA_sample=ERS18417341; Experiment=ERX12707619; Run=ERR13336653; source=ENA PRJEB73710	ERX12707619	SAMEA115396760	1	ERR13336653	ERP158450	ILLUMINA	Illumina HiSeq 4000
ERX12707204	W1236_fringe	ORYZA_RUFIPOGON	W1236	fringe			RNA-Seq	scientific_name=Oryza rufipogon; BioSample=SAMEA115396761; ENA_sample=ERS18417342; Experiment=ERX12707204; Run=ERR13336238; source=ENA PRJEB73710	ERX12707204	SAMEA115396761	1	ERR13336238	ERP158450	ILLUMINA	Illumina HiSeq 4000
ERX12707333	W1236_seedling	ORYZA_RUFIPOGON	W1236	seedling			RNA-Seq	scientific_name=Oryza rufipogon; BioSample=SAMEA115396761; ENA_sample=ERS18417342; Experiment=ERX12707333; Run=ERR13336367; source=ENA PRJEB73710	ERX12707333	SAMEA115396761	1	ERR13336367	ERP158450	ILLUMINA	Illumina HiSeq 4000
ERX12707473	W1236_leaf	ORYZA_RUFIPOGON	W1236	leaf			RNA-Seq	scientific_name=Oryza rufipogon; BioSample=SAMEA115396761; ENA_sample=ERS18417342; Experiment=ERX12707473; Run=ERR13336507; source=ENA PRJEB73710	ERX12707473	SAMEA115396761	1	ERR13336507	ERP158450	ILLUMINA	Illumina HiSeq 4000
ERX12707620	W1236_root	ORYZA_RUFIPOGON	W1236	root			RNA-Seq	scientific_name=Oryza rufipogon; BioSample=SAMEA115396761; ENA_sample=ERS18417342; Experiment=ERX12707620; Run=ERR13336654; source=ENA PRJEB73710	ERX12707620	SAMEA115396761	1	ERR13336654	ERP158450	ILLUMINA	Illumina HiSeq 4000
ERX12707205	W1292_fringe	ORYZA_RUFIPOGON	W1292	fringe			RNA-Seq	scientific_name=Oryza rufipogon; BioSample=SAMEA115396762; ENA_sample=ERS18417343; Experiment=ERX12707205; Run=ERR13336239; source=ENA PRJEB73710	ERX12707205	SAMEA115396762	1	ERR13336239	ERP158450	ILLUMINA	Illumina HiSeq 4000
ERX12707334	W1292_seedling	ORYZA_RUFIPOGON	W1292	seedling			RNA-Seq	scientific_name=Oryza rufipogon; BioSample=SAMEA115396762; ENA_sample=ERS18417343; Experiment=ERX12707334; Run=ERR13336368; source=ENA PRJEB73710	ERX12707334	SAMEA115396762	1	ERR13336368	ERP158450	ILLUMINA	Illumina HiSeq 4000
ERX12707474	W1292_leaf	ORYZA_RUFIPOGON	W1292	leaf			RNA-Seq	scientific_name=Oryza rufipogon; BioSample=SAMEA115396762; ENA_sample=ERS18417343; Experiment=ERX12707474; Run=ERR13336508; source=ENA PRJEB73710	ERX12707474	SAMEA115396762	1	ERR13336508	ERP158450	ILLUMINA	Illumina HiSeq 4000
ERX12707621	W1292_root	ORYZA_RUFIPOGON	W1292	root			RNA-Seq	scientific_name=Oryza rufipogon; BioSample=SAMEA115396762; ENA_sample=ERS18417343; Experiment=ERX12707621; Run=ERR13336655; source=ENA PRJEB73710	ERX12707621	SAMEA115396762	1	ERR13336655	ERP158450	ILLUMINA	Illumina HiSeq 4000
ERX12707335	W1536_seedling	ORYZA_RUFIPOGON	W1536	seedling			RNA-Seq	scientific_name=Oryza rufipogon; BioSample=SAMEA115396763; ENA_sample=ERS18417344; Experiment=ERX12707335; Run=ERR13336369; source=ENA PRJEB73710	ERX12707335	SAMEA115396763	1	ERR13336369	ERP158450	ILLUMINA	Illumina HiSeq 4000
ERX12707475	W1536_leaf	ORYZA_RUFIPOGON	W1536	leaf			RNA-Seq	scientific_name=Oryza rufipogon; BioSample=SAMEA115396763; ENA_sample=ERS18417344; Experiment=ERX12707475; Run=ERR13336509; source=ENA PRJEB73710	ERX12707475	SAMEA115396763	1	ERR13336509	ERP158450	ILLUMINA	Illumina HiSeq 4000
ERX12707622	W1536_root	ORYZA_RUFIPOGON	W1536	root			RNA-Seq	scientific_name=Oryza rufipogon; BioSample=SAMEA115396763; ENA_sample=ERS18417344; Experiment=ERX12707622; Run=ERR13336656; source=ENA PRJEB73710	ERX12707622	SAMEA115396763	1	ERR13336656	ERP158450	ILLUMINA	Illumina HiSeq 4000
ERX12707206	W1547_fringe	ORYZA_RUFIPOGON	W1547	fringe			RNA-Seq	scientific_name=Oryza rufipogon; BioSample=SAMEA115396764; ENA_sample=ERS18417345; Experiment=ERX12707206; Run=ERR13336240; source=ENA PRJEB73710	ERX12707206	SAMEA115396764	1	ERR13336240	ERP158450	ILLUMINA	Illumina HiSeq 4000
ERX12707336	W1547_seedling	ORYZA_RUFIPOGON	W1547	seedling			RNA-Seq	scientific_name=Oryza rufipogon; BioSample=SAMEA115396764; ENA_sample=ERS18417345; Experiment=ERX12707336; Run=ERR13336370; source=ENA PRJEB73710	ERX12707336	SAMEA115396764	1	ERR13336370	ERP158450	ILLUMINA	Illumina HiSeq 4000
ERX12707476	W1547_leaf	ORYZA_RUFIPOGON	W1547	leaf			RNA-Seq	scientific_name=Oryza rufipogon; BioSample=SAMEA115396764; ENA_sample=ERS18417345; Experiment=ERX12707476; Run=ERR13336510; source=ENA PRJEB73710	ERX12707476	SAMEA115396764	1	ERR13336510	ERP158450	ILLUMINA	Illumina HiSeq 4000
ERX12707623	W1547_root	ORYZA_RUFIPOGON	W1547	root			RNA-Seq	scientific_name=Oryza rufipogon; BioSample=SAMEA115396764; ENA_sample=ERS18417345; Experiment=ERX12707623; Run=ERR13336657; source=ENA PRJEB73710	ERX12707623	SAMEA115396764	1	ERR13336657	ERP158450	ILLUMINA	Illumina HiSeq 4000
ERX12707207	W1550_fringe	ORYZA_RUFIPOGON	W1550	fringe			RNA-Seq	scientific_name=Oryza rufipogon; BioSample=SAMEA115396765; ENA_sample=ERS18417346; Experiment=ERX12707207; Run=ERR13336241; source=ENA PRJEB73710	ERX12707207	SAMEA115396765	1	ERR13336241	ERP158450	ILLUMINA	Illumina HiSeq 4000
ERX12707337	W1550_seedling	ORYZA_RUFIPOGON	W1550	seedling			RNA-Seq	scientific_name=Oryza rufipogon; BioSample=SAMEA115396765; ENA_sample=ERS18417346; Experiment=ERX12707337; Run=ERR13336371; source=ENA PRJEB73710	ERX12707337	SAMEA115396765	1	ERR13336371	ERP158450	ILLUMINA	Illumina HiSeq 4000
ERX12707477	W1550_leaf	ORYZA_RUFIPOGON	W1550	leaf			RNA-Seq	scientific_name=Oryza rufipogon; BioSample=SAMEA115396765; ENA_sample=ERS18417346; Experiment=ERX12707477; Run=ERR13336511; source=ENA PRJEB73710	ERX12707477	SAMEA115396765	1	ERR13336511	ERP158450	ILLUMINA	Illumina HiSeq 4000
ERX12707624	W1550_root	ORYZA_RUFIPOGON	W1550	root			RNA-Seq	scientific_name=Oryza rufipogon; BioSample=SAMEA115396765; ENA_sample=ERS18417346; Experiment=ERX12707624; Run=ERR13336658; source=ENA PRJEB73710	ERX12707624	SAMEA115396765	1	ERR13336658	ERP158450	ILLUMINA	Illumina HiSeq 4000
ERX12707338	W1552_seedling	ORYZA_RUFIPOGON	W1552	seedling			RNA-Seq	scientific_name=Oryza rufipogon; BioSample=SAMEA115396766; ENA_sample=ERS18417347; Experiment=ERX12707338; Run=ERR13336372; source=ENA PRJEB73710	ERX12707338	SAMEA115396766	1	ERR13336372	ERP158450	ILLUMINA	Illumina HiSeq 4000
ERX12707478	W1552_leaf	ORYZA_RUFIPOGON	W1552	leaf			RNA-Seq	scientific_name=Oryza rufipogon; BioSample=SAMEA115396766; ENA_sample=ERS18417347; Experiment=ERX12707478; Run=ERR13336512; source=ENA PRJEB73710	ERX12707478	SAMEA115396766	1	ERR13336512	ERP158450	ILLUMINA	Illumina HiSeq 4000
ERX12707625	W1552_root	ORYZA_RUFIPOGON	W1552	root			RNA-Seq	scientific_name=Oryza rufipogon; BioSample=SAMEA115396766; ENA_sample=ERS18417347; Experiment=ERX12707625; Run=ERR13336659; source=ENA PRJEB73710	ERX12707625	SAMEA115396766	1	ERR13336659	ERP158450	ILLUMINA	Illumina HiSeq 4000
ERX12707208	W1553_fringe	ORYZA_RUFIPOGON	W1553	fringe			RNA-Seq	scientific_name=Oryza rufipogon; BioSample=SAMEA115396767; ENA_sample=ERS18417348; Experiment=ERX12707208; Run=ERR13336242; source=ENA PRJEB73710	ERX12707208	SAMEA115396767	1	ERR13336242	ERP158450	ILLUMINA	Illumina HiSeq 4000
ERX12707339	W1553_seedling	ORYZA_RUFIPOGON	W1553	seedling			RNA-Seq	scientific_name=Oryza rufipogon; BioSample=SAMEA115396767; ENA_sample=ERS18417348; Experiment=ERX12707339; Run=ERR13336373; source=ENA PRJEB73710	ERX12707339	SAMEA115396767	1	ERR13336373	ERP158450	ILLUMINA	Illumina HiSeq 4000
ERX12707479	W1553_leaf	ORYZA_RUFIPOGON	W1553	leaf			RNA-Seq	scientific_name=Oryza rufipogon; BioSample=SAMEA115396767; ENA_sample=ERS18417348; Experiment=ERX12707479; Run=ERR13336513; source=ENA PRJEB73710	ERX12707479	SAMEA115396767	1	ERR13336513	ERP158450	ILLUMINA	Illumina HiSeq 4000
ERX12707626	W1553_root	ORYZA_RUFIPOGON	W1553	root			RNA-Seq	scientific_name=Oryza rufipogon; BioSample=SAMEA115396767; ENA_sample=ERS18417348; Experiment=ERX12707626; Run=ERR13336660; source=ENA PRJEB73710	ERX12707626	SAMEA115396767	1	ERR13336660	ERP158450	ILLUMINA	Illumina HiSeq 4000
ERX12707209	W1556_fringe	ORYZA_RUFIPOGON	W1556	fringe			RNA-Seq	scientific_name=Oryza rufipogon; BioSample=SAMEA115396768; ENA_sample=ERS18417349; Experiment=ERX12707209; Run=ERR13336243; source=ENA PRJEB73710	ERX12707209	SAMEA115396768	1	ERR13336243	ERP158450	ILLUMINA	Illumina HiSeq 4000
ERX12707340	W1556_seedling	ORYZA_RUFIPOGON	W1556	seedling			RNA-Seq	scientific_name=Oryza rufipogon; BioSample=SAMEA115396768; ENA_sample=ERS18417349; Experiment=ERX12707340; Run=ERR13336374; source=ENA PRJEB73710	ERX12707340	SAMEA115396768	1	ERR13336374	ERP158450	ILLUMINA	Illumina HiSeq 4000
ERX12707480	W1556_leaf	ORYZA_RUFIPOGON	W1556	leaf			RNA-Seq	scientific_name=Oryza rufipogon; BioSample=SAMEA115396768; ENA_sample=ERS18417349; Experiment=ERX12707480; Run=ERR13336514; source=ENA PRJEB73710	ERX12707480	SAMEA115396768	1	ERR13336514	ERP158450	ILLUMINA	Illumina HiSeq 4000
ERX12707627	W1556_root	ORYZA_RUFIPOGON	W1556	root			RNA-Seq	scientific_name=Oryza rufipogon; BioSample=SAMEA115396768; ENA_sample=ERS18417349; Experiment=ERX12707627; Run=ERR13336661; source=ENA PRJEB73710	ERX12707627	SAMEA115396768	1	ERR13336661	ERP158450	ILLUMINA	Illumina HiSeq 4000
ERX12707210	W1557_fringe	ORYZA_RUFIPOGON	W1557	fringe			RNA-Seq	scientific_name=Oryza rufipogon; BioSample=SAMEA115396769; ENA_sample=ERS18417350; Experiment=ERX12707210; Run=ERR13336244; source=ENA PRJEB73710	ERX12707210	SAMEA115396769	1	ERR13336244	ERP158450	ILLUMINA	Illumina HiSeq 4000
ERX12707341	W1557_seedling	ORYZA_RUFIPOGON	W1557	seedling			RNA-Seq	scientific_name=Oryza rufipogon; BioSample=SAMEA115396769; ENA_sample=ERS18417350; Experiment=ERX12707341; Run=ERR13336375; source=ENA PRJEB73710	ERX12707341	SAMEA115396769	1	ERR13336375	ERP158450	ILLUMINA	Illumina HiSeq 4000
ERX12707481	W1557_leaf	ORYZA_RUFIPOGON	W1557	leaf			RNA-Seq	scientific_name=Oryza rufipogon; BioSample=SAMEA115396769; ENA_sample=ERS18417350; Experiment=ERX12707481; Run=ERR13336515; source=ENA PRJEB73710	ERX12707481	SAMEA115396769	1	ERR13336515	ERP158450	ILLUMINA	Illumina HiSeq 4000
ERX12707628	W1557_root	ORYZA_RUFIPOGON	W1557	root			RNA-Seq	scientific_name=Oryza rufipogon; BioSample=SAMEA115396769; ENA_sample=ERS18417350; Experiment=ERX12707628; Run=ERR13336662; source=ENA PRJEB73710	ERX12707628	SAMEA115396769	1	ERR13336662	ERP158450	ILLUMINA	Illumina HiSeq 4000
ERX12707211	W1559_fringe	ORYZA_RUFIPOGON	W1559	fringe			RNA-Seq	scientific_name=Oryza rufipogon; BioSample=SAMEA115396770; ENA_sample=ERS18417351; Experiment=ERX12707211; Run=ERR13336245; source=ENA PRJEB73710	ERX12707211	SAMEA115396770	1	ERR13336245	ERP158450	ILLUMINA	Illumina HiSeq 4000
ERX12707342	W1559_seedling	ORYZA_RUFIPOGON	W1559	seedling			RNA-Seq	scientific_name=Oryza rufipogon; BioSample=SAMEA115396770; ENA_sample=ERS18417351; Experiment=ERX12707342; Run=ERR13336376; source=ENA PRJEB73710	ERX12707342	SAMEA115396770	1	ERR13336376	ERP158450	ILLUMINA	Illumina HiSeq 4000
ERX12707482	W1559_leaf	ORYZA_RUFIPOGON	W1559	leaf			RNA-Seq	scientific_name=Oryza rufipogon; BioSample=SAMEA115396770; ENA_sample=ERS18417351; Experiment=ERX12707482; Run=ERR13336516; source=ENA PRJEB73710	ERX12707482	SAMEA115396770	1	ERR13336516	ERP158450	ILLUMINA	Illumina HiSeq 4000
ERX12707629	W1559_root	ORYZA_RUFIPOGON	W1559	root			RNA-Seq	scientific_name=Oryza rufipogon; BioSample=SAMEA115396770; ENA_sample=ERS18417351; Experiment=ERX12707629; Run=ERR13336663; source=ENA PRJEB73710	ERX12707629	SAMEA115396770	1	ERR13336663	ERP158450	ILLUMINA	Illumina HiSeq 4000
ERX12707343	W1619_seedling	ORYZA_RUFIPOGON	W1619	seedling			RNA-Seq	scientific_name=Oryza rufipogon; BioSample=SAMEA115396771; ENA_sample=ERS18417352; Experiment=ERX12707343; Run=ERR13336377; source=ENA PRJEB73710	ERX12707343	SAMEA115396771	1	ERR13336377	ERP158450	ILLUMINA	Illumina HiSeq 4000
ERX12707483	W1619_leaf	ORYZA_RUFIPOGON	W1619	leaf			RNA-Seq	scientific_name=Oryza rufipogon; BioSample=SAMEA115396771; ENA_sample=ERS18417352; Experiment=ERX12707483; Run=ERR13336517; source=ENA PRJEB73710	ERX12707483	SAMEA115396771	1	ERR13336517	ERP158450	ILLUMINA	Illumina HiSeq 4000
ERX12707630	W1619_root	ORYZA_RUFIPOGON	W1619	root			RNA-Seq	scientific_name=Oryza rufipogon; BioSample=SAMEA115396771; ENA_sample=ERS18417352; Experiment=ERX12707630; Run=ERR13336664; source=ENA PRJEB73710	ERX12707630	SAMEA115396771	1	ERR13336664	ERP158450	ILLUMINA	Illumina HiSeq 4000
ERX12707212	W1666_fringe	ORYZA_RUFIPOGON	W1666	fringe			RNA-Seq	scientific_name=Oryza rufipogon; BioSample=SAMEA115396772; ENA_sample=ERS18417353; Experiment=ERX12707212; Run=ERR13336246; source=ENA PRJEB73710	ERX12707212	SAMEA115396772	1	ERR13336246	ERP158450	ILLUMINA	Illumina HiSeq 4000
ERX12707344	W1666_seedling	ORYZA_RUFIPOGON	W1666	seedling			RNA-Seq	scientific_name=Oryza rufipogon; BioSample=SAMEA115396772; ENA_sample=ERS18417353; Experiment=ERX12707344; Run=ERR13336378; source=ENA PRJEB73710	ERX12707344	SAMEA115396772	1	ERR13336378	ERP158450	ILLUMINA	Illumina HiSeq 4000
ERX12707484	W1666_leaf	ORYZA_RUFIPOGON	W1666	leaf			RNA-Seq	scientific_name=Oryza rufipogon; BioSample=SAMEA115396772; ENA_sample=ERS18417353; Experiment=ERX12707484; Run=ERR13336518; source=ENA PRJEB73710	ERX12707484	SAMEA115396772	1	ERR13336518	ERP158450	ILLUMINA	Illumina HiSeq 4000
ERX12707631	W1666_root	ORYZA_RUFIPOGON	W1666	root			RNA-Seq	scientific_name=Oryza rufipogon; BioSample=SAMEA115396772; ENA_sample=ERS18417353; Experiment=ERX12707631; Run=ERR13336665; source=ENA PRJEB73710	ERX12707631	SAMEA115396772	1	ERR13336665	ERP158450	ILLUMINA	Illumina HiSeq 4000
ERX12707213	W1668_fringe	ORYZA_RUFIPOGON	W1668	fringe			RNA-Seq	scientific_name=Oryza rufipogon; BioSample=SAMEA115396773; ENA_sample=ERS18417354; Experiment=ERX12707213; Run=ERR13336247; source=ENA PRJEB73710	ERX12707213	SAMEA115396773	1	ERR13336247	ERP158450	ILLUMINA	Illumina HiSeq 4000
ERX12707345	W1668_seedling	ORYZA_RUFIPOGON	W1668	seedling			RNA-Seq	scientific_name=Oryza rufipogon; BioSample=SAMEA115396773; ENA_sample=ERS18417354; Experiment=ERX12707345; Run=ERR13336379; source=ENA PRJEB73710	ERX12707345	SAMEA115396773	1	ERR13336379	ERP158450	ILLUMINA	Illumina HiSeq 4000
ERX12707485	W1668_leaf	ORYZA_RUFIPOGON	W1668	leaf			RNA-Seq	scientific_name=Oryza rufipogon; BioSample=SAMEA115396773; ENA_sample=ERS18417354; Experiment=ERX12707485; Run=ERR13336519; source=ENA PRJEB73710	ERX12707485	SAMEA115396773	1	ERR13336519	ERP158450	ILLUMINA	Illumina HiSeq 4000
ERX12707632	W1668_root	ORYZA_RUFIPOGON	W1668	root			RNA-Seq	scientific_name=Oryza rufipogon; BioSample=SAMEA115396773; ENA_sample=ERS18417354; Experiment=ERX12707632; Run=ERR13336666; source=ENA PRJEB73710	ERX12707632	SAMEA115396773	1	ERR13336666	ERP158450	ILLUMINA	Illumina HiSeq 4000
ERX12707214	W1677_fringe	ORYZA_RUFIPOGON	W1677	fringe			RNA-Seq	scientific_name=Oryza rufipogon; BioSample=SAMEA115396774; ENA_sample=ERS18417355; Experiment=ERX12707214; Run=ERR13336248; source=ENA PRJEB73710	ERX12707214	SAMEA115396774	1	ERR13336248	ERP158450	ILLUMINA	Illumina HiSeq 4000
ERX12707346	W1677_seedling	ORYZA_RUFIPOGON	W1677	seedling			RNA-Seq	scientific_name=Oryza rufipogon; BioSample=SAMEA115396774; ENA_sample=ERS18417355; Experiment=ERX12707346; Run=ERR13336380; source=ENA PRJEB73710	ERX12707346	SAMEA115396774	1	ERR13336380	ERP158450	ILLUMINA	Illumina HiSeq 4000
ERX12707486	W1677_leaf	ORYZA_RUFIPOGON	W1677	leaf			RNA-Seq	scientific_name=Oryza rufipogon; BioSample=SAMEA115396774; ENA_sample=ERS18417355; Experiment=ERX12707486; Run=ERR13336520; source=ENA PRJEB73710	ERX12707486	SAMEA115396774	1	ERR13336520	ERP158450	ILLUMINA	Illumina HiSeq 4000
ERX12707633	W1677_root	ORYZA_RUFIPOGON	W1677	root			RNA-Seq	scientific_name=Oryza rufipogon; BioSample=SAMEA115396774; ENA_sample=ERS18417355; Experiment=ERX12707633; Run=ERR13336667; source=ENA PRJEB73710	ERX12707633	SAMEA115396774	1	ERR13336667	ERP158450	ILLUMINA	Illumina HiSeq 4000
ERX12707215	W1679_fringe	ORYZA_RUFIPOGON	W1679	fringe			RNA-Seq	scientific_name=Oryza rufipogon; BioSample=SAMEA115396775; ENA_sample=ERS18417356; Experiment=ERX12707215; Run=ERR13336249; source=ENA PRJEB73710	ERX12707215	SAMEA115396775	1	ERR13336249	ERP158450	ILLUMINA	Illumina HiSeq 4000
ERX12707487	W1679_leaf	ORYZA_RUFIPOGON	W1679	leaf			RNA-Seq	scientific_name=Oryza rufipogon; BioSample=SAMEA115396775; ENA_sample=ERS18417356; Experiment=ERX12707487; Run=ERR13336521; source=ENA PRJEB73710	ERX12707487	SAMEA115396775	1	ERR13336521	ERP158450	ILLUMINA	Illumina HiSeq 4000
ERX12707634	W1679_root	ORYZA_RUFIPOGON	W1679	root			RNA-Seq	scientific_name=Oryza rufipogon; BioSample=SAMEA115396775; ENA_sample=ERS18417356; Experiment=ERX12707634; Run=ERR13336668; source=ENA PRJEB73710	ERX12707634	SAMEA115396775	1	ERR13336668	ERP158450	ILLUMINA	Illumina HiSeq 4000
ERX12707216	W1718_fringe	ORYZA_RUFIPOGON	W1718	fringe			RNA-Seq	scientific_name=Oryza rufipogon; BioSample=SAMEA115396776; ENA_sample=ERS18417357; Experiment=ERX12707216; Run=ERR13336250; source=ENA PRJEB73710	ERX12707216	SAMEA115396776	1	ERR13336250	ERP158450	ILLUMINA	Illumina HiSeq 4000
ERX12707488	W1718_leaf	ORYZA_RUFIPOGON	W1718	leaf			RNA-Seq	scientific_name=Oryza rufipogon; BioSample=SAMEA115396776; ENA_sample=ERS18417357; Experiment=ERX12707488; Run=ERR13336522; source=ENA PRJEB73710	ERX12707488	SAMEA115396776	1	ERR13336522	ERP158450	ILLUMINA	Illumina HiSeq 4000
ERX12707635	W1718_root	ORYZA_RUFIPOGON	W1718	root			RNA-Seq	scientific_name=Oryza rufipogon; BioSample=SAMEA115396776; ENA_sample=ERS18417357; Experiment=ERX12707635; Run=ERR13336669; source=ENA PRJEB73710	ERX12707635	SAMEA115396776	1	ERR13336669	ERP158450	ILLUMINA	Illumina HiSeq 4000
ERX12707217	W1719_fringe	ORYZA_RUFIPOGON	W1719	fringe			RNA-Seq	scientific_name=Oryza rufipogon; BioSample=SAMEA115396777; ENA_sample=ERS18417358; Experiment=ERX12707217; Run=ERR13336251; source=ENA PRJEB73710	ERX12707217	SAMEA115396777	1	ERR13336251	ERP158450	ILLUMINA	Illumina HiSeq 4000
ERX12707347	W1719_seedling	ORYZA_RUFIPOGON	W1719	seedling			RNA-Seq	scientific_name=Oryza rufipogon; BioSample=SAMEA115396777; ENA_sample=ERS18417358; Experiment=ERX12707347; Run=ERR13336381; source=ENA PRJEB73710	ERX12707347	SAMEA115396777	1	ERR13336381	ERP158450	ILLUMINA	Illumina HiSeq 4000
ERX12707489	W1719_leaf	ORYZA_RUFIPOGON	W1719	leaf			RNA-Seq	scientific_name=Oryza rufipogon; BioSample=SAMEA115396777; ENA_sample=ERS18417358; Experiment=ERX12707489; Run=ERR13336523; source=ENA PRJEB73710	ERX12707489	SAMEA115396777	1	ERR13336523	ERP158450	ILLUMINA	Illumina HiSeq 4000
ERX12707636	W1719_root	ORYZA_RUFIPOGON	W1719	root			RNA-Seq	scientific_name=Oryza rufipogon; BioSample=SAMEA115396777; ENA_sample=ERS18417358; Experiment=ERX12707636; Run=ERR13336670; source=ENA PRJEB73710	ERX12707636	SAMEA115396777	1	ERR13336670	ERP158450	ILLUMINA	Illumina HiSeq 4000
ERX12707218	W1723_fringe	ORYZA_RUFIPOGON	W1723	fringe			RNA-Seq	scientific_name=Oryza rufipogon; BioSample=SAMEA115396778; ENA_sample=ERS18417359; Experiment=ERX12707218; Run=ERR13336252; source=ENA PRJEB73710	ERX12707218	SAMEA115396778	1	ERR13336252	ERP158450	ILLUMINA	Illumina HiSeq 4000
ERX12707348	W1723_seedling	ORYZA_RUFIPOGON	W1723	seedling			RNA-Seq	scientific_name=Oryza rufipogon; BioSample=SAMEA115396778; ENA_sample=ERS18417359; Experiment=ERX12707348; Run=ERR13336382; source=ENA PRJEB73710	ERX12707348	SAMEA115396778	1	ERR13336382	ERP158450	ILLUMINA	Illumina HiSeq 4000
ERX12707490	W1723_leaf	ORYZA_RUFIPOGON	W1723	leaf			RNA-Seq	scientific_name=Oryza rufipogon; BioSample=SAMEA115396778; ENA_sample=ERS18417359; Experiment=ERX12707490; Run=ERR13336524; source=ENA PRJEB73710	ERX12707490	SAMEA115396778	1	ERR13336524	ERP158450	ILLUMINA	Illumina HiSeq 4000
ERX12707637	W1723_root	ORYZA_RUFIPOGON	W1723	root			RNA-Seq	scientific_name=Oryza rufipogon; BioSample=SAMEA115396778; ENA_sample=ERS18417359; Experiment=ERX12707637; Run=ERR13336671; source=ENA PRJEB73710	ERX12707637	SAMEA115396778	1	ERR13336671	ERP158450	ILLUMINA	Illumina HiSeq 4000
ERX12707219	W1725_fringe	ORYZA_RUFIPOGON	W1725	fringe			RNA-Seq	scientific_name=Oryza rufipogon; BioSample=SAMEA115396779; ENA_sample=ERS18417360; Experiment=ERX12707219; Run=ERR13336253; source=ENA PRJEB73710	ERX12707219	SAMEA115396779	1	ERR13336253	ERP158450	ILLUMINA	Illumina HiSeq 4000
ERX12707349	W1725_seedling	ORYZA_RUFIPOGON	W1725	seedling			RNA-Seq	scientific_name=Oryza rufipogon; BioSample=SAMEA115396779; ENA_sample=ERS18417360; Experiment=ERX12707349; Run=ERR13336383; source=ENA PRJEB73710	ERX12707349	SAMEA115396779	1	ERR13336383	ERP158450	ILLUMINA	Illumina HiSeq 4000
ERX12707491	W1725_leaf	ORYZA_RUFIPOGON	W1725	leaf			RNA-Seq	scientific_name=Oryza rufipogon; BioSample=SAMEA115396779; ENA_sample=ERS18417360; Experiment=ERX12707491; Run=ERR13336525; source=ENA PRJEB73710	ERX12707491	SAMEA115396779	1	ERR13336525	ERP158450	ILLUMINA	Illumina HiSeq 4000
ERX12707638	W1725_root	ORYZA_RUFIPOGON	W1725	root			RNA-Seq	scientific_name=Oryza rufipogon; BioSample=SAMEA115396779; ENA_sample=ERS18417360; Experiment=ERX12707638; Run=ERR13336672; source=ENA PRJEB73710	ERX12707638	SAMEA115396779	1	ERR13336672	ERP158450	ILLUMINA	Illumina HiSeq 4000
ERX12707220	W1726_fringe	ORYZA_RUFIPOGON	W1726	fringe			RNA-Seq	scientific_name=Oryza rufipogon; BioSample=SAMEA115396780; ENA_sample=ERS18417361; Experiment=ERX12707220; Run=ERR13336254; source=ENA PRJEB73710	ERX12707220	SAMEA115396780	1	ERR13336254	ERP158450	ILLUMINA	Illumina HiSeq 4000
ERX12707350	W1726_seedling	ORYZA_RUFIPOGON	W1726	seedling			RNA-Seq	scientific_name=Oryza rufipogon; BioSample=SAMEA115396780; ENA_sample=ERS18417361; Experiment=ERX12707350; Run=ERR13336384; source=ENA PRJEB73710	ERX12707350	SAMEA115396780	1	ERR13336384	ERP158450	ILLUMINA	Illumina HiSeq 4000
ERX12707492	W1726_leaf	ORYZA_RUFIPOGON	W1726	leaf			RNA-Seq	scientific_name=Oryza rufipogon; BioSample=SAMEA115396780; ENA_sample=ERS18417361; Experiment=ERX12707492; Run=ERR13336526; source=ENA PRJEB73710	ERX12707492	SAMEA115396780	1	ERR13336526	ERP158450	ILLUMINA	Illumina HiSeq 4000
ERX12707639	W1726_root	ORYZA_RUFIPOGON	W1726	root			RNA-Seq	scientific_name=Oryza rufipogon; BioSample=SAMEA115396780; ENA_sample=ERS18417361; Experiment=ERX12707639; Run=ERR13336673; source=ENA PRJEB73710	ERX12707639	SAMEA115396780	1	ERR13336673	ERP158450	ILLUMINA	Illumina HiSeq 4000
ERX12707493	W1731_leaf	ORYZA_RUFIPOGON	W1731	leaf			RNA-Seq	scientific_name=Oryza rufipogon; BioSample=SAMEA115396781; ENA_sample=ERS18417362; Experiment=ERX12707493; Run=ERR13336527; source=ENA PRJEB73710	ERX12707493	SAMEA115396781	1	ERR13336527	ERP158450	ILLUMINA	Illumina HiSeq 4000
ERX12707640	W1731_root	ORYZA_RUFIPOGON	W1731	root			RNA-Seq	scientific_name=Oryza rufipogon; BioSample=SAMEA115396781; ENA_sample=ERS18417362; Experiment=ERX12707640; Run=ERR13336674; source=ENA PRJEB73710	ERX12707640	SAMEA115396781	1	ERR13336674	ERP158450	ILLUMINA	Illumina HiSeq 4000
ERX12707221	W1732_fringe	ORYZA_RUFIPOGON	W1732	fringe			RNA-Seq	scientific_name=Oryza rufipogon; BioSample=SAMEA115396782; ENA_sample=ERS18417363; Experiment=ERX12707221; Run=ERR13336255; source=ENA PRJEB73710	ERX12707221	SAMEA115396782	1	ERR13336255	ERP158450	ILLUMINA	Illumina HiSeq 4000
ERX12707351	W1732_seedling	ORYZA_RUFIPOGON	W1732	seedling			RNA-Seq	scientific_name=Oryza rufipogon; BioSample=SAMEA115396782; ENA_sample=ERS18417363; Experiment=ERX12707351; Run=ERR13336385; source=ENA PRJEB73710	ERX12707351	SAMEA115396782	1	ERR13336385	ERP158450	ILLUMINA	Illumina HiSeq 4000
ERX12707494	W1732_leaf	ORYZA_RUFIPOGON	W1732	leaf			RNA-Seq	scientific_name=Oryza rufipogon; BioSample=SAMEA115396782; ENA_sample=ERS18417363; Experiment=ERX12707494; Run=ERR13336528; source=ENA PRJEB73710	ERX12707494	SAMEA115396782	1	ERR13336528	ERP158450	ILLUMINA	Illumina HiSeq 4000
ERX12707641	W1732_root	ORYZA_RUFIPOGON	W1732	root			RNA-Seq	scientific_name=Oryza rufipogon; BioSample=SAMEA115396782; ENA_sample=ERS18417363; Experiment=ERX12707641; Run=ERR13336675; source=ENA PRJEB73710	ERX12707641	SAMEA115396782	1	ERR13336675	ERP158450	ILLUMINA	Illumina HiSeq 4000
ERX12707222	W1735_fringe	ORYZA_RUFIPOGON	W1735	fringe			RNA-Seq	scientific_name=Oryza rufipogon; BioSample=SAMEA115396783; ENA_sample=ERS18417364; Experiment=ERX12707222; Run=ERR13336256; source=ENA PRJEB73710	ERX12707222	SAMEA115396783	1	ERR13336256	ERP158450	ILLUMINA	Illumina HiSeq 4000
ERX12707352	W1735_seedling	ORYZA_RUFIPOGON	W1735	seedling			RNA-Seq	scientific_name=Oryza rufipogon; BioSample=SAMEA115396783; ENA_sample=ERS18417364; Experiment=ERX12707352; Run=ERR13336386; source=ENA PRJEB73710	ERX12707352	SAMEA115396783	1	ERR13336386	ERP158450	ILLUMINA	Illumina HiSeq 4000
ERX12707495	W1735_leaf	ORYZA_RUFIPOGON	W1735	leaf			RNA-Seq	scientific_name=Oryza rufipogon; BioSample=SAMEA115396783; ENA_sample=ERS18417364; Experiment=ERX12707495; Run=ERR13336529; source=ENA PRJEB73710	ERX12707495	SAMEA115396783	1	ERR13336529	ERP158450	ILLUMINA	Illumina HiSeq 4000
ERX12707642	W1735_root	ORYZA_RUFIPOGON	W1735	root			RNA-Seq	scientific_name=Oryza rufipogon; BioSample=SAMEA115396783; ENA_sample=ERS18417364; Experiment=ERX12707642; Run=ERR13336676; source=ENA PRJEB73710	ERX12707642	SAMEA115396783	1	ERR13336676	ERP158450	ILLUMINA	Illumina HiSeq 4000
ERX12707223	W1736_fringe	ORYZA_RUFIPOGON	W1736	fringe			RNA-Seq	scientific_name=Oryza rufipogon; BioSample=SAMEA115396784; ENA_sample=ERS18417365; Experiment=ERX12707223; Run=ERR13336257; source=ENA PRJEB73710	ERX12707223	SAMEA115396784	1	ERR13336257	ERP158450	ILLUMINA	Illumina HiSeq 4000
ERX12707353	W1736_seedling	ORYZA_RUFIPOGON	W1736	seedling			RNA-Seq	scientific_name=Oryza rufipogon; BioSample=SAMEA115396784; ENA_sample=ERS18417365; Experiment=ERX12707353; Run=ERR13336387; source=ENA PRJEB73710	ERX12707353	SAMEA115396784	1	ERR13336387	ERP158450	ILLUMINA	Illumina HiSeq 4000
ERX12707496	W1736_leaf	ORYZA_RUFIPOGON	W1736	leaf			RNA-Seq	scientific_name=Oryza rufipogon; BioSample=SAMEA115396784; ENA_sample=ERS18417365; Experiment=ERX12707496; Run=ERR13336530; source=ENA PRJEB73710	ERX12707496	SAMEA115396784	1	ERR13336530	ERP158450	ILLUMINA	Illumina HiSeq 4000
ERX12707643	W1736_root	ORYZA_RUFIPOGON	W1736	root			RNA-Seq	scientific_name=Oryza rufipogon; BioSample=SAMEA115396784; ENA_sample=ERS18417365; Experiment=ERX12707643; Run=ERR13336677; source=ENA PRJEB73710	ERX12707643	SAMEA115396784	1	ERR13336677	ERP158450	ILLUMINA	Illumina HiSeq 4000
ERX12707224	W1737_fringe	ORYZA_RUFIPOGON	W1737	fringe			RNA-Seq	scientific_name=Oryza rufipogon; BioSample=SAMEA115396785; ENA_sample=ERS18417366; Experiment=ERX12707224; Run=ERR13336258; source=ENA PRJEB73710	ERX12707224	SAMEA115396785	1	ERR13336258	ERP158450	ILLUMINA	Illumina HiSeq 4000
ERX12707354	W1737_seedling	ORYZA_RUFIPOGON	W1737	seedling			RNA-Seq	scientific_name=Oryza rufipogon; BioSample=SAMEA115396785; ENA_sample=ERS18417366; Experiment=ERX12707354; Run=ERR13336388; source=ENA PRJEB73710	ERX12707354	SAMEA115396785	1	ERR13336388	ERP158450	ILLUMINA	Illumina HiSeq 4000
ERX12707497	W1737_leaf	ORYZA_RUFIPOGON	W1737	leaf			RNA-Seq	scientific_name=Oryza rufipogon; BioSample=SAMEA115396785; ENA_sample=ERS18417366; Experiment=ERX12707497; Run=ERR13336531; source=ENA PRJEB73710	ERX12707497	SAMEA115396785	1	ERR13336531	ERP158450	ILLUMINA	Illumina HiSeq 4000
ERX12707644	W1737_root	ORYZA_RUFIPOGON	W1737	root			RNA-Seq	scientific_name=Oryza rufipogon; BioSample=SAMEA115396785; ENA_sample=ERS18417366; Experiment=ERX12707644; Run=ERR13336678; source=ENA PRJEB73710	ERX12707644	SAMEA115396785	1	ERR13336678	ERP158450	ILLUMINA	Illumina HiSeq 4000
ERX12707225	W1742_fringe	ORYZA_RUFIPOGON	W1742	fringe			RNA-Seq	scientific_name=Oryza rufipogon; BioSample=SAMEA115396786; ENA_sample=ERS18417367; Experiment=ERX12707225; Run=ERR13336259; source=ENA PRJEB73710	ERX12707225	SAMEA115396786	1	ERR13336259	ERP158450	ILLUMINA	Illumina HiSeq 4000
ERX12707355	W1742_seedling	ORYZA_RUFIPOGON	W1742	seedling			RNA-Seq	scientific_name=Oryza rufipogon; BioSample=SAMEA115396786; ENA_sample=ERS18417367; Experiment=ERX12707355; Run=ERR13336389; source=ENA PRJEB73710	ERX12707355	SAMEA115396786	1	ERR13336389	ERP158450	ILLUMINA	Illumina HiSeq 4000
ERX12707498	W1742_leaf	ORYZA_RUFIPOGON	W1742	leaf			RNA-Seq	scientific_name=Oryza rufipogon; BioSample=SAMEA115396786; ENA_sample=ERS18417367; Experiment=ERX12707498; Run=ERR13336532; source=ENA PRJEB73710	ERX12707498	SAMEA115396786	1	ERR13336532	ERP158450	ILLUMINA	Illumina HiSeq 4000
ERX12707645	W1742_root	ORYZA_RUFIPOGON	W1742	root			RNA-Seq	scientific_name=Oryza rufipogon; BioSample=SAMEA115396786; ENA_sample=ERS18417367; Experiment=ERX12707645; Run=ERR13336679; source=ENA PRJEB73710	ERX12707645	SAMEA115396786	1	ERR13336679	ERP158450	ILLUMINA	Illumina HiSeq 4000
ERX12707226	W1748_fringe	ORYZA_RUFIPOGON	W1748	fringe			RNA-Seq	scientific_name=Oryza rufipogon; BioSample=SAMEA115396787; ENA_sample=ERS18417368; Experiment=ERX12707226; Run=ERR13336260; source=ENA PRJEB73710	ERX12707226	SAMEA115396787	1	ERR13336260	ERP158450	ILLUMINA	Illumina HiSeq 4000
ERX12707356	W1748_seedling	ORYZA_RUFIPOGON	W1748	seedling			RNA-Seq	scientific_name=Oryza rufipogon; BioSample=SAMEA115396787; ENA_sample=ERS18417368; Experiment=ERX12707356; Run=ERR13336390; source=ENA PRJEB73710	ERX12707356	SAMEA115396787	1	ERR13336390	ERP158450	ILLUMINA	Illumina HiSeq 4000
ERX12707499	W1748_leaf	ORYZA_RUFIPOGON	W1748	leaf			RNA-Seq	scientific_name=Oryza rufipogon; BioSample=SAMEA115396787; ENA_sample=ERS18417368; Experiment=ERX12707499; Run=ERR13336533; source=ENA PRJEB73710	ERX12707499	SAMEA115396787	1	ERR13336533	ERP158450	ILLUMINA	Illumina HiSeq 4000
ERX12707646	W1748_root	ORYZA_RUFIPOGON	W1748	root			RNA-Seq	scientific_name=Oryza rufipogon; BioSample=SAMEA115396787; ENA_sample=ERS18417368; Experiment=ERX12707646; Run=ERR13336680; source=ENA PRJEB73710	ERX12707646	SAMEA115396787	1	ERR13336680	ERP158450	ILLUMINA	Illumina HiSeq 4000
ERX12707227	W1750_fringe	ORYZA_RUFIPOGON	W1750	fringe			RNA-Seq	scientific_name=Oryza rufipogon; BioSample=SAMEA115396788; ENA_sample=ERS18417369; Experiment=ERX12707227; Run=ERR13336261; source=ENA PRJEB73710	ERX12707227	SAMEA115396788	1	ERR13336261	ERP158450	ILLUMINA	Illumina HiSeq 4000
ERX12707357	W1750_seedling	ORYZA_RUFIPOGON	W1750	seedling			RNA-Seq	scientific_name=Oryza rufipogon; BioSample=SAMEA115396788; ENA_sample=ERS18417369; Experiment=ERX12707357; Run=ERR13336391; source=ENA PRJEB73710	ERX12707357	SAMEA115396788	1	ERR13336391	ERP158450	ILLUMINA	Illumina HiSeq 4000
ERX12707500	W1750_leaf	ORYZA_RUFIPOGON	W1750	leaf			RNA-Seq	scientific_name=Oryza rufipogon; BioSample=SAMEA115396788; ENA_sample=ERS18417369; Experiment=ERX12707500; Run=ERR13336534; source=ENA PRJEB73710	ERX12707500	SAMEA115396788	1	ERR13336534	ERP158450	ILLUMINA	Illumina HiSeq 4000
ERX12707647	W1750_root	ORYZA_RUFIPOGON	W1750	root			RNA-Seq	scientific_name=Oryza rufipogon; BioSample=SAMEA115396788; ENA_sample=ERS18417369; Experiment=ERX12707647; Run=ERR13336681; source=ENA PRJEB73710	ERX12707647	SAMEA115396788	1	ERR13336681	ERP158450	ILLUMINA	Illumina HiSeq 4000
ERX12707228	W1777_fringe	ORYZA_RUFIPOGON	W1777	fringe			RNA-Seq	scientific_name=Oryza rufipogon; BioSample=SAMEA115396789; ENA_sample=ERS18417370; Experiment=ERX12707228; Run=ERR13336262; source=ENA PRJEB73710	ERX12707228	SAMEA115396789	1	ERR13336262	ERP158450	ILLUMINA	Illumina HiSeq 4000
ERX12707358	W1777_seedling	ORYZA_RUFIPOGON	W1777	seedling			RNA-Seq	scientific_name=Oryza rufipogon; BioSample=SAMEA115396789; ENA_sample=ERS18417370; Experiment=ERX12707358; Run=ERR13336392; source=ENA PRJEB73710	ERX12707358	SAMEA115396789	1	ERR13336392	ERP158450	ILLUMINA	Illumina HiSeq 4000
ERX12707501	W1777_leaf	ORYZA_RUFIPOGON	W1777	leaf			RNA-Seq	scientific_name=Oryza rufipogon; BioSample=SAMEA115396789; ENA_sample=ERS18417370; Experiment=ERX12707501; Run=ERR13336535; source=ENA PRJEB73710	ERX12707501	SAMEA115396789	1	ERR13336535	ERP158450	ILLUMINA	Illumina HiSeq 4000
ERX12707648	W1777_root	ORYZA_RUFIPOGON	W1777	root			RNA-Seq	scientific_name=Oryza rufipogon; BioSample=SAMEA115396789; ENA_sample=ERS18417370; Experiment=ERX12707648; Run=ERR13336682; source=ENA PRJEB73710	ERX12707648	SAMEA115396789	1	ERR13336682	ERP158450	ILLUMINA	Illumina HiSeq 4000
ERX12707229	W1783_fringe	ORYZA_RUFIPOGON	W1783	fringe			RNA-Seq	scientific_name=Oryza rufipogon; BioSample=SAMEA115396790; ENA_sample=ERS18417371; Experiment=ERX12707229; Run=ERR13336263; source=ENA PRJEB73710	ERX12707229	SAMEA115396790	1	ERR13336263	ERP158450	ILLUMINA	Illumina HiSeq 4000
ERX12707359	W1783_seedling	ORYZA_RUFIPOGON	W1783	seedling			RNA-Seq	scientific_name=Oryza rufipogon; BioSample=SAMEA115396790; ENA_sample=ERS18417371; Experiment=ERX12707359; Run=ERR13336393; source=ENA PRJEB73710	ERX12707359	SAMEA115396790	1	ERR13336393	ERP158450	ILLUMINA	Illumina HiSeq 4000
ERX12707502	W1783_leaf	ORYZA_RUFIPOGON	W1783	leaf			RNA-Seq	scientific_name=Oryza rufipogon; BioSample=SAMEA115396790; ENA_sample=ERS18417371; Experiment=ERX12707502; Run=ERR13336536; source=ENA PRJEB73710	ERX12707502	SAMEA115396790	1	ERR13336536	ERP158450	ILLUMINA	Illumina HiSeq 4000
ERX12707649	W1783_root	ORYZA_RUFIPOGON	W1783	root			RNA-Seq	scientific_name=Oryza rufipogon; BioSample=SAMEA115396790; ENA_sample=ERS18417371; Experiment=ERX12707649; Run=ERR13336683; source=ENA PRJEB73710	ERX12707649	SAMEA115396790	1	ERR13336683	ERP158450	ILLUMINA	Illumina HiSeq 4000
ERX12707230	W1787_fringe	ORYZA_RUFIPOGON	W1787	fringe			RNA-Seq	scientific_name=Oryza rufipogon; BioSample=SAMEA115396791; ENA_sample=ERS18417372; Experiment=ERX12707230; Run=ERR13336264; source=ENA PRJEB73710	ERX12707230	SAMEA115396791	1	ERR13336264	ERP158450	ILLUMINA	Illumina HiSeq 4000
ERX12707360	W1787_seedling	ORYZA_RUFIPOGON	W1787	seedling			RNA-Seq	scientific_name=Oryza rufipogon; BioSample=SAMEA115396791; ENA_sample=ERS18417372; Experiment=ERX12707360; Run=ERR13336394; source=ENA PRJEB73710	ERX12707360	SAMEA115396791	1	ERR13336394	ERP158450	ILLUMINA	Illumina HiSeq 4000
ERX12707503	W1787_leaf	ORYZA_RUFIPOGON	W1787	leaf			RNA-Seq	scientific_name=Oryza rufipogon; BioSample=SAMEA115396791; ENA_sample=ERS18417372; Experiment=ERX12707503; Run=ERR13336537; source=ENA PRJEB73710	ERX12707503	SAMEA115396791	1	ERR13336537	ERP158450	ILLUMINA	Illumina HiSeq 4000
ERX12707650	W1787_root	ORYZA_RUFIPOGON	W1787	root			RNA-Seq	scientific_name=Oryza rufipogon; BioSample=SAMEA115396791; ENA_sample=ERS18417372; Experiment=ERX12707650; Run=ERR13336684; source=ENA PRJEB73710	ERX12707650	SAMEA115396791	1	ERR13336684	ERP158450	ILLUMINA	Illumina HiSeq 4000
ERX12707231	W1809_fringe	ORYZA_RUFIPOGON	W1809	fringe			RNA-Seq	scientific_name=Oryza rufipogon; BioSample=SAMEA115396792; ENA_sample=ERS18417373; Experiment=ERX12707231; Run=ERR13336265; source=ENA PRJEB73710	ERX12707231	SAMEA115396792	1	ERR13336265	ERP158450	ILLUMINA	Illumina HiSeq 4000
ERX12707361	W1809_seedling	ORYZA_RUFIPOGON	W1809	seedling			RNA-Seq	scientific_name=Oryza rufipogon; BioSample=SAMEA115396792; ENA_sample=ERS18417373; Experiment=ERX12707361; Run=ERR13336395; source=ENA PRJEB73710	ERX12707361	SAMEA115396792	1	ERR13336395	ERP158450	ILLUMINA	Illumina HiSeq 4000
ERX12707504	W1809_leaf	ORYZA_RUFIPOGON	W1809	leaf			RNA-Seq	scientific_name=Oryza rufipogon; BioSample=SAMEA115396792; ENA_sample=ERS18417373; Experiment=ERX12707504; Run=ERR13336538; source=ENA PRJEB73710	ERX12707504	SAMEA115396792	1	ERR13336538	ERP158450	ILLUMINA	Illumina HiSeq 4000
ERX12707651	W1809_root	ORYZA_RUFIPOGON	W1809	root			RNA-Seq	scientific_name=Oryza rufipogon; BioSample=SAMEA115396792; ENA_sample=ERS18417373; Experiment=ERX12707651; Run=ERR13336685; source=ENA PRJEB73710	ERX12707651	SAMEA115396792	1	ERR13336685	ERP158450	ILLUMINA	Illumina HiSeq 4000
ERX12707232	W1810_fringe	ORYZA_RUFIPOGON	W1810	fringe			RNA-Seq	scientific_name=Oryza rufipogon; BioSample=SAMEA115396793; ENA_sample=ERS18417374; Experiment=ERX12707232; Run=ERR13336266; source=ENA PRJEB73710	ERX12707232	SAMEA115396793	1	ERR13336266	ERP158450	ILLUMINA	Illumina HiSeq 4000
ERX12707362	W1810_seedling	ORYZA_RUFIPOGON	W1810	seedling			RNA-Seq	scientific_name=Oryza rufipogon; BioSample=SAMEA115396793; ENA_sample=ERS18417374; Experiment=ERX12707362; Run=ERR13336396; source=ENA PRJEB73710	ERX12707362	SAMEA115396793	1	ERR13336396	ERP158450	ILLUMINA	Illumina HiSeq 4000
ERX12707505	W1810_leaf	ORYZA_RUFIPOGON	W1810	leaf			RNA-Seq	scientific_name=Oryza rufipogon; BioSample=SAMEA115396793; ENA_sample=ERS18417374; Experiment=ERX12707505; Run=ERR13336539; source=ENA PRJEB73710	ERX12707505	SAMEA115396793	1	ERR13336539	ERP158450	ILLUMINA	Illumina HiSeq 4000
ERX12707652	W1810_root	ORYZA_RUFIPOGON	W1810	root			RNA-Seq	scientific_name=Oryza rufipogon; BioSample=SAMEA115396793; ENA_sample=ERS18417374; Experiment=ERX12707652; Run=ERR13336686; source=ENA PRJEB73710	ERX12707652	SAMEA115396793	1	ERR13336686	ERP158450	ILLUMINA	Illumina HiSeq 4000
ERX12707233	W1825_fringe	ORYZA_RUFIPOGON	W1825	fringe			RNA-Seq	scientific_name=Oryza rufipogon; BioSample=SAMEA115396794; ENA_sample=ERS18417375; Experiment=ERX12707233; Run=ERR13336267; source=ENA PRJEB73710	ERX12707233	SAMEA115396794	1	ERR13336267	ERP158450	ILLUMINA	Illumina HiSeq 4000
ERX12707363	W1825_seedling	ORYZA_RUFIPOGON	W1825	seedling			RNA-Seq	scientific_name=Oryza rufipogon; BioSample=SAMEA115396794; ENA_sample=ERS18417375; Experiment=ERX12707363; Run=ERR13336397; source=ENA PRJEB73710	ERX12707363	SAMEA115396794	1	ERR13336397	ERP158450	ILLUMINA	Illumina HiSeq 4000
ERX12707506	W1825_leaf	ORYZA_RUFIPOGON	W1825	leaf			RNA-Seq	scientific_name=Oryza rufipogon; BioSample=SAMEA115396794; ENA_sample=ERS18417375; Experiment=ERX12707506; Run=ERR13336540; source=ENA PRJEB73710	ERX12707506	SAMEA115396794	1	ERR13336540	ERP158450	ILLUMINA	Illumina HiSeq 4000
ERX12707653	W1825_root	ORYZA_RUFIPOGON	W1825	root			RNA-Seq	scientific_name=Oryza rufipogon; BioSample=SAMEA115396794; ENA_sample=ERS18417375; Experiment=ERX12707653; Run=ERR13336687; source=ENA PRJEB73710	ERX12707653	SAMEA115396794	1	ERR13336687	ERP158450	ILLUMINA	Illumina HiSeq 4000
ERX12707234	W1839_fringe	ORYZA_RUFIPOGON	W1839	fringe			RNA-Seq	scientific_name=Oryza rufipogon; BioSample=SAMEA115396795; ENA_sample=ERS18417376; Experiment=ERX12707234; Run=ERR13336268; source=ENA PRJEB73710	ERX12707234	SAMEA115396795	1	ERR13336268	ERP158450	ILLUMINA	Illumina HiSeq 4000
ERX12707364	W1839_seedling	ORYZA_RUFIPOGON	W1839	seedling			RNA-Seq	scientific_name=Oryza rufipogon; BioSample=SAMEA115396795; ENA_sample=ERS18417376; Experiment=ERX12707364; Run=ERR13336398; source=ENA PRJEB73710	ERX12707364	SAMEA115396795	1	ERR13336398	ERP158450	ILLUMINA	Illumina HiSeq 4000
ERX12707507	W1839_leaf	ORYZA_RUFIPOGON	W1839	leaf			RNA-Seq	scientific_name=Oryza rufipogon; BioSample=SAMEA115396795; ENA_sample=ERS18417376; Experiment=ERX12707507; Run=ERR13336541; source=ENA PRJEB73710	ERX12707507	SAMEA115396795	1	ERR13336541	ERP158450	ILLUMINA	Illumina HiSeq 4000
ERX12707654	W1839_root	ORYZA_RUFIPOGON	W1839	root			RNA-Seq	scientific_name=Oryza rufipogon; BioSample=SAMEA115396795; ENA_sample=ERS18417376; Experiment=ERX12707654; Run=ERR13336688; source=ENA PRJEB73710	ERX12707654	SAMEA115396795	1	ERR13336688	ERP158450	ILLUMINA	Illumina HiSeq 4000
ERX12707235	W1859_fringe	ORYZA_RUFIPOGON	W1859	fringe			RNA-Seq	scientific_name=Oryza rufipogon; BioSample=SAMEA115396796; ENA_sample=ERS18417377; Experiment=ERX12707235; Run=ERR13336269; source=ENA PRJEB73710	ERX12707235	SAMEA115396796	1	ERR13336269	ERP158450	ILLUMINA	Illumina HiSeq 4000
ERX12707365	W1859_seedling	ORYZA_RUFIPOGON	W1859	seedling			RNA-Seq	scientific_name=Oryza rufipogon; BioSample=SAMEA115396796; ENA_sample=ERS18417377; Experiment=ERX12707365; Run=ERR13336399; source=ENA PRJEB73710	ERX12707365	SAMEA115396796	1	ERR13336399	ERP158450	ILLUMINA	Illumina HiSeq 4000
ERX12707508	W1859_leaf	ORYZA_RUFIPOGON	W1859	leaf			RNA-Seq	scientific_name=Oryza rufipogon; BioSample=SAMEA115396796; ENA_sample=ERS18417377; Experiment=ERX12707508; Run=ERR13336542; source=ENA PRJEB73710	ERX12707508	SAMEA115396796	1	ERR13336542	ERP158450	ILLUMINA	Illumina HiSeq 4000
ERX12707655	W1859_root	ORYZA_RUFIPOGON	W1859	root			RNA-Seq	scientific_name=Oryza rufipogon; BioSample=SAMEA115396796; ENA_sample=ERS18417377; Experiment=ERX12707655; Run=ERR13336689; source=ENA PRJEB73710	ERX12707655	SAMEA115396796	1	ERR13336689	ERP158450	ILLUMINA	Illumina HiSeq 4000
ERX12707366	W1865_seedling	ORYZA_RUFIPOGON	W1865	seedling			RNA-Seq	scientific_name=Oryza rufipogon; BioSample=SAMEA115396797; ENA_sample=ERS18417378; Experiment=ERX12707366; Run=ERR13336400; source=ENA PRJEB73710	ERX12707366	SAMEA115396797	1	ERR13336400	ERP158450	ILLUMINA	Illumina HiSeq 4000
ERX12707509	W1865_leaf	ORYZA_RUFIPOGON	W1865	leaf			RNA-Seq	scientific_name=Oryza rufipogon; BioSample=SAMEA115396797; ENA_sample=ERS18417378; Experiment=ERX12707509; Run=ERR13336543; source=ENA PRJEB73710	ERX12707509	SAMEA115396797	1	ERR13336543	ERP158450	ILLUMINA	Illumina HiSeq 4000
ERX12707656	W1865_root	ORYZA_RUFIPOGON	W1865	root			RNA-Seq	scientific_name=Oryza rufipogon; BioSample=SAMEA115396797; ENA_sample=ERS18417378; Experiment=ERX12707656; Run=ERR13336690; source=ENA PRJEB73710	ERX12707656	SAMEA115396797	1	ERR13336690	ERP158450	ILLUMINA	Illumina HiSeq 4000
ERX12707236	W1880_fringe	ORYZA_RUFIPOGON	W1880	fringe			RNA-Seq	scientific_name=Oryza rufipogon; BioSample=SAMEA115396798; ENA_sample=ERS18417379; Experiment=ERX12707236; Run=ERR13336270; source=ENA PRJEB73710	ERX12707236	SAMEA115396798	1	ERR13336270	ERP158450	ILLUMINA	Illumina HiSeq 4000
ERX12707367	W1880_seedling	ORYZA_RUFIPOGON	W1880	seedling			RNA-Seq	scientific_name=Oryza rufipogon; BioSample=SAMEA115396798; ENA_sample=ERS18417379; Experiment=ERX12707367; Run=ERR13336401; source=ENA PRJEB73710	ERX12707367	SAMEA115396798	1	ERR13336401	ERP158450	ILLUMINA	Illumina HiSeq 4000
ERX12707510	W1880_leaf	ORYZA_RUFIPOGON	W1880	leaf			RNA-Seq	scientific_name=Oryza rufipogon; BioSample=SAMEA115396798; ENA_sample=ERS18417379; Experiment=ERX12707510; Run=ERR13336544; source=ENA PRJEB73710	ERX12707510	SAMEA115396798	1	ERR13336544	ERP158450	ILLUMINA	Illumina HiSeq 4000
ERX12707657	W1880_root	ORYZA_RUFIPOGON	W1880	root			RNA-Seq	scientific_name=Oryza rufipogon; BioSample=SAMEA115396798; ENA_sample=ERS18417379; Experiment=ERX12707657; Run=ERR13336691; source=ENA PRJEB73710	ERX12707657	SAMEA115396798	1	ERR13336691	ERP158450	ILLUMINA	Illumina HiSeq 4000
ERX12707237	W1890_fringe	ORYZA_RUFIPOGON	W1890	fringe			RNA-Seq	scientific_name=Oryza rufipogon; BioSample=SAMEA115396799; ENA_sample=ERS18417380; Experiment=ERX12707237; Run=ERR13336271; source=ENA PRJEB73710	ERX12707237	SAMEA115396799	1	ERR13336271	ERP158450	ILLUMINA	Illumina HiSeq 4000
ERX12707368	W1890_seedling	ORYZA_RUFIPOGON	W1890	seedling			RNA-Seq	scientific_name=Oryza rufipogon; BioSample=SAMEA115396799; ENA_sample=ERS18417380; Experiment=ERX12707368; Run=ERR13336402; source=ENA PRJEB73710	ERX12707368	SAMEA115396799	1	ERR13336402	ERP158450	ILLUMINA	Illumina HiSeq 4000
ERX12707511	W1890_leaf	ORYZA_RUFIPOGON	W1890	leaf			RNA-Seq	scientific_name=Oryza rufipogon; BioSample=SAMEA115396799; ENA_sample=ERS18417380; Experiment=ERX12707511; Run=ERR13336545; source=ENA PRJEB73710	ERX12707511	SAMEA115396799	1	ERR13336545	ERP158450	ILLUMINA	Illumina HiSeq 4000
ERX12707658	W1890_root	ORYZA_RUFIPOGON	W1890	root			RNA-Seq	scientific_name=Oryza rufipogon; BioSample=SAMEA115396799; ENA_sample=ERS18417380; Experiment=ERX12707658; Run=ERR13336692; source=ENA PRJEB73710	ERX12707658	SAMEA115396799	1	ERR13336692	ERP158450	ILLUMINA	Illumina HiSeq 4000
ERX12707512	W1895_leaf	ORYZA_RUFIPOGON	W1895	leaf			RNA-Seq	scientific_name=Oryza rufipogon; BioSample=SAMEA115396800; ENA_sample=ERS18417381; Experiment=ERX12707512; Run=ERR13336546; source=ENA PRJEB73710	ERX12707512	SAMEA115396800	1	ERR13336546	ERP158450	ILLUMINA	Illumina HiSeq 4000
ERX12707659	W1895_root	ORYZA_RUFIPOGON	W1895	root			RNA-Seq	scientific_name=Oryza rufipogon; BioSample=SAMEA115396800; ENA_sample=ERS18417381; Experiment=ERX12707659; Run=ERR13336693; source=ENA PRJEB73710	ERX12707659	SAMEA115396800	1	ERR13336693	ERP158450	ILLUMINA	Illumina HiSeq 4000
ERX12707513	W1919_leaf	ORYZA_RUFIPOGON	W1919	leaf			RNA-Seq	scientific_name=Oryza rufipogon; BioSample=SAMEA115396801; ENA_sample=ERS18417382; Experiment=ERX12707513; Run=ERR13336547; source=ENA PRJEB73710	ERX12707513	SAMEA115396801	1	ERR13336547	ERP158450	ILLUMINA	Illumina HiSeq 4000
ERX12707660	W1919_root	ORYZA_RUFIPOGON	W1919	root			RNA-Seq	scientific_name=Oryza rufipogon; BioSample=SAMEA115396801; ENA_sample=ERS18417382; Experiment=ERX12707660; Run=ERR13336694; source=ENA PRJEB73710	ERX12707660	SAMEA115396801	1	ERR13336694	ERP158450	ILLUMINA	Illumina HiSeq 4000
ERX12707238	W1943_fringe	ORYZA_RUFIPOGON	W1943	fringe			RNA-Seq	scientific_name=Oryza rufipogon; BioSample=SAMEA115396802; ENA_sample=ERS18417383; Experiment=ERX12707238; Run=ERR13336272; source=ENA PRJEB73710	ERX12707238	SAMEA115396802	1	ERR13336272	ERP158450	ILLUMINA	Illumina HiSeq 4000
ERX12707369	W1943_seedling	ORYZA_RUFIPOGON	W1943	seedling			RNA-Seq	scientific_name=Oryza rufipogon; BioSample=SAMEA115396802; ENA_sample=ERS18417383; Experiment=ERX12707369; Run=ERR13336403; source=ENA PRJEB73710	ERX12707369	SAMEA115396802	1	ERR13336403	ERP158450	ILLUMINA	Illumina HiSeq 4000
ERX12707514	W1943_leaf	ORYZA_RUFIPOGON	W1943	leaf			RNA-Seq	scientific_name=Oryza rufipogon; BioSample=SAMEA115396802; ENA_sample=ERS18417383; Experiment=ERX12707514; Run=ERR13336548; source=ENA PRJEB73710	ERX12707514	SAMEA115396802	1	ERR13336548	ERP158450	ILLUMINA	Illumina HiSeq 4000
ERX12707661	W1943_root	ORYZA_RUFIPOGON	W1943	root			RNA-Seq	scientific_name=Oryza rufipogon; BioSample=SAMEA115396802; ENA_sample=ERS18417383; Experiment=ERX12707661; Run=ERR13336695; source=ENA PRJEB73710	ERX12707661	SAMEA115396802	1	ERR13336695	ERP158450	ILLUMINA	Illumina HiSeq 4000
ERX12707239	W1970_fringe	ORYZA_RUFIPOGON	W1970	fringe			RNA-Seq	scientific_name=Oryza rufipogon; BioSample=SAMEA115396804; ENA_sample=ERS18417385; Experiment=ERX12707239; Run=ERR13336273; source=ENA PRJEB73710	ERX12707239	SAMEA115396804	1	ERR13336273	ERP158450	ILLUMINA	Illumina HiSeq 4000
ERX12707370	W1970_seedling	ORYZA_RUFIPOGON	W1970	seedling			RNA-Seq	scientific_name=Oryza rufipogon; BioSample=SAMEA115396804; ENA_sample=ERS18417385; Experiment=ERX12707370; Run=ERR13336404; source=ENA PRJEB73710	ERX12707370	SAMEA115396804	1	ERR13336404	ERP158450	ILLUMINA	Illumina HiSeq 4000
ERX12707515	W1970_leaf	ORYZA_RUFIPOGON	W1970	leaf			RNA-Seq	scientific_name=Oryza rufipogon; BioSample=SAMEA115396804; ENA_sample=ERS18417385; Experiment=ERX12707515; Run=ERR13336549; source=ENA PRJEB73710	ERX12707515	SAMEA115396804	1	ERR13336549	ERP158450	ILLUMINA	Illumina HiSeq 4000
ERX12707662	W1970_root	ORYZA_RUFIPOGON	W1970	root			RNA-Seq	scientific_name=Oryza rufipogon; BioSample=SAMEA115396804; ENA_sample=ERS18417385; Experiment=ERX12707662; Run=ERR13336696; source=ENA PRJEB73710	ERX12707662	SAMEA115396804	1	ERR13336696	ERP158450	ILLUMINA	Illumina HiSeq 4000
ERX12707240	W1976_fringe	ORYZA_RUFIPOGON	W1976	fringe			RNA-Seq	scientific_name=Oryza rufipogon; BioSample=SAMEA115396805; ENA_sample=ERS18417386; Experiment=ERX12707240; Run=ERR13336274; source=ENA PRJEB73710	ERX12707240	SAMEA115396805	1	ERR13336274	ERP158450	ILLUMINA	Illumina HiSeq 4000
ERX12707371	W1976_seedling	ORYZA_RUFIPOGON	W1976	seedling			RNA-Seq	scientific_name=Oryza rufipogon; BioSample=SAMEA115396805; ENA_sample=ERS18417386; Experiment=ERX12707371; Run=ERR13336405; source=ENA PRJEB73710	ERX12707371	SAMEA115396805	1	ERR13336405	ERP158450	ILLUMINA	Illumina HiSeq 4000
ERX12707516	W1976_leaf	ORYZA_RUFIPOGON	W1976	leaf			RNA-Seq	scientific_name=Oryza rufipogon; BioSample=SAMEA115396805; ENA_sample=ERS18417386; Experiment=ERX12707516; Run=ERR13336550; source=ENA PRJEB73710	ERX12707516	SAMEA115396805	1	ERR13336550	ERP158450	ILLUMINA	Illumina HiSeq 4000
ERX12707663	W1976_root	ORYZA_RUFIPOGON	W1976	root			RNA-Seq	scientific_name=Oryza rufipogon; BioSample=SAMEA115396805; ENA_sample=ERS18417386; Experiment=ERX12707663; Run=ERR13336697; source=ENA PRJEB73710	ERX12707663	SAMEA115396805	1	ERR13336697	ERP158450	ILLUMINA	Illumina HiSeq 4000
ERX12707241	W2005_fringe	ORYZA_RUFIPOGON	W2005	fringe			RNA-Seq	scientific_name=Oryza rufipogon; BioSample=SAMEA115396806; ENA_sample=ERS18417387; Experiment=ERX12707241; Run=ERR13336275; source=ENA PRJEB73710	ERX12707241	SAMEA115396806	1	ERR13336275	ERP158450	ILLUMINA	Illumina HiSeq 4000
ERX12707372	W2005_seedling	ORYZA_RUFIPOGON	W2005	seedling			RNA-Seq	scientific_name=Oryza rufipogon; BioSample=SAMEA115396806; ENA_sample=ERS18417387; Experiment=ERX12707372; Run=ERR13336406; source=ENA PRJEB73710	ERX12707372	SAMEA115396806	1	ERR13336406	ERP158450	ILLUMINA	Illumina HiSeq 4000
ERX12707517	W2005_leaf	ORYZA_RUFIPOGON	W2005	leaf			RNA-Seq	scientific_name=Oryza rufipogon; BioSample=SAMEA115396806; ENA_sample=ERS18417387; Experiment=ERX12707517; Run=ERR13336551; source=ENA PRJEB73710	ERX12707517	SAMEA115396806	1	ERR13336551	ERP158450	ILLUMINA	Illumina HiSeq 4000
ERX12707664	W2005_root	ORYZA_RUFIPOGON	W2005	root			RNA-Seq	scientific_name=Oryza rufipogon; BioSample=SAMEA115396806; ENA_sample=ERS18417387; Experiment=ERX12707664; Run=ERR13336698; source=ENA PRJEB73710	ERX12707664	SAMEA115396806	1	ERR13336698	ERP158450	ILLUMINA	Illumina HiSeq 4000
ERX12707242	W2022_fringe	ORYZA_RUFIPOGON	W2022	fringe			RNA-Seq	scientific_name=Oryza rufipogon; BioSample=SAMEA115396807; ENA_sample=ERS18417388; Experiment=ERX12707242; Run=ERR13336276; source=ENA PRJEB73710	ERX12707242	SAMEA115396807	1	ERR13336276	ERP158450	ILLUMINA	Illumina HiSeq 4000
ERX12707373	W2022_seedling	ORYZA_RUFIPOGON	W2022	seedling			RNA-Seq	scientific_name=Oryza rufipogon; BioSample=SAMEA115396807; ENA_sample=ERS18417388; Experiment=ERX12707373; Run=ERR13336407; source=ENA PRJEB73710	ERX12707373	SAMEA115396807	1	ERR13336407	ERP158450	ILLUMINA	Illumina HiSeq 4000
ERX12707518	W2022_leaf	ORYZA_RUFIPOGON	W2022	leaf			RNA-Seq	scientific_name=Oryza rufipogon; BioSample=SAMEA115396807; ENA_sample=ERS18417388; Experiment=ERX12707518; Run=ERR13336552; source=ENA PRJEB73710	ERX12707518	SAMEA115396807	1	ERR13336552	ERP158450	ILLUMINA	Illumina HiSeq 4000
ERX12707665	W2022_root	ORYZA_RUFIPOGON	W2022	root			RNA-Seq	scientific_name=Oryza rufipogon; BioSample=SAMEA115396807; ENA_sample=ERS18417388; Experiment=ERX12707665; Run=ERR13336699; source=ENA PRJEB73710	ERX12707665	SAMEA115396807	1	ERR13336699	ERP158450	ILLUMINA	Illumina HiSeq 4000
ERX12707243	W2036_fringe	ORYZA_RUFIPOGON	W2036	fringe			RNA-Seq	scientific_name=Oryza rufipogon; BioSample=SAMEA115396808; ENA_sample=ERS18417389; Experiment=ERX12707243; Run=ERR13336277; source=ENA PRJEB73710	ERX12707243	SAMEA115396808	1	ERR13336277	ERP158450	ILLUMINA	Illumina HiSeq 4000
ERX12707374	W2036_seedling	ORYZA_RUFIPOGON	W2036	seedling			RNA-Seq	scientific_name=Oryza rufipogon; BioSample=SAMEA115396808; ENA_sample=ERS18417389; Experiment=ERX12707374; Run=ERR13336408; source=ENA PRJEB73710	ERX12707374	SAMEA115396808	1	ERR13336408	ERP158450	ILLUMINA	Illumina HiSeq 4000
ERX12707519	W2036_leaf	ORYZA_RUFIPOGON	W2036	leaf			RNA-Seq	scientific_name=Oryza rufipogon; BioSample=SAMEA115396808; ENA_sample=ERS18417389; Experiment=ERX12707519; Run=ERR13336553; source=ENA PRJEB73710	ERX12707519	SAMEA115396808	1	ERR13336553	ERP158450	ILLUMINA	Illumina HiSeq 4000
ERX12707666	W2036_root	ORYZA_RUFIPOGON	W2036	root			RNA-Seq	scientific_name=Oryza rufipogon; BioSample=SAMEA115396808; ENA_sample=ERS18417389; Experiment=ERX12707666; Run=ERR13336700; source=ENA PRJEB73710	ERX12707666	SAMEA115396808	1	ERR13336700	ERP158450	ILLUMINA	Illumina HiSeq 4000
ERX12707244	W2051_fringe	ORYZA_RUFIPOGON	W2051	fringe			RNA-Seq	scientific_name=Oryza rufipogon; BioSample=SAMEA115396809; ENA_sample=ERS18417390; Experiment=ERX12707244; Run=ERR13336278; source=ENA PRJEB73710	ERX12707244	SAMEA115396809	1	ERR13336278	ERP158450	ILLUMINA	Illumina HiSeq 4000
ERX12707375	W2051_seedling	ORYZA_RUFIPOGON	W2051	seedling			RNA-Seq	scientific_name=Oryza rufipogon; BioSample=SAMEA115396809; ENA_sample=ERS18417390; Experiment=ERX12707375; Run=ERR13336409; source=ENA PRJEB73710	ERX12707375	SAMEA115396809	1	ERR13336409	ERP158450	ILLUMINA	Illumina HiSeq 4000
ERX12707520	W2051_leaf	ORYZA_RUFIPOGON	W2051	leaf			RNA-Seq	scientific_name=Oryza rufipogon; BioSample=SAMEA115396809; ENA_sample=ERS18417390; Experiment=ERX12707520; Run=ERR13336554; source=ENA PRJEB73710	ERX12707520	SAMEA115396809	1	ERR13336554	ERP158450	ILLUMINA	Illumina HiSeq 4000
ERX12707667	W2051_root	ORYZA_RUFIPOGON	W2051	root			RNA-Seq	scientific_name=Oryza rufipogon; BioSample=SAMEA115396809; ENA_sample=ERS18417390; Experiment=ERX12707667; Run=ERR13336701; source=ENA PRJEB73710	ERX12707667	SAMEA115396809	1	ERR13336701	ERP158450	ILLUMINA	Illumina HiSeq 4000
ERX12707245	W2053_fringe	ORYZA_RUFIPOGON	W2053	fringe			RNA-Seq	scientific_name=Oryza rufipogon; BioSample=SAMEA115396810; ENA_sample=ERS18417391; Experiment=ERX12707245; Run=ERR13336279; source=ENA PRJEB73710	ERX12707245	SAMEA115396810	1	ERR13336279	ERP158450	ILLUMINA	Illumina HiSeq 4000
ERX12707376	W2053_seedling	ORYZA_RUFIPOGON	W2053	seedling			RNA-Seq	scientific_name=Oryza rufipogon; BioSample=SAMEA115396810; ENA_sample=ERS18417391; Experiment=ERX12707376; Run=ERR13336410; source=ENA PRJEB73710	ERX12707376	SAMEA115396810	1	ERR13336410	ERP158450	ILLUMINA	Illumina HiSeq 4000
ERX12707521	W2053_leaf	ORYZA_RUFIPOGON	W2053	leaf			RNA-Seq	scientific_name=Oryza rufipogon; BioSample=SAMEA115396810; ENA_sample=ERS18417391; Experiment=ERX12707521; Run=ERR13336555; source=ENA PRJEB73710	ERX12707521	SAMEA115396810	1	ERR13336555	ERP158450	ILLUMINA	Illumina HiSeq 4000
ERX12707668	W2053_root	ORYZA_RUFIPOGON	W2053	root			RNA-Seq	scientific_name=Oryza rufipogon; BioSample=SAMEA115396810; ENA_sample=ERS18417391; Experiment=ERX12707668; Run=ERR13336702; source=ENA PRJEB73710	ERX12707668	SAMEA115396810	1	ERR13336702	ERP158450	ILLUMINA	Illumina HiSeq 4000
ERX12707246	W2064_fringe	ORYZA_RUFIPOGON	W2064	fringe			RNA-Seq	scientific_name=Oryza rufipogon; BioSample=SAMEA115396811; ENA_sample=ERS18417392; Experiment=ERX12707246; Run=ERR13336280; source=ENA PRJEB73710	ERX12707246	SAMEA115396811	1	ERR13336280	ERP158450	ILLUMINA	Illumina HiSeq 4000
ERX12707377	W2064_seedling	ORYZA_RUFIPOGON	W2064	seedling			RNA-Seq	scientific_name=Oryza rufipogon; BioSample=SAMEA115396811; ENA_sample=ERS18417392; Experiment=ERX12707377; Run=ERR13336411; source=ENA PRJEB73710	ERX12707377	SAMEA115396811	1	ERR13336411	ERP158450	ILLUMINA	Illumina HiSeq 4000
ERX12707522	W2064_leaf	ORYZA_RUFIPOGON	W2064	leaf			RNA-Seq	scientific_name=Oryza rufipogon; BioSample=SAMEA115396811; ENA_sample=ERS18417392; Experiment=ERX12707522; Run=ERR13336556; source=ENA PRJEB73710	ERX12707522	SAMEA115396811	1	ERR13336556	ERP158450	ILLUMINA	Illumina HiSeq 4000
ERX12707669	W2064_root	ORYZA_RUFIPOGON	W2064	root			RNA-Seq	scientific_name=Oryza rufipogon; BioSample=SAMEA115396811; ENA_sample=ERS18417392; Experiment=ERX12707669; Run=ERR13336703; source=ENA PRJEB73710	ERX12707669	SAMEA115396811	1	ERR13336703	ERP158450	ILLUMINA	Illumina HiSeq 4000
ERX12707247	W2066_fringe	ORYZA_RUFIPOGON	W2066	fringe			RNA-Seq	scientific_name=Oryza rufipogon; BioSample=SAMEA115396812; ENA_sample=ERS18417393; Experiment=ERX12707247; Run=ERR13336281; source=ENA PRJEB73710	ERX12707247	SAMEA115396812	1	ERR13336281	ERP158450	ILLUMINA	Illumina HiSeq 4000
ERX12707378	W2066_seedling	ORYZA_RUFIPOGON	W2066	seedling			RNA-Seq	scientific_name=Oryza rufipogon; BioSample=SAMEA115396812; ENA_sample=ERS18417393; Experiment=ERX12707378; Run=ERR13336412; source=ENA PRJEB73710	ERX12707378	SAMEA115396812	1	ERR13336412	ERP158450	ILLUMINA	Illumina HiSeq 4000
ERX12707523	W2066_leaf	ORYZA_RUFIPOGON	W2066	leaf			RNA-Seq	scientific_name=Oryza rufipogon; BioSample=SAMEA115396812; ENA_sample=ERS18417393; Experiment=ERX12707523; Run=ERR13336557; source=ENA PRJEB73710	ERX12707523	SAMEA115396812	1	ERR13336557	ERP158450	ILLUMINA	Illumina HiSeq 4000
ERX12707670	W2066_root	ORYZA_RUFIPOGON	W2066	root			RNA-Seq	scientific_name=Oryza rufipogon; BioSample=SAMEA115396812; ENA_sample=ERS18417393; Experiment=ERX12707670; Run=ERR13336704; source=ENA PRJEB73710	ERX12707670	SAMEA115396812	1	ERR13336704	ERP158450	ILLUMINA	Illumina HiSeq 4000
ERX12707248	W2099_fringe	ORYZA_RUFIPOGON	W2099	fringe			RNA-Seq	scientific_name=Oryza rufipogon; BioSample=SAMEA115396813; ENA_sample=ERS18417394; Experiment=ERX12707248; Run=ERR13336282; source=ENA PRJEB73710	ERX12707248	SAMEA115396813	1	ERR13336282	ERP158450	ILLUMINA	Illumina HiSeq 4000
ERX12707379	W2099_seedling	ORYZA_RUFIPOGON	W2099	seedling			RNA-Seq	scientific_name=Oryza rufipogon; BioSample=SAMEA115396813; ENA_sample=ERS18417394; Experiment=ERX12707379; Run=ERR13336413; source=ENA PRJEB73710	ERX12707379	SAMEA115396813	1	ERR13336413	ERP158450	ILLUMINA	Illumina HiSeq 4000
ERX12707524	W2099_leaf	ORYZA_RUFIPOGON	W2099	leaf			RNA-Seq	scientific_name=Oryza rufipogon; BioSample=SAMEA115396813; ENA_sample=ERS18417394; Experiment=ERX12707524; Run=ERR13336558; source=ENA PRJEB73710	ERX12707524	SAMEA115396813	1	ERR13336558	ERP158450	ILLUMINA	Illumina HiSeq 4000
ERX12707671	W2099_root	ORYZA_RUFIPOGON	W2099	root			RNA-Seq	scientific_name=Oryza rufipogon; BioSample=SAMEA115396813; ENA_sample=ERS18417394; Experiment=ERX12707671; Run=ERR13336705; source=ENA PRJEB73710	ERX12707671	SAMEA115396813	1	ERR13336705	ERP158450	ILLUMINA	Illumina HiSeq 4000
ERX12707249	W2108_fringe	ORYZA_RUFIPOGON	W2108	fringe			RNA-Seq	scientific_name=Oryza rufipogon; BioSample=SAMEA115396814; ENA_sample=ERS18417395; Experiment=ERX12707249; Run=ERR13336283; source=ENA PRJEB73710	ERX12707249	SAMEA115396814	1	ERR13336283	ERP158450	ILLUMINA	Illumina HiSeq 4000
ERX12707380	W2108_seedling	ORYZA_RUFIPOGON	W2108	seedling			RNA-Seq	scientific_name=Oryza rufipogon; BioSample=SAMEA115396814; ENA_sample=ERS18417395; Experiment=ERX12707380; Run=ERR13336414; source=ENA PRJEB73710	ERX12707380	SAMEA115396814	1	ERR13336414	ERP158450	ILLUMINA	Illumina HiSeq 4000
ERX12707525	W2108_leaf	ORYZA_RUFIPOGON	W2108	leaf			RNA-Seq	scientific_name=Oryza rufipogon; BioSample=SAMEA115396814; ENA_sample=ERS18417395; Experiment=ERX12707525; Run=ERR13336559; source=ENA PRJEB73710	ERX12707525	SAMEA115396814	1	ERR13336559	ERP158450	ILLUMINA	Illumina HiSeq 4000
ERX12707672	W2108_root	ORYZA_RUFIPOGON	W2108	root			RNA-Seq	scientific_name=Oryza rufipogon; BioSample=SAMEA115396814; ENA_sample=ERS18417395; Experiment=ERX12707672; Run=ERR13336706; source=ENA PRJEB73710	ERX12707672	SAMEA115396814	1	ERR13336706	ERP158450	ILLUMINA	Illumina HiSeq 4000
ERX12707526	W2197_leaf	ORYZA_RUFIPOGON	W2197	leaf			RNA-Seq	scientific_name=Oryza rufipogon; BioSample=SAMEA115396815; ENA_sample=ERS18417396; Experiment=ERX12707526; Run=ERR13336560; source=ENA PRJEB73710	ERX12707526	SAMEA115396815	1	ERR13336560	ERP158450	ILLUMINA	Illumina HiSeq 4000
ERX12707673	W2197_root	ORYZA_RUFIPOGON	W2197	root			RNA-Seq	scientific_name=Oryza rufipogon; BioSample=SAMEA115396815; ENA_sample=ERS18417396; Experiment=ERX12707673; Run=ERR13336707; source=ENA PRJEB73710	ERX12707673	SAMEA115396815	1	ERR13336707	ERP158450	ILLUMINA	Illumina HiSeq 4000
ERX12707250	W2267_fringe	ORYZA_RUFIPOGON	W2267	fringe			RNA-Seq	scientific_name=Oryza rufipogon; BioSample=SAMEA115396816; ENA_sample=ERS18417397; Experiment=ERX12707250; Run=ERR13336284; source=ENA PRJEB73710	ERX12707250	SAMEA115396816	1	ERR13336284	ERP158450	ILLUMINA	Illumina HiSeq 4000
ERX12707381	W2267_seedling	ORYZA_RUFIPOGON	W2267	seedling			RNA-Seq	scientific_name=Oryza rufipogon; BioSample=SAMEA115396816; ENA_sample=ERS18417397; Experiment=ERX12707381; Run=ERR13336415; source=ENA PRJEB73710	ERX12707381	SAMEA115396816	1	ERR13336415	ERP158450	ILLUMINA	Illumina HiSeq 4000
ERX12707527	W2267_leaf	ORYZA_RUFIPOGON	W2267	leaf			RNA-Seq	scientific_name=Oryza rufipogon; BioSample=SAMEA115396816; ENA_sample=ERS18417397; Experiment=ERX12707527; Run=ERR13336561; source=ENA PRJEB73710	ERX12707527	SAMEA115396816	1	ERR13336561	ERP158450	ILLUMINA	Illumina HiSeq 4000
ERX12707674	W2267_root	ORYZA_RUFIPOGON	W2267	root			RNA-Seq	scientific_name=Oryza rufipogon; BioSample=SAMEA115396816; ENA_sample=ERS18417397; Experiment=ERX12707674; Run=ERR13336708; source=ENA PRJEB73710	ERX12707674	SAMEA115396816	1	ERR13336708	ERP158450	ILLUMINA	Illumina HiSeq 4000
ERX12707251	W2275_fringe	ORYZA_RUFIPOGON	W2275	fringe			RNA-Seq	scientific_name=Oryza rufipogon; BioSample=SAMEA115396817; ENA_sample=ERS18417398; Experiment=ERX12707251; Run=ERR13336285; source=ENA PRJEB73710	ERX12707251	SAMEA115396817	1	ERR13336285	ERP158450	ILLUMINA	Illumina HiSeq 4000
ERX12707382	W2275_seedling	ORYZA_RUFIPOGON	W2275	seedling			RNA-Seq	scientific_name=Oryza rufipogon; BioSample=SAMEA115396817; ENA_sample=ERS18417398; Experiment=ERX12707382; Run=ERR13336416; source=ENA PRJEB73710	ERX12707382	SAMEA115396817	1	ERR13336416	ERP158450	ILLUMINA	Illumina HiSeq 4000
ERX12707528	W2275_leaf	ORYZA_RUFIPOGON	W2275	leaf			RNA-Seq	scientific_name=Oryza rufipogon; BioSample=SAMEA115396817; ENA_sample=ERS18417398; Experiment=ERX12707528; Run=ERR13336562; source=ENA PRJEB73710	ERX12707528	SAMEA115396817	1	ERR13336562	ERP158450	ILLUMINA	Illumina HiSeq 4000
ERX12707675	W2275_root	ORYZA_RUFIPOGON	W2275	root			RNA-Seq	scientific_name=Oryza rufipogon; BioSample=SAMEA115396817; ENA_sample=ERS18417398; Experiment=ERX12707675; Run=ERR13336709; source=ENA PRJEB73710	ERX12707675	SAMEA115396817	1	ERR13336709	ERP158450	ILLUMINA	Illumina HiSeq 4000
ERX12707252	W2283_fringe	ORYZA_RUFIPOGON	W2283	fringe			RNA-Seq	scientific_name=Oryza rufipogon; BioSample=SAMEA115396818; ENA_sample=ERS18417399; Experiment=ERX12707252; Run=ERR13336286; source=ENA PRJEB73710	ERX12707252	SAMEA115396818	1	ERR13336286	ERP158450	ILLUMINA	Illumina HiSeq 4000
ERX12707383	W2283_seedling	ORYZA_RUFIPOGON	W2283	seedling			RNA-Seq	scientific_name=Oryza rufipogon; BioSample=SAMEA115396818; ENA_sample=ERS18417399; Experiment=ERX12707383; Run=ERR13336417; source=ENA PRJEB73710	ERX12707383	SAMEA115396818	1	ERR13336417	ERP158450	ILLUMINA	Illumina HiSeq 4000
ERX12707529	W2283_leaf	ORYZA_RUFIPOGON	W2283	leaf			RNA-Seq	scientific_name=Oryza rufipogon; BioSample=SAMEA115396818; ENA_sample=ERS18417399; Experiment=ERX12707529; Run=ERR13336563; source=ENA PRJEB73710	ERX12707529	SAMEA115396818	1	ERR13336563	ERP158450	ILLUMINA	Illumina HiSeq 4000
ERX12707676	W2283_root	ORYZA_RUFIPOGON	W2283	root			RNA-Seq	scientific_name=Oryza rufipogon; BioSample=SAMEA115396818; ENA_sample=ERS18417399; Experiment=ERX12707676; Run=ERR13336710; source=ENA PRJEB73710	ERX12707676	SAMEA115396818	1	ERR13336710	ERP158450	ILLUMINA	Illumina HiSeq 4000
ERX12707253	W2305_fringe	ORYZA_RUFIPOGON	W2305	fringe			RNA-Seq	scientific_name=Oryza rufipogon; BioSample=SAMEA115396820; ENA_sample=ERS18417401; Experiment=ERX12707253; Run=ERR13336287; source=ENA PRJEB73710	ERX12707253	SAMEA115396820	1	ERR13336287	ERP158450	ILLUMINA	Illumina HiSeq 4000
ERX12707384	W2305_seedling	ORYZA_RUFIPOGON	W2305	seedling			RNA-Seq	scientific_name=Oryza rufipogon; BioSample=SAMEA115396820; ENA_sample=ERS18417401; Experiment=ERX12707384; Run=ERR13336418; source=ENA PRJEB73710	ERX12707384	SAMEA115396820	1	ERR13336418	ERP158450	ILLUMINA	Illumina HiSeq 4000
ERX12707530	W2305_leaf	ORYZA_RUFIPOGON	W2305	leaf			RNA-Seq	scientific_name=Oryza rufipogon; BioSample=SAMEA115396820; ENA_sample=ERS18417401; Experiment=ERX12707530; Run=ERR13336564; source=ENA PRJEB73710	ERX12707530	SAMEA115396820	1	ERR13336564	ERP158450	ILLUMINA	Illumina HiSeq 4000
ERX12707677	W2305_root	ORYZA_RUFIPOGON	W2305	root			RNA-Seq	scientific_name=Oryza rufipogon; BioSample=SAMEA115396820; ENA_sample=ERS18417401; Experiment=ERX12707677; Run=ERR13336711; source=ENA PRJEB73710	ERX12707677	SAMEA115396820	1	ERR13336711	ERP158450	ILLUMINA	Illumina HiSeq 4000
ERX12707254	W2308_fringe	ORYZA_RUFIPOGON	W2308	fringe			RNA-Seq	scientific_name=Oryza rufipogon; BioSample=SAMEA115396821; ENA_sample=ERS18417402; Experiment=ERX12707254; Run=ERR13336288; source=ENA PRJEB73710	ERX12707254	SAMEA115396821	1	ERR13336288	ERP158450	ILLUMINA	Illumina HiSeq 4000
ERX12707385	W2308_seedling	ORYZA_RUFIPOGON	W2308	seedling			RNA-Seq	scientific_name=Oryza rufipogon; BioSample=SAMEA115396821; ENA_sample=ERS18417402; Experiment=ERX12707385; Run=ERR13336419; source=ENA PRJEB73710	ERX12707385	SAMEA115396821	1	ERR13336419	ERP158450	ILLUMINA	Illumina HiSeq 4000
ERX12707531	W2308_leaf	ORYZA_RUFIPOGON	W2308	leaf			RNA-Seq	scientific_name=Oryza rufipogon; BioSample=SAMEA115396821; ENA_sample=ERS18417402; Experiment=ERX12707531; Run=ERR13336565; source=ENA PRJEB73710	ERX12707531	SAMEA115396821	1	ERR13336565	ERP158450	ILLUMINA	Illumina HiSeq 4000
ERX12707678	W2308_root	ORYZA_RUFIPOGON	W2308	root			RNA-Seq	scientific_name=Oryza rufipogon; BioSample=SAMEA115396821; ENA_sample=ERS18417402; Experiment=ERX12707678; Run=ERR13336712; source=ENA PRJEB73710	ERX12707678	SAMEA115396821	1	ERR13336712	ERP158450	ILLUMINA	Illumina HiSeq 4000
ERX12707255	W2310_fringe	ORYZA_RUFIPOGON	W2310	fringe			RNA-Seq	scientific_name=Oryza rufipogon; BioSample=SAMEA115396822; ENA_sample=ERS18417403; Experiment=ERX12707255; Run=ERR13336289; source=ENA PRJEB73710	ERX12707255	SAMEA115396822	1	ERR13336289	ERP158450	ILLUMINA	Illumina HiSeq 4000
ERX12707386	W2310_seedling	ORYZA_RUFIPOGON	W2310	seedling			RNA-Seq	scientific_name=Oryza rufipogon; BioSample=SAMEA115396822; ENA_sample=ERS18417403; Experiment=ERX12707386; Run=ERR13336420; source=ENA PRJEB73710	ERX12707386	SAMEA115396822	1	ERR13336420	ERP158450	ILLUMINA	Illumina HiSeq 4000
ERX12707532	W2310_leaf	ORYZA_RUFIPOGON	W2310	leaf			RNA-Seq	scientific_name=Oryza rufipogon; BioSample=SAMEA115396822; ENA_sample=ERS18417403; Experiment=ERX12707532; Run=ERR13336566; source=ENA PRJEB73710	ERX12707532	SAMEA115396822	1	ERR13336566	ERP158450	ILLUMINA	Illumina HiSeq 4000
ERX12707679	W2310_root	ORYZA_RUFIPOGON	W2310	root			RNA-Seq	scientific_name=Oryza rufipogon; BioSample=SAMEA115396822; ENA_sample=ERS18417403; Experiment=ERX12707679; Run=ERR13336713; source=ENA PRJEB73710	ERX12707679	SAMEA115396822	1	ERR13336713	ERP158450	ILLUMINA	Illumina HiSeq 4000
ERX12707387	W2311_seedling	ORYZA_RUFIPOGON	W2311	seedling			RNA-Seq	scientific_name=Oryza rufipogon; BioSample=SAMEA115396823; ENA_sample=ERS18417404; Experiment=ERX12707387; Run=ERR13336421; source=ENA PRJEB73710	ERX12707387	SAMEA115396823	1	ERR13336421	ERP158450	ILLUMINA	Illumina HiSeq 4000
ERX12707533	W2311_leaf	ORYZA_RUFIPOGON	W2311	leaf			RNA-Seq	scientific_name=Oryza rufipogon; BioSample=SAMEA115396823; ENA_sample=ERS18417404; Experiment=ERX12707533; Run=ERR13336567; source=ENA PRJEB73710	ERX12707533	SAMEA115396823	1	ERR13336567	ERP158450	ILLUMINA	Illumina HiSeq 4000
ERX12707680	W2311_root	ORYZA_RUFIPOGON	W2311	root			RNA-Seq	scientific_name=Oryza rufipogon; BioSample=SAMEA115396823; ENA_sample=ERS18417404; Experiment=ERX12707680; Run=ERR13336714; source=ENA PRJEB73710	ERX12707680	SAMEA115396823	1	ERR13336714	ERP158450	ILLUMINA	Illumina HiSeq 4000
ERX12707256	W2318_fringe	ORYZA_RUFIPOGON	W2318	fringe			RNA-Seq	scientific_name=Oryza rufipogon; BioSample=SAMEA115396824; ENA_sample=ERS18417405; Experiment=ERX12707256; Run=ERR13336290; source=ENA PRJEB73710	ERX12707256	SAMEA115396824	1	ERR13336290	ERP158450	ILLUMINA	Illumina HiSeq 4000
ERX12707388	W2318_seedling	ORYZA_RUFIPOGON	W2318	seedling			RNA-Seq	scientific_name=Oryza rufipogon; BioSample=SAMEA115396824; ENA_sample=ERS18417405; Experiment=ERX12707388; Run=ERR13336422; source=ENA PRJEB73710	ERX12707388	SAMEA115396824	1	ERR13336422	ERP158450	ILLUMINA	Illumina HiSeq 4000
ERX12707534	W2318_leaf	ORYZA_RUFIPOGON	W2318	leaf			RNA-Seq	scientific_name=Oryza rufipogon; BioSample=SAMEA115396824; ENA_sample=ERS18417405; Experiment=ERX12707534; Run=ERR13336568; source=ENA PRJEB73710	ERX12707534	SAMEA115396824	1	ERR13336568	ERP158450	ILLUMINA	Illumina HiSeq 4000
ERX12707681	W2318_root	ORYZA_RUFIPOGON	W2318	root			RNA-Seq	scientific_name=Oryza rufipogon; BioSample=SAMEA115396824; ENA_sample=ERS18417405; Experiment=ERX12707681; Run=ERR13336715; source=ENA PRJEB73710	ERX12707681	SAMEA115396824	1	ERR13336715	ERP158450	ILLUMINA	Illumina HiSeq 4000
ERX12707257	W2319_fringe	ORYZA_RUFIPOGON	W2319	fringe			RNA-Seq	scientific_name=Oryza rufipogon; BioSample=SAMEA115396825; ENA_sample=ERS18417406; Experiment=ERX12707257; Run=ERR13336291; source=ENA PRJEB73710	ERX12707257	SAMEA115396825	1	ERR13336291	ERP158450	ILLUMINA	Illumina HiSeq 4000
ERX12707389	W2319_seedling	ORYZA_RUFIPOGON	W2319	seedling			RNA-Seq	scientific_name=Oryza rufipogon; BioSample=SAMEA115396825; ENA_sample=ERS18417406; Experiment=ERX12707389; Run=ERR13336423; source=ENA PRJEB73710	ERX12707389	SAMEA115396825	1	ERR13336423	ERP158450	ILLUMINA	Illumina HiSeq 4000
ERX12707535	W2319_leaf	ORYZA_RUFIPOGON	W2319	leaf			RNA-Seq	scientific_name=Oryza rufipogon; BioSample=SAMEA115396825; ENA_sample=ERS18417406; Experiment=ERX12707535; Run=ERR13336569; source=ENA PRJEB73710	ERX12707535	SAMEA115396825	1	ERR13336569	ERP158450	ILLUMINA	Illumina HiSeq 4000
ERX12707682	W2319_root	ORYZA_RUFIPOGON	W2319	root			RNA-Seq	scientific_name=Oryza rufipogon; BioSample=SAMEA115396825; ENA_sample=ERS18417406; Experiment=ERX12707682; Run=ERR13336716; source=ENA PRJEB73710	ERX12707682	SAMEA115396825	1	ERR13336716	ERP158450	ILLUMINA	Illumina HiSeq 4000
ERX12707258	W2320_fringe	ORYZA_RUFIPOGON	W2320	fringe			RNA-Seq	scientific_name=Oryza rufipogon; BioSample=SAMEA115396826; ENA_sample=ERS18417407; Experiment=ERX12707258; Run=ERR13336292; source=ENA PRJEB73710	ERX12707258	SAMEA115396826	1	ERR13336292	ERP158450	ILLUMINA	Illumina HiSeq 4000
ERX12707390	W2320_seedling	ORYZA_RUFIPOGON	W2320	seedling			RNA-Seq	scientific_name=Oryza rufipogon; BioSample=SAMEA115396826; ENA_sample=ERS18417407; Experiment=ERX12707390; Run=ERR13336424; source=ENA PRJEB73710	ERX12707390	SAMEA115396826	1	ERR13336424	ERP158450	ILLUMINA	Illumina HiSeq 4000
ERX12707536	W2320_leaf	ORYZA_RUFIPOGON	W2320	leaf			RNA-Seq	scientific_name=Oryza rufipogon; BioSample=SAMEA115396826; ENA_sample=ERS18417407; Experiment=ERX12707536; Run=ERR13336570; source=ENA PRJEB73710	ERX12707536	SAMEA115396826	1	ERR13336570	ERP158450	ILLUMINA	Illumina HiSeq 4000
ERX12707683	W2320_root	ORYZA_RUFIPOGON	W2320	root			RNA-Seq	scientific_name=Oryza rufipogon; BioSample=SAMEA115396826; ENA_sample=ERS18417407; Experiment=ERX12707683; Run=ERR13336717; source=ENA PRJEB73710	ERX12707683	SAMEA115396826	1	ERR13336717	ERP158450	ILLUMINA	Illumina HiSeq 4000
ERX12707259	W2321_fringe	ORYZA_RUFIPOGON	W2321	fringe			RNA-Seq	scientific_name=Oryza rufipogon; BioSample=SAMEA115396827; ENA_sample=ERS18417408; Experiment=ERX12707259; Run=ERR13336293; source=ENA PRJEB73710	ERX12707259	SAMEA115396827	1	ERR13336293	ERP158450	ILLUMINA	Illumina HiSeq 4000
ERX12707391	W2321_seedling	ORYZA_RUFIPOGON	W2321	seedling			RNA-Seq	scientific_name=Oryza rufipogon; BioSample=SAMEA115396827; ENA_sample=ERS18417408; Experiment=ERX12707391; Run=ERR13336425; source=ENA PRJEB73710	ERX12707391	SAMEA115396827	1	ERR13336425	ERP158450	ILLUMINA	Illumina HiSeq 4000
ERX12707537	W2321_leaf	ORYZA_RUFIPOGON	W2321	leaf			RNA-Seq	scientific_name=Oryza rufipogon; BioSample=SAMEA115396827; ENA_sample=ERS18417408; Experiment=ERX12707537; Run=ERR13336571; source=ENA PRJEB73710	ERX12707537	SAMEA115396827	1	ERR13336571	ERP158450	ILLUMINA	Illumina HiSeq 4000
ERX12707684	W2321_root	ORYZA_RUFIPOGON	W2321	root			RNA-Seq	scientific_name=Oryza rufipogon; BioSample=SAMEA115396827; ENA_sample=ERS18417408; Experiment=ERX12707684; Run=ERR13336718; source=ENA PRJEB73710	ERX12707684	SAMEA115396827	1	ERR13336718	ERP158450	ILLUMINA	Illumina HiSeq 4000
ERX12707260	W2332_fringe	ORYZA_RUFIPOGON	W2332	fringe			RNA-Seq	scientific_name=Oryza rufipogon; BioSample=SAMEA115396828; ENA_sample=ERS18417409; Experiment=ERX12707260; Run=ERR13336294; source=ENA PRJEB73710	ERX12707260	SAMEA115396828	1	ERR13336294	ERP158450	ILLUMINA	Illumina HiSeq 4000
ERX12707392	W2332_seedling	ORYZA_RUFIPOGON	W2332	seedling			RNA-Seq	scientific_name=Oryza rufipogon; BioSample=SAMEA115396828; ENA_sample=ERS18417409; Experiment=ERX12707392; Run=ERR13336426; source=ENA PRJEB73710	ERX12707392	SAMEA115396828	1	ERR13336426	ERP158450	ILLUMINA	Illumina HiSeq 4000
ERX12707538	W2332_leaf	ORYZA_RUFIPOGON	W2332	leaf			RNA-Seq	scientific_name=Oryza rufipogon; BioSample=SAMEA115396828; ENA_sample=ERS18417409; Experiment=ERX12707538; Run=ERR13336572; source=ENA PRJEB73710	ERX12707538	SAMEA115396828	1	ERR13336572	ERP158450	ILLUMINA	Illumina HiSeq 4000
ERX12707685	W2332_root	ORYZA_RUFIPOGON	W2332	root			RNA-Seq	scientific_name=Oryza rufipogon; BioSample=SAMEA115396828; ENA_sample=ERS18417409; Experiment=ERX12707685; Run=ERR13336719; source=ENA PRJEB73710	ERX12707685	SAMEA115396828	1	ERR13336719	ERP158450	ILLUMINA	Illumina HiSeq 4000
ERX12707393	W3000_seedling	ORYZA_RUFIPOGON	W3000	seedling			RNA-Seq	scientific_name=Oryza rufipogon; BioSample=SAMEA115396829; ENA_sample=ERS18417410; Experiment=ERX12707393; Run=ERR13336427; source=ENA PRJEB73710	ERX12707393	SAMEA115396829	1	ERR13336427	ERP158450	ILLUMINA	Illumina HiSeq 4000
ERX12707539	W3000_leaf	ORYZA_RUFIPOGON	W3000	leaf			RNA-Seq	scientific_name=Oryza rufipogon; BioSample=SAMEA115396829; ENA_sample=ERS18417410; Experiment=ERX12707539; Run=ERR13336573; source=ENA PRJEB73710	ERX12707539	SAMEA115396829	1	ERR13336573	ERP158450	ILLUMINA	Illumina HiSeq 4000
ERX12707686	W3000_root	ORYZA_RUFIPOGON	W3000	root			RNA-Seq	scientific_name=Oryza rufipogon; BioSample=SAMEA115396829; ENA_sample=ERS18417410; Experiment=ERX12707686; Run=ERR13336720; source=ENA PRJEB73710	ERX12707686	SAMEA115396829	1	ERR13336720	ERP158450	ILLUMINA	Illumina HiSeq 4000
ERX12707261	W3007_fringe	ORYZA_RUFIPOGON	W3007	fringe			RNA-Seq	scientific_name=Oryza rufipogon; BioSample=SAMEA115396830; ENA_sample=ERS18417411; Experiment=ERX12707261; Run=ERR13336295; source=ENA PRJEB73710	ERX12707261	SAMEA115396830	1	ERR13336295	ERP158450	ILLUMINA	Illumina HiSeq 4000
ERX12707394	W3007_seedling	ORYZA_RUFIPOGON	W3007	seedling			RNA-Seq	scientific_name=Oryza rufipogon; BioSample=SAMEA115396830; ENA_sample=ERS18417411; Experiment=ERX12707394; Run=ERR13336428; source=ENA PRJEB73710	ERX12707394	SAMEA115396830	1	ERR13336428	ERP158450	ILLUMINA	Illumina HiSeq 4000
ERX12707540	W3007_leaf	ORYZA_RUFIPOGON	W3007	leaf			RNA-Seq	scientific_name=Oryza rufipogon; BioSample=SAMEA115396830; ENA_sample=ERS18417411; Experiment=ERX12707540; Run=ERR13336574; source=ENA PRJEB73710	ERX12707540	SAMEA115396830	1	ERR13336574	ERP158450	ILLUMINA	Illumina HiSeq 4000
ERX12707687	W3007_root	ORYZA_RUFIPOGON	W3007	root			RNA-Seq	scientific_name=Oryza rufipogon; BioSample=SAMEA115396830; ENA_sample=ERS18417411; Experiment=ERX12707687; Run=ERR13336721; source=ENA PRJEB73710	ERX12707687	SAMEA115396830	1	ERR13336721	ERP158450	ILLUMINA	Illumina HiSeq 4000
ERX12707262	W3009_fringe	ORYZA_RUFIPOGON	W3009	fringe			RNA-Seq	scientific_name=Oryza rufipogon; BioSample=SAMEA115396831; ENA_sample=ERS18417412; Experiment=ERX12707262; Run=ERR13336296; source=ENA PRJEB73710	ERX12707262	SAMEA115396831	1	ERR13336296	ERP158450	ILLUMINA	Illumina HiSeq 4000
ERX12707395	W3009_seedling	ORYZA_RUFIPOGON	W3009	seedling			RNA-Seq	scientific_name=Oryza rufipogon; BioSample=SAMEA115396831; ENA_sample=ERS18417412; Experiment=ERX12707395; Run=ERR13336429; source=ENA PRJEB73710	ERX12707395	SAMEA115396831	1	ERR13336429	ERP158450	ILLUMINA	Illumina HiSeq 4000
ERX12707541	W3009_leaf	ORYZA_RUFIPOGON	W3009	leaf			RNA-Seq	scientific_name=Oryza rufipogon; BioSample=SAMEA115396831; ENA_sample=ERS18417412; Experiment=ERX12707541; Run=ERR13336575; source=ENA PRJEB73710	ERX12707541	SAMEA115396831	1	ERR13336575	ERP158450	ILLUMINA	Illumina HiSeq 4000
ERX12707688	W3009_root	ORYZA_RUFIPOGON	W3009	root			RNA-Seq	scientific_name=Oryza rufipogon; BioSample=SAMEA115396831; ENA_sample=ERS18417412; Experiment=ERX12707688; Run=ERR13336722; source=ENA PRJEB73710	ERX12707688	SAMEA115396831	1	ERR13336722	ERP158450	ILLUMINA	Illumina HiSeq 4000
ERX12707263	W3012_fringe	ORYZA_RUFIPOGON	W3012	fringe			RNA-Seq	scientific_name=Oryza rufipogon; BioSample=SAMEA115396832; ENA_sample=ERS18417413; Experiment=ERX12707263; Run=ERR13336297; source=ENA PRJEB73710	ERX12707263	SAMEA115396832	1	ERR13336297	ERP158450	ILLUMINA	Illumina HiSeq 4000
ERX12707396	W3012_seedling	ORYZA_RUFIPOGON	W3012	seedling			RNA-Seq	scientific_name=Oryza rufipogon; BioSample=SAMEA115396832; ENA_sample=ERS18417413; Experiment=ERX12707396; Run=ERR13336430; source=ENA PRJEB73710	ERX12707396	SAMEA115396832	1	ERR13336430	ERP158450	ILLUMINA	Illumina HiSeq 4000
ERX12707542	W3012_leaf	ORYZA_RUFIPOGON	W3012	leaf			RNA-Seq	scientific_name=Oryza rufipogon; BioSample=SAMEA115396832; ENA_sample=ERS18417413; Experiment=ERX12707542; Run=ERR13336576; source=ENA PRJEB73710	ERX12707542	SAMEA115396832	1	ERR13336576	ERP158450	ILLUMINA	Illumina HiSeq 4000
ERX12707689	W3012_root	ORYZA_RUFIPOGON	W3012	root			RNA-Seq	scientific_name=Oryza rufipogon; BioSample=SAMEA115396832; ENA_sample=ERS18417413; Experiment=ERX12707689; Run=ERR13336723; source=ENA PRJEB73710	ERX12707689	SAMEA115396832	1	ERR13336723	ERP158450	ILLUMINA	Illumina HiSeq 4000
ERX12707264	W3029_fringe	ORYZA_RUFIPOGON	W3029	fringe			RNA-Seq	scientific_name=Oryza rufipogon; BioSample=SAMEA115396833; ENA_sample=ERS18417414; Experiment=ERX12707264; Run=ERR13336298; source=ENA PRJEB73710	ERX12707264	SAMEA115396833	1	ERR13336298	ERP158450	ILLUMINA	Illumina HiSeq 4000
ERX12707397	W3029_seedling	ORYZA_RUFIPOGON	W3029	seedling			RNA-Seq	scientific_name=Oryza rufipogon; BioSample=SAMEA115396833; ENA_sample=ERS18417414; Experiment=ERX12707397; Run=ERR13336431; source=ENA PRJEB73710	ERX12707397	SAMEA115396833	1	ERR13336431	ERP158450	ILLUMINA	Illumina HiSeq 4000
ERX12707543	W3029_leaf	ORYZA_RUFIPOGON	W3029	leaf			RNA-Seq	scientific_name=Oryza rufipogon; BioSample=SAMEA115396833; ENA_sample=ERS18417414; Experiment=ERX12707543; Run=ERR13336577; source=ENA PRJEB73710	ERX12707543	SAMEA115396833	1	ERR13336577	ERP158450	ILLUMINA	Illumina HiSeq 4000
ERX12707690	W3029_root	ORYZA_RUFIPOGON	W3029	root			RNA-Seq	scientific_name=Oryza rufipogon; BioSample=SAMEA115396833; ENA_sample=ERS18417414; Experiment=ERX12707690; Run=ERR13336724; source=ENA PRJEB73710	ERX12707690	SAMEA115396833	1	ERR13336724	ERP158450	ILLUMINA	Illumina HiSeq 4000
ERX12707265	W3033_fringe	ORYZA_RUFIPOGON	W3033	fringe			RNA-Seq	scientific_name=Oryza rufipogon; BioSample=SAMEA115396834; ENA_sample=ERS18417415; Experiment=ERX12707265; Run=ERR13336299; source=ENA PRJEB73710	ERX12707265	SAMEA115396834	1	ERR13336299	ERP158450	ILLUMINA	Illumina HiSeq 4000
ERX12707398	W3033_seedling	ORYZA_RUFIPOGON	W3033	seedling			RNA-Seq	scientific_name=Oryza rufipogon; BioSample=SAMEA115396834; ENA_sample=ERS18417415; Experiment=ERX12707398; Run=ERR13336432; source=ENA PRJEB73710	ERX12707398	SAMEA115396834	1	ERR13336432	ERP158450	ILLUMINA	Illumina HiSeq 4000
ERX12707544	W3033_leaf	ORYZA_RUFIPOGON	W3033	leaf			RNA-Seq	scientific_name=Oryza rufipogon; BioSample=SAMEA115396834; ENA_sample=ERS18417415; Experiment=ERX12707544; Run=ERR13336578; source=ENA PRJEB73710	ERX12707544	SAMEA115396834	1	ERR13336578	ERP158450	ILLUMINA	Illumina HiSeq 4000
ERX12707691	W3033_root	ORYZA_RUFIPOGON	W3033	root			RNA-Seq	scientific_name=Oryza rufipogon; BioSample=SAMEA115396834; ENA_sample=ERS18417415; Experiment=ERX12707691; Run=ERR13336725; source=ENA PRJEB73710	ERX12707691	SAMEA115396834	1	ERR13336725	ERP158450	ILLUMINA	Illumina HiSeq 4000
ERX12707266	W3035_fringe	ORYZA_RUFIPOGON	W3035	fringe			RNA-Seq	scientific_name=Oryza rufipogon; BioSample=SAMEA115396835; ENA_sample=ERS18417416; Experiment=ERX12707266; Run=ERR13336300; source=ENA PRJEB73710	ERX12707266	SAMEA115396835	1	ERR13336300	ERP158450	ILLUMINA	Illumina HiSeq 4000
ERX12707545	W3035_leaf	ORYZA_RUFIPOGON	W3035	leaf			RNA-Seq	scientific_name=Oryza rufipogon; BioSample=SAMEA115396835; ENA_sample=ERS18417416; Experiment=ERX12707545; Run=ERR13336579; source=ENA PRJEB73710	ERX12707545	SAMEA115396835	1	ERR13336579	ERP158450	ILLUMINA	Illumina HiSeq 4000
ERX12707692	W3035_root	ORYZA_RUFIPOGON	W3035	root			RNA-Seq	scientific_name=Oryza rufipogon; BioSample=SAMEA115396835; ENA_sample=ERS18417416; Experiment=ERX12707692; Run=ERR13336726; source=ENA PRJEB73710	ERX12707692	SAMEA115396835	1	ERR13336726	ERP158450	ILLUMINA	Illumina HiSeq 4000
ERX12707399	W3037_seedling	ORYZA_RUFIPOGON	W3037	seedling			RNA-Seq	scientific_name=Oryza rufipogon; BioSample=SAMEA115396836; ENA_sample=ERS18417417; Experiment=ERX12707399; Run=ERR13336433; source=ENA PRJEB73710	ERX12707399	SAMEA115396836	1	ERR13336433	ERP158450	ILLUMINA	Illumina HiSeq 4000
ERX12707546	W3037_leaf	ORYZA_RUFIPOGON	W3037	leaf			RNA-Seq	scientific_name=Oryza rufipogon; BioSample=SAMEA115396836; ENA_sample=ERS18417417; Experiment=ERX12707546; Run=ERR13336580; source=ENA PRJEB73710	ERX12707546	SAMEA115396836	1	ERR13336580	ERP158450	ILLUMINA	Illumina HiSeq 4000
ERX12707693	W3037_root	ORYZA_RUFIPOGON	W3037	root			RNA-Seq	scientific_name=Oryza rufipogon; BioSample=SAMEA115396836; ENA_sample=ERS18417417; Experiment=ERX12707693; Run=ERR13336727; source=ENA PRJEB73710	ERX12707693	SAMEA115396836	1	ERR13336727	ERP158450	ILLUMINA	Illumina HiSeq 4000
ERX12707267	W3038_fringe	ORYZA_RUFIPOGON	W3038	fringe			RNA-Seq	scientific_name=Oryza rufipogon; BioSample=SAMEA115396837; ENA_sample=ERS18417418; Experiment=ERX12707267; Run=ERR13336301; source=ENA PRJEB73710	ERX12707267	SAMEA115396837	1	ERR13336301	ERP158450	ILLUMINA	Illumina HiSeq 4000
ERX12707400	W3038_seedling	ORYZA_RUFIPOGON	W3038	seedling			RNA-Seq	scientific_name=Oryza rufipogon; BioSample=SAMEA115396837; ENA_sample=ERS18417418; Experiment=ERX12707400; Run=ERR13336434; source=ENA PRJEB73710	ERX12707400	SAMEA115396837	1	ERR13336434	ERP158450	ILLUMINA	Illumina HiSeq 4000
ERX12707547	W3038_leaf	ORYZA_RUFIPOGON	W3038	leaf			RNA-Seq	scientific_name=Oryza rufipogon; BioSample=SAMEA115396837; ENA_sample=ERS18417418; Experiment=ERX12707547; Run=ERR13336581; source=ENA PRJEB73710	ERX12707547	SAMEA115396837	1	ERR13336581	ERP158450	ILLUMINA	Illumina HiSeq 4000
ERX12707694	W3038_root	ORYZA_RUFIPOGON	W3038	root			RNA-Seq	scientific_name=Oryza rufipogon; BioSample=SAMEA115396837; ENA_sample=ERS18417418; Experiment=ERX12707694; Run=ERR13336728; source=ENA PRJEB73710	ERX12707694	SAMEA115396837	1	ERR13336728	ERP158450	ILLUMINA	Illumina HiSeq 4000
ERX12707268	W3040_fringe	ORYZA_RUFIPOGON	W3040	fringe			RNA-Seq	scientific_name=Oryza rufipogon; BioSample=SAMEA115396838; ENA_sample=ERS18417419; Experiment=ERX12707268; Run=ERR13336302; source=ENA PRJEB73710	ERX12707268	SAMEA115396838	1	ERR13336302	ERP158450	ILLUMINA	Illumina HiSeq 4000
ERX12707401	W3040_seedling	ORYZA_RUFIPOGON	W3040	seedling			RNA-Seq	scientific_name=Oryza rufipogon; BioSample=SAMEA115396838; ENA_sample=ERS18417419; Experiment=ERX12707401; Run=ERR13336435; source=ENA PRJEB73710	ERX12707401	SAMEA115396838	1	ERR13336435	ERP158450	ILLUMINA	Illumina HiSeq 4000
ERX12707548	W3040_leaf	ORYZA_RUFIPOGON	W3040	leaf			RNA-Seq	scientific_name=Oryza rufipogon; BioSample=SAMEA115396838; ENA_sample=ERS18417419; Experiment=ERX12707548; Run=ERR13336582; source=ENA PRJEB73710	ERX12707548	SAMEA115396838	1	ERR13336582	ERP158450	ILLUMINA	Illumina HiSeq 4000
ERX12707695	W3040_root	ORYZA_RUFIPOGON	W3040	root			RNA-Seq	scientific_name=Oryza rufipogon; BioSample=SAMEA115396838; ENA_sample=ERS18417419; Experiment=ERX12707695; Run=ERR13336729; source=ENA PRJEB73710	ERX12707695	SAMEA115396838	1	ERR13336729	ERP158450	ILLUMINA	Illumina HiSeq 4000
ERX12707402	W3046_seedling	ORYZA_RUFIPOGON	W3046	seedling			RNA-Seq	scientific_name=Oryza rufipogon; BioSample=SAMEA115396839; ENA_sample=ERS18417420; Experiment=ERX12707402; Run=ERR13336436; source=ENA PRJEB73710	ERX12707402	SAMEA115396839	1	ERR13336436	ERP158450	ILLUMINA	Illumina HiSeq 4000
ERX12707549	W3046_leaf	ORYZA_RUFIPOGON	W3046	leaf			RNA-Seq	scientific_name=Oryza rufipogon; BioSample=SAMEA115396839; ENA_sample=ERS18417420; Experiment=ERX12707549; Run=ERR13336583; source=ENA PRJEB73710	ERX12707549	SAMEA115396839	1	ERR13336583	ERP158450	ILLUMINA	Illumina HiSeq 4000
ERX12707696	W3046_root	ORYZA_RUFIPOGON	W3046	root			RNA-Seq	scientific_name=Oryza rufipogon; BioSample=SAMEA115396839; ENA_sample=ERS18417420; Experiment=ERX12707696; Run=ERR13336730; source=ENA PRJEB73710	ERX12707696	SAMEA115396839	1	ERR13336730	ERP158450	ILLUMINA	Illumina HiSeq 4000
ERX12707269	W3047_fringe	ORYZA_RUFIPOGON	W3047	fringe			RNA-Seq	scientific_name=Oryza rufipogon; BioSample=SAMEA115396840; ENA_sample=ERS18417421; Experiment=ERX12707269; Run=ERR13336303; source=ENA PRJEB73710	ERX12707269	SAMEA115396840	1	ERR13336303	ERP158450	ILLUMINA	Illumina HiSeq 4000
ERX12707403	W3047_seedling	ORYZA_RUFIPOGON	W3047	seedling			RNA-Seq	scientific_name=Oryza rufipogon; BioSample=SAMEA115396840; ENA_sample=ERS18417421; Experiment=ERX12707403; Run=ERR13336437; source=ENA PRJEB73710	ERX12707403	SAMEA115396840	1	ERR13336437	ERP158450	ILLUMINA	Illumina HiSeq 4000
ERX12707550	W3047_leaf	ORYZA_RUFIPOGON	W3047	leaf			RNA-Seq	scientific_name=Oryza rufipogon; BioSample=SAMEA115396840; ENA_sample=ERS18417421; Experiment=ERX12707550; Run=ERR13336584; source=ENA PRJEB73710	ERX12707550	SAMEA115396840	1	ERR13336584	ERP158450	ILLUMINA	Illumina HiSeq 4000
ERX12707697	W3047_root	ORYZA_RUFIPOGON	W3047	root			RNA-Seq	scientific_name=Oryza rufipogon; BioSample=SAMEA115396840; ENA_sample=ERS18417421; Experiment=ERX12707697; Run=ERR13336731; source=ENA PRJEB73710	ERX12707697	SAMEA115396840	1	ERR13336731	ERP158450	ILLUMINA	Illumina HiSeq 4000
ERX12707270	W3051_fringe	ORYZA_RUFIPOGON	W3051	fringe			RNA-Seq	scientific_name=Oryza rufipogon; BioSample=SAMEA115396841; ENA_sample=ERS18417422; Experiment=ERX12707270; Run=ERR13336304; source=ENA PRJEB73710	ERX12707270	SAMEA115396841	1	ERR13336304	ERP158450	ILLUMINA	Illumina HiSeq 4000
ERX12707404	W3051_seedling	ORYZA_RUFIPOGON	W3051	seedling			RNA-Seq	scientific_name=Oryza rufipogon; BioSample=SAMEA115396841; ENA_sample=ERS18417422; Experiment=ERX12707404; Run=ERR13336438; source=ENA PRJEB73710	ERX12707404	SAMEA115396841	1	ERR13336438	ERP158450	ILLUMINA	Illumina HiSeq 4000
ERX12707551	W3051_leaf	ORYZA_RUFIPOGON	W3051	leaf			RNA-Seq	scientific_name=Oryza rufipogon; BioSample=SAMEA115396841; ENA_sample=ERS18417422; Experiment=ERX12707551; Run=ERR13336585; source=ENA PRJEB73710	ERX12707551	SAMEA115396841	1	ERR13336585	ERP158450	ILLUMINA	Illumina HiSeq 4000
ERX12707698	W3051_root	ORYZA_RUFIPOGON	W3051	root			RNA-Seq	scientific_name=Oryza rufipogon; BioSample=SAMEA115396841; ENA_sample=ERS18417422; Experiment=ERX12707698; Run=ERR13336732; source=ENA PRJEB73710	ERX12707698	SAMEA115396841	1	ERR13336732	ERP158450	ILLUMINA	Illumina HiSeq 4000
ERX12707271	W3052_fringe	ORYZA_RUFIPOGON	W3052	fringe			RNA-Seq	scientific_name=Oryza rufipogon; BioSample=SAMEA115396842; ENA_sample=ERS18417423; Experiment=ERX12707271; Run=ERR13336305; source=ENA PRJEB73710	ERX12707271	SAMEA115396842	1	ERR13336305	ERP158450	ILLUMINA	Illumina HiSeq 4000
ERX12707405	W3052_seedling	ORYZA_RUFIPOGON	W3052	seedling			RNA-Seq	scientific_name=Oryza rufipogon; BioSample=SAMEA115396842; ENA_sample=ERS18417423; Experiment=ERX12707405; Run=ERR13336439; source=ENA PRJEB73710	ERX12707405	SAMEA115396842	1	ERR13336439	ERP158450	ILLUMINA	Illumina HiSeq 4000
ERX12707552	W3052_leaf	ORYZA_RUFIPOGON	W3052	leaf			RNA-Seq	scientific_name=Oryza rufipogon; BioSample=SAMEA115396842; ENA_sample=ERS18417423; Experiment=ERX12707552; Run=ERR13336586; source=ENA PRJEB73710	ERX12707552	SAMEA115396842	1	ERR13336586	ERP158450	ILLUMINA	Illumina HiSeq 4000
ERX12707699	W3052_root	ORYZA_RUFIPOGON	W3052	root			RNA-Seq	scientific_name=Oryza rufipogon; BioSample=SAMEA115396842; ENA_sample=ERS18417423; Experiment=ERX12707699; Run=ERR13336733; source=ENA PRJEB73710	ERX12707699	SAMEA115396842	1	ERR13336733	ERP158450	ILLUMINA	Illumina HiSeq 4000
ERX12707272	W3054_fringe	ORYZA_RUFIPOGON	W3054	fringe			RNA-Seq	scientific_name=Oryza rufipogon; BioSample=SAMEA115396843; ENA_sample=ERS18417424; Experiment=ERX12707272; Run=ERR13336306; source=ENA PRJEB73710	ERX12707272	SAMEA115396843	1	ERR13336306	ERP158450	ILLUMINA	Illumina HiSeq 4000
ERX12707406	W3054_seedling	ORYZA_RUFIPOGON	W3054	seedling			RNA-Seq	scientific_name=Oryza rufipogon; BioSample=SAMEA115396843; ENA_sample=ERS18417424; Experiment=ERX12707406; Run=ERR13336440; source=ENA PRJEB73710	ERX12707406	SAMEA115396843	1	ERR13336440	ERP158450	ILLUMINA	Illumina HiSeq 4000
ERX12707553	W3054_leaf	ORYZA_RUFIPOGON	W3054	leaf			RNA-Seq	scientific_name=Oryza rufipogon; BioSample=SAMEA115396843; ENA_sample=ERS18417424; Experiment=ERX12707553; Run=ERR13336587; source=ENA PRJEB73710	ERX12707553	SAMEA115396843	1	ERR13336587	ERP158450	ILLUMINA	Illumina HiSeq 4000
ERX12707700	W3054_root	ORYZA_RUFIPOGON	W3054	root			RNA-Seq	scientific_name=Oryza rufipogon; BioSample=SAMEA115396843; ENA_sample=ERS18417424; Experiment=ERX12707700; Run=ERR13336734; source=ENA PRJEB73710	ERX12707700	SAMEA115396843	1	ERR13336734	ERP158450	ILLUMINA	Illumina HiSeq 4000
ERX12707273	W3055_fringe	ORYZA_RUFIPOGON	W3055	fringe			RNA-Seq	scientific_name=Oryza rufipogon; BioSample=SAMEA115396844; ENA_sample=ERS18417425; Experiment=ERX12707273; Run=ERR13336307; source=ENA PRJEB73710	ERX12707273	SAMEA115396844	1	ERR13336307	ERP158450	ILLUMINA	Illumina HiSeq 4000
ERX12707554	W3055_leaf	ORYZA_RUFIPOGON	W3055	leaf			RNA-Seq	scientific_name=Oryza rufipogon; BioSample=SAMEA115396844; ENA_sample=ERS18417425; Experiment=ERX12707554; Run=ERR13336588; source=ENA PRJEB73710	ERX12707554	SAMEA115396844	1	ERR13336588	ERP158450	ILLUMINA	Illumina HiSeq 4000
ERX12707701	W3055_root	ORYZA_RUFIPOGON	W3055	root			RNA-Seq	scientific_name=Oryza rufipogon; BioSample=SAMEA115396844; ENA_sample=ERS18417425; Experiment=ERX12707701; Run=ERR13336735; source=ENA PRJEB73710	ERX12707701	SAMEA115396844	1	ERR13336735	ERP158450	ILLUMINA	Illumina HiSeq 4000
ERX12707274	W3063_fringe	ORYZA_RUFIPOGON	W3063	fringe			RNA-Seq	scientific_name=Oryza rufipogon; BioSample=SAMEA115396845; ENA_sample=ERS18417426; Experiment=ERX12707274; Run=ERR13336308; source=ENA PRJEB73710	ERX12707274	SAMEA115396845	1	ERR13336308	ERP158450	ILLUMINA	Illumina HiSeq 4000
ERX12707407	W3063_seedling	ORYZA_RUFIPOGON	W3063	seedling			RNA-Seq	scientific_name=Oryza rufipogon; BioSample=SAMEA115396845; ENA_sample=ERS18417426; Experiment=ERX12707407; Run=ERR13336441; source=ENA PRJEB73710	ERX12707407	SAMEA115396845	1	ERR13336441	ERP158450	ILLUMINA	Illumina HiSeq 4000
ERX12707555	W3063_leaf	ORYZA_RUFIPOGON	W3063	leaf			RNA-Seq	scientific_name=Oryza rufipogon; BioSample=SAMEA115396845; ENA_sample=ERS18417426; Experiment=ERX12707555; Run=ERR13336589; source=ENA PRJEB73710	ERX12707555	SAMEA115396845	1	ERR13336589	ERP158450	ILLUMINA	Illumina HiSeq 4000
ERX12707702	W3063_root	ORYZA_RUFIPOGON	W3063	root			RNA-Seq	scientific_name=Oryza rufipogon; BioSample=SAMEA115396845; ENA_sample=ERS18417426; Experiment=ERX12707702; Run=ERR13336736; source=ENA PRJEB73710	ERX12707702	SAMEA115396845	1	ERR13336736	ERP158450	ILLUMINA	Illumina HiSeq 4000
ERX12707408	W3066_seedling	ORYZA_RUFIPOGON	W3066	seedling			RNA-Seq	scientific_name=Oryza rufipogon; BioSample=SAMEA115396846; ENA_sample=ERS18417427; Experiment=ERX12707408; Run=ERR13336442; source=ENA PRJEB73710	ERX12707408	SAMEA115396846	1	ERR13336442	ERP158450	ILLUMINA	Illumina HiSeq 4000
ERX12707556	W3066_leaf	ORYZA_RUFIPOGON	W3066	leaf			RNA-Seq	scientific_name=Oryza rufipogon; BioSample=SAMEA115396846; ENA_sample=ERS18417427; Experiment=ERX12707556; Run=ERR13336590; source=ENA PRJEB73710	ERX12707556	SAMEA115396846	1	ERR13336590	ERP158450	ILLUMINA	Illumina HiSeq 4000
ERX12707703	W3066_root	ORYZA_RUFIPOGON	W3066	root			RNA-Seq	scientific_name=Oryza rufipogon; BioSample=SAMEA115396846; ENA_sample=ERS18417427; Experiment=ERX12707703; Run=ERR13336737; source=ENA PRJEB73710	ERX12707703	SAMEA115396846	1	ERR13336737	ERP158450	ILLUMINA	Illumina HiSeq 4000
ERX12707275	W3071_fringe	ORYZA_RUFIPOGON	W3071	fringe			RNA-Seq	scientific_name=Oryza rufipogon; BioSample=SAMEA115396847; ENA_sample=ERS18417428; Experiment=ERX12707275; Run=ERR13336309; source=ENA PRJEB73710	ERX12707275	SAMEA115396847	1	ERR13336309	ERP158450	ILLUMINA	Illumina HiSeq 4000
ERX12707409	W3071_seedling	ORYZA_RUFIPOGON	W3071	seedling			RNA-Seq	scientific_name=Oryza rufipogon; BioSample=SAMEA115396847; ENA_sample=ERS18417428; Experiment=ERX12707409; Run=ERR13336443; source=ENA PRJEB73710	ERX12707409	SAMEA115396847	1	ERR13336443	ERP158450	ILLUMINA	Illumina HiSeq 4000
ERX12707557	W3071_leaf	ORYZA_RUFIPOGON	W3071	leaf			RNA-Seq	scientific_name=Oryza rufipogon; BioSample=SAMEA115396847; ENA_sample=ERS18417428; Experiment=ERX12707557; Run=ERR13336591; source=ENA PRJEB73710	ERX12707557	SAMEA115396847	1	ERR13336591	ERP158450	ILLUMINA	Illumina HiSeq 4000
ERX12707704	W3071_root	ORYZA_RUFIPOGON	W3071	root			RNA-Seq	scientific_name=Oryza rufipogon; BioSample=SAMEA115396847; ENA_sample=ERS18417428; Experiment=ERX12707704; Run=ERR13336738; source=ENA PRJEB73710	ERX12707704	SAMEA115396847	1	ERR13336738	ERP158450	ILLUMINA	Illumina HiSeq 4000
ERX12707558	W3074_leaf	ORYZA_RUFIPOGON	W3074	leaf			RNA-Seq	scientific_name=Oryza rufipogon; BioSample=SAMEA115396848; ENA_sample=ERS18417429; Experiment=ERX12707558; Run=ERR13336592; source=ENA PRJEB73710	ERX12707558	SAMEA115396848	1	ERR13336592	ERP158450	ILLUMINA	Illumina HiSeq 4000
ERX12707705	W3074_root	ORYZA_RUFIPOGON	W3074	root			RNA-Seq	scientific_name=Oryza rufipogon; BioSample=SAMEA115396848; ENA_sample=ERS18417429; Experiment=ERX12707705; Run=ERR13336739; source=ENA PRJEB73710	ERX12707705	SAMEA115396848	1	ERR13336739	ERP158450	ILLUMINA	Illumina HiSeq 4000
ERX12707410	W3082_seedling	ORYZA_RUFIPOGON	W3082	seedling			RNA-Seq	scientific_name=Oryza rufipogon; BioSample=SAMEA115396849; ENA_sample=ERS18417430; Experiment=ERX12707410; Run=ERR13336444; source=ENA PRJEB73710	ERX12707410	SAMEA115396849	1	ERR13336444	ERP158450	ILLUMINA	Illumina HiSeq 4000
ERX12707559	W3082_leaf	ORYZA_RUFIPOGON	W3082	leaf			RNA-Seq	scientific_name=Oryza rufipogon; BioSample=SAMEA115396849; ENA_sample=ERS18417430; Experiment=ERX12707559; Run=ERR13336593; source=ENA PRJEB73710	ERX12707559	SAMEA115396849	1	ERR13336593	ERP158450	ILLUMINA	Illumina HiSeq 4000
ERX12707276	W3086_fringe	ORYZA_RUFIPOGON	W3086	fringe			RNA-Seq	scientific_name=Oryza rufipogon; BioSample=SAMEA115396850; ENA_sample=ERS18417431; Experiment=ERX12707276; Run=ERR13336310; source=ENA PRJEB73710	ERX12707276	SAMEA115396850	1	ERR13336310	ERP158450	ILLUMINA	Illumina HiSeq 4000
ERX12707411	W3086_seedling	ORYZA_RUFIPOGON	W3086	seedling			RNA-Seq	scientific_name=Oryza rufipogon; BioSample=SAMEA115396850; ENA_sample=ERS18417431; Experiment=ERX12707411; Run=ERR13336445; source=ENA PRJEB73710	ERX12707411	SAMEA115396850	1	ERR13336445	ERP158450	ILLUMINA	Illumina HiSeq 4000
ERX12707560	W3086_leaf	ORYZA_RUFIPOGON	W3086	leaf			RNA-Seq	scientific_name=Oryza rufipogon; BioSample=SAMEA115396850; ENA_sample=ERS18417431; Experiment=ERX12707560; Run=ERR13336594; source=ENA PRJEB73710	ERX12707560	SAMEA115396850	1	ERR13336594	ERP158450	ILLUMINA	Illumina HiSeq 4000
ERX12707706	W3086_root	ORYZA_RUFIPOGON	W3086	root			RNA-Seq	scientific_name=Oryza rufipogon; BioSample=SAMEA115396850; ENA_sample=ERS18417431; Experiment=ERX12707706; Run=ERR13336740; source=ENA PRJEB73710	ERX12707706	SAMEA115396850	1	ERR13336740	ERP158450	ILLUMINA	Illumina HiSeq 4000
ERX12707277	W3088_fringe	ORYZA_RUFIPOGON	W3088	fringe			RNA-Seq	scientific_name=Oryza rufipogon; BioSample=SAMEA115396851; ENA_sample=ERS18417432; Experiment=ERX12707277; Run=ERR13336311; source=ENA PRJEB73710	ERX12707277	SAMEA115396851	1	ERR13336311	ERP158450	ILLUMINA	Illumina HiSeq 4000
ERX12707412	W3088_seedling	ORYZA_RUFIPOGON	W3088	seedling			RNA-Seq	scientific_name=Oryza rufipogon; BioSample=SAMEA115396851; ENA_sample=ERS18417432; Experiment=ERX12707412; Run=ERR13336446; source=ENA PRJEB73710	ERX12707412	SAMEA115396851	1	ERR13336446	ERP158450	ILLUMINA	Illumina HiSeq 4000
ERX12707561	W3088_leaf	ORYZA_RUFIPOGON	W3088	leaf			RNA-Seq	scientific_name=Oryza rufipogon; BioSample=SAMEA115396851; ENA_sample=ERS18417432; Experiment=ERX12707561; Run=ERR13336595; source=ENA PRJEB73710	ERX12707561	SAMEA115396851	1	ERR13336595	ERP158450	ILLUMINA	Illumina HiSeq 4000
ERX12707707	W3088_root	ORYZA_RUFIPOGON	W3088	root			RNA-Seq	scientific_name=Oryza rufipogon; BioSample=SAMEA115396851; ENA_sample=ERS18417432; Experiment=ERX12707707; Run=ERR13336741; source=ENA PRJEB73710	ERX12707707	SAMEA115396851	1	ERR13336741	ERP158450	ILLUMINA	Illumina HiSeq 4000
ERX12707413	W3090_seedling	ORYZA_RUFIPOGON	W3090	seedling			RNA-Seq	scientific_name=Oryza rufipogon; BioSample=SAMEA115396852; ENA_sample=ERS18417433; Experiment=ERX12707413; Run=ERR13336447; source=ENA PRJEB73710	ERX12707413	SAMEA115396852	1	ERR13336447	ERP158450	ILLUMINA	Illumina HiSeq 4000
ERX12707562	W3090_leaf	ORYZA_RUFIPOGON	W3090	leaf			RNA-Seq	scientific_name=Oryza rufipogon; BioSample=SAMEA115396852; ENA_sample=ERS18417433; Experiment=ERX12707562; Run=ERR13336596; source=ENA PRJEB73710	ERX12707562	SAMEA115396852	1	ERR13336596	ERP158450	ILLUMINA	Illumina HiSeq 4000
ERX12707708	W3090_root	ORYZA_RUFIPOGON	W3090	root			RNA-Seq	scientific_name=Oryza rufipogon; BioSample=SAMEA115396852; ENA_sample=ERS18417433; Experiment=ERX12707708; Run=ERR13336742; source=ENA PRJEB73710	ERX12707708	SAMEA115396852	1	ERR13336742	ERP158450	ILLUMINA	Illumina HiSeq 4000
ERX12707414	W3092_seedling	ORYZA_RUFIPOGON	W3092	seedling			RNA-Seq	scientific_name=Oryza rufipogon; BioSample=SAMEA115396853; ENA_sample=ERS18417434; Experiment=ERX12707414; Run=ERR13336448; source=ENA PRJEB73710	ERX12707414	SAMEA115396853	1	ERR13336448	ERP158450	ILLUMINA	Illumina HiSeq 4000
ERX12707563	W3092_leaf	ORYZA_RUFIPOGON	W3092	leaf			RNA-Seq	scientific_name=Oryza rufipogon; BioSample=SAMEA115396853; ENA_sample=ERS18417434; Experiment=ERX12707563; Run=ERR13336597; source=ENA PRJEB73710	ERX12707563	SAMEA115396853	1	ERR13336597	ERP158450	ILLUMINA	Illumina HiSeq 4000
ERX12707709	W3092_root	ORYZA_RUFIPOGON	W3092	root			RNA-Seq	scientific_name=Oryza rufipogon; BioSample=SAMEA115396853; ENA_sample=ERS18417434; Experiment=ERX12707709; Run=ERR13336743; source=ENA PRJEB73710	ERX12707709	SAMEA115396853	1	ERR13336743	ERP158450	ILLUMINA	Illumina HiSeq 4000
ERX12707278	W3096_fringe	ORYZA_RUFIPOGON	W3096	fringe			RNA-Seq	scientific_name=Oryza rufipogon; BioSample=SAMEA115396854; ENA_sample=ERS18417435; Experiment=ERX12707278; Run=ERR13336312; source=ENA PRJEB73710	ERX12707278	SAMEA115396854	1	ERR13336312	ERP158450	ILLUMINA	Illumina HiSeq 4000
ERX12707415	W3096_seedling	ORYZA_RUFIPOGON	W3096	seedling			RNA-Seq	scientific_name=Oryza rufipogon; BioSample=SAMEA115396854; ENA_sample=ERS18417435; Experiment=ERX12707415; Run=ERR13336449; source=ENA PRJEB73710	ERX12707415	SAMEA115396854	1	ERR13336449	ERP158450	ILLUMINA	Illumina HiSeq 4000
ERX12707564	W3096_leaf	ORYZA_RUFIPOGON	W3096	leaf			RNA-Seq	scientific_name=Oryza rufipogon; BioSample=SAMEA115396854; ENA_sample=ERS18417435; Experiment=ERX12707564; Run=ERR13336598; source=ENA PRJEB73710	ERX12707564	SAMEA115396854	1	ERR13336598	ERP158450	ILLUMINA	Illumina HiSeq 4000
ERX12707710	W3096_root	ORYZA_RUFIPOGON	W3096	root			RNA-Seq	scientific_name=Oryza rufipogon; BioSample=SAMEA115396854; ENA_sample=ERS18417435; Experiment=ERX12707710; Run=ERR13336744; source=ENA PRJEB73710	ERX12707710	SAMEA115396854	1	ERR13336744	ERP158450	ILLUMINA	Illumina HiSeq 4000
