run_accession	fastq_ftp	fastq_bytes	fastq_md5	bam_ftp	bam_bytes	bam_md5	submitted_ftp	submitted_bytes	submitted_md5	sra_ftp	sra_bytes	sra_md5
ERR13336043	ftp.sra.ebi.ac.uk/vol1/fastq/ERR133/043/ERR13336043/ERR13336043.fastq.gz	48753966618	665092a23d098cafe593275b87bc3568	ftp.sra.ebi.ac.uk/vol1/err/ERR133/043/ERR13336043/ERR13336043.bam	47044332365	26fc64c713bd65308ea042e477e68b37	ftp.sra.ebi.ac.uk/vol1/run/ERR133/ERR13336043/GP622.ont.fastq.gz	48646275559	f03e36f4269cc002265629d5ca7706a5			
ERR13336044	ftp.sra.ebi.ac.uk/vol1/fastq/ERR133/044/ERR13336044/ERR13336044.fastq.gz	43133429417	839fc26b21ec94d0ca8713d973eba1b7	ftp.sra.ebi.ac.uk/vol1/err/ERR133/044/ERR13336044/ERR13336044.bam	41629077162	eb794b9d0ba597cc5e0088ee2cb9e9dc	ftp.sra.ebi.ac.uk/vol1/run/ERR133/ERR13336044/GP635.ont.fastq.gz	43039881335	f210ec99df1feed68150fdc92c77aa16			
ERR13336047	ftp.sra.ebi.ac.uk/vol1/fastq/ERR133/047/ERR13336047/ERR13336047.fastq.gz	32338329034	65f19cee1c9b8b96e4b0c8f5429e1f28	ftp.sra.ebi.ac.uk/vol1/err/ERR133/047/ERR13336047/ERR13336047.bam	31230432702	5578e7c19a51875ef2e9954d8625c99b	ftp.sra.ebi.ac.uk/vol1/run/ERR133/ERR13336047/OM1952.ont.fastq.gz	32268939187	3847616cb47cdce8d7913f8edd212321			
ERR13336052	ftp.sra.ebi.ac.uk/vol1/fastq/ERR133/052/ERR13336052/ERR13336052.fastq.gz	29085420728	5213385b1cb006161f719121dc33b79a	ftp.sra.ebi.ac.uk/vol1/err/ERR133/052/ERR13336052/ERR13336052.bam	28056156289	2bbebeb7b18171d2044f1c9836f9d474	ftp.sra.ebi.ac.uk/vol1/run/ERR133/ERR13336052/W2305.ont.fastq.gz	29025297058	8dff378f7d58a3c67b1512fd80354736			
ERR13336054	ftp.sra.ebi.ac.uk/vol1/fastq/ERR133/054/ERR13336054/ERR13336054.fastq.gz	48684485982	450404279b2a979f335aa42536624558	ftp.sra.ebi.ac.uk/vol1/err/ERR133/054/ERR13336054/ERR13336054.bam	46817734526	48dccfcdd7cf8af0b865ed1da0e2fc01	ftp.sra.ebi.ac.uk/vol1/run/ERR133/ERR13336054/W3038.ont.fastq.gz	48550576306	1c1729d39b46f0f9586f274858bcba0b			
ERR13336059							ftp.sra.ebi.ac.uk/vol1/run/ERR133/ERR13336059/GP117.hifi.fastq.gz	11445677166	0c783caf50b07ff58c43a1e8c67807bf			
ERR13336067	ftp.sra.ebi.ac.uk/vol1/fastq/ERR133/067/ERR13336067/ERR13336067.fastq.gz	8545833920	f9927fde876c02570d4815eba738a232	ftp.sra.ebi.ac.uk/vol1/err/ERR133/067/ERR13336067/ERR13336067.bam	8351432103	1c9733702734fffc596125b8a676d65b	ftp.sra.ebi.ac.uk/vol1/run/ERR133/ERR13336067/OL3102.hifi.fastq.gz	8521971852	3545384d278fa337328cc24959cd6de9			
ERR13336075	ftp.sra.ebi.ac.uk/vol1/fastq/ERR133/075/ERR13336075/ERR13336075.fastq.gz	8233172957	b05e7216dee211c3a7a9434bb4b14bf8	ftp.sra.ebi.ac.uk/vol1/err/ERR133/075/ERR13336075/ERR13336075.bam	8065829743	672666c91c154ff9bfa682dd62cd878b	ftp.sra.ebi.ac.uk/vol1/run/ERR133/ERR13336075/W0143.hifi.fastq.gz	8210449979	86f17fa21e1aab141ae165d70d7f6b9f			
ERR13336081	ftp.sra.ebi.ac.uk/vol1/fastq/ERR133/081/ERR13336081/ERR13336081.fastq.gz	8650043003	7588f265b4a8e2db49c7c7ebcf1c566f	ftp.sra.ebi.ac.uk/vol1/err/ERR133/081/ERR13336081/ERR13336081.bam	8465585473	5e5c7b26bb2e4aea81d76a25da535c90	ftp.sra.ebi.ac.uk/vol1/run/ERR133/ERR13336081/W0166.hifi.fastq.gz	8627158025	d69993d6546f0752c4957d612af27fdb			
ERR13336087	ftp.sra.ebi.ac.uk/vol1/fastq/ERR133/087/ERR13336087/ERR13336087.fastq.gz	7170883106	97c6bd483bb0340e23b2c4491e87cb28	ftp.sra.ebi.ac.uk/vol1/err/ERR133/087/ERR13336087/ERR13336087.bam	7040077265	ce8dd75e4f3224f16a443cdfbdd7f840	ftp.sra.ebi.ac.uk/vol1/run/ERR133/ERR13336087/W0573.hifi.fastq.gz	7151515603	b9c9577a39de0eb54d05c7bd8403bd63			
ERR13336088	ftp.sra.ebi.ac.uk/vol1/fastq/ERR133/088/ERR13336088/ERR13336088.fastq.gz	7870397996	36184549a6cd0a8d227c2e547d5f3d22	ftp.sra.ebi.ac.uk/vol1/err/ERR133/088/ERR13336088/ERR13336088.bam	7696642033	8629cdcb72f7dfd899187899fb21676d	ftp.sra.ebi.ac.uk/vol1/run/ERR133/ERR13336088/W0590.hifi.fastq.gz	7850848029	f098a41737e42b98491d601a3cfbbaa4			
ERR13336090	ftp.sra.ebi.ac.uk/vol1/fastq/ERR133/090/ERR13336090/ERR13336090.fastq.gz	8089082836	8c42eaefc7762f0624189ca16a15326a	ftp.sra.ebi.ac.uk/vol1/err/ERR133/090/ERR13336090/ERR13336090.bam	7916476900	5ebdf1861ee4078d21678722856e85df	ftp.sra.ebi.ac.uk/vol1/run/ERR133/ERR13336090/W0596.hifi.fastq.gz	8067783310	77a352d944583dfcdbad0e7f6e61b3f7			
ERR13336095	ftp.sra.ebi.ac.uk/vol1/fastq/ERR133/095/ERR13336095/ERR13336095.fastq.gz	7248521900	a25041214e1e2f446671a998a4bbdae5	ftp.sra.ebi.ac.uk/vol1/err/ERR133/095/ERR13336095/ERR13336095.bam	7109829602	874a9a98a70a7e0730d6e93f168bf5dd	ftp.sra.ebi.ac.uk/vol1/run/ERR133/ERR13336095/W0634.hifi.fastq.gz	7229570845	b0e4336a7c43432f6700d86f35c1a071			
ERR13336096	ftp.sra.ebi.ac.uk/vol1/fastq/ERR133/096/ERR13336096/ERR13336096.fastq.gz	7916172695	ab241cfeceaf3166a052aca4dd436cae	ftp.sra.ebi.ac.uk/vol1/err/ERR133/096/ERR13336096/ERR13336096.bam	7763941016	e2b1497f6e56775fe4479b1efdc59821	ftp.sra.ebi.ac.uk/vol1/run/ERR133/ERR13336096/W0639.hifi.fastq.gz	7896634190	5520a077e20e5037e42e8107597a2a4d			
ERR13336097	ftp.sra.ebi.ac.uk/vol1/fastq/ERR133/097/ERR13336097/ERR13336097.fastq.gz	8447714968	361e79f0050c15da766dd59359cb38b3	ftp.sra.ebi.ac.uk/vol1/err/ERR133/097/ERR13336097/ERR13336097.bam	8298547553	4f1fcc96f8939d151adf59de5e948498	ftp.sra.ebi.ac.uk/vol1/run/ERR133/ERR13336097/W1084.hifi.fastq.gz	8429079753	71eb3f86fb01d6e48356b643d1013807			
ERR13336104	ftp.sra.ebi.ac.uk/vol1/fastq/ERR133/004/ERR13336104/ERR13336104.fastq.gz	6525239358	ea7da1a2e3f9d23853f5ea209011d0bc	ftp.sra.ebi.ac.uk/vol1/err/ERR133/004/ERR13336104/ERR13336104.bam	6417345394	01a0af283343cbd764c278de10a0eadf	ftp.sra.ebi.ac.uk/vol1/run/ERR133/ERR13336104/W1236.hifi.fastq.gz	6508441977	77fbe5bf4db2634701ffecef4b36e38e			
ERR13336105	ftp.sra.ebi.ac.uk/vol1/fastq/ERR133/005/ERR13336105/ERR13336105.fastq.gz	7452071771	d5cc4bf75a8a302b52ddb2f9d94903b6	ftp.sra.ebi.ac.uk/vol1/err/ERR133/005/ERR13336105/ERR13336105.bam	7321512624	490063ce72bb743696336cb4e1930063	ftp.sra.ebi.ac.uk/vol1/run/ERR133/ERR13336105/W1292.hifi.fastq.gz	7432257892	66bcdcb64364f096a3cfc2755f25ca17			
ERR13336110	ftp.sra.ebi.ac.uk/vol1/fastq/ERR133/010/ERR13336110/ERR13336110.fastq.gz	7966674064	f1160bc42e47da6765e40634431ce27c	ftp.sra.ebi.ac.uk/vol1/err/ERR133/010/ERR13336110/ERR13336110.bam	7813607555	8c441480e43272e4877150c4bee7a2e7	ftp.sra.ebi.ac.uk/vol1/run/ERR133/ERR13336110/W1553.hifi.fastq.gz	7945008625	11dfbfa4cdd3f1ddbce842951ce5b3b1			
ERR13336112	ftp.sra.ebi.ac.uk/vol1/fastq/ERR133/012/ERR13336112/ERR13336112.fastq.gz	8698281813	1d77aaa605577fc33b1ec78c6003b5bf	ftp.sra.ebi.ac.uk/vol1/err/ERR133/012/ERR13336112/ERR13336112.bam	8537197103	d6b22cc8591988f98447844923c60052	ftp.sra.ebi.ac.uk/vol1/run/ERR133/ERR13336112/W1557.hifi.fastq.gz	8674973892	1a4b586f8da58a5e352c2432328134ba			
ERR13336117	ftp.sra.ebi.ac.uk/vol1/fastq/ERR133/017/ERR13336117/ERR13336117.fastq.gz	10609266177	5e2ebf13d0feeb92b4dfa6b6fcedff2b	ftp.sra.ebi.ac.uk/vol1/err/ERR133/017/ERR13336117/ERR13336117.bam	10389575219	55611e15c8792dc35a97bcd1538d9444	ftp.sra.ebi.ac.uk/vol1/run/ERR133/ERR13336117/W1677.hifi.fastq.gz	10580843181	144f3bc6fc774d24fb06b2b9a9ac988f			
ERR13336118	ftp.sra.ebi.ac.uk/vol1/fastq/ERR133/018/ERR13336118/ERR13336118.fastq.gz	9010435935	b42393e46e9741418cbfb004e42d4cb5	ftp.sra.ebi.ac.uk/vol1/err/ERR133/018/ERR13336118/ERR13336118.bam	8867542998	85413ed7b51b1d34b1d3bfdfdd5b1eee	ftp.sra.ebi.ac.uk/vol1/run/ERR133/ERR13336118/W1679.hifi.fastq.gz	8987313732	5d69abb9ceb5a9a390386a333c5a9f12			
ERR13336120	ftp.sra.ebi.ac.uk/vol1/fastq/ERR133/020/ERR13336120/ERR13336120.fastq.gz	7821527809	baf157ce426b8e3689038f8abd525658	ftp.sra.ebi.ac.uk/vol1/err/ERR133/020/ERR13336120/ERR13336120.bam	7653395108	a4c545875eff0061296a1fa02879ba53	ftp.sra.ebi.ac.uk/vol1/run/ERR133/ERR13336120/W1719.hifi.fastq.gz	7800652615	345693ff7d09890dbbbedbb87d557794			
ERR13336121	ftp.sra.ebi.ac.uk/vol1/fastq/ERR133/021/ERR13336121/ERR13336121.fastq.gz	9379620246	bcc665a0a2c7d97fef32095fcb91d74f	ftp.sra.ebi.ac.uk/vol1/err/ERR133/021/ERR13336121/ERR13336121.bam	9223179026	e86a9e380cf1dceb7e5a9003d796409c	ftp.sra.ebi.ac.uk/vol1/run/ERR133/ERR13336121/W1725.hifi.fastq.gz	9354866453	fa0d7091c6ffc42473c899aeb9cf1d2d			
ERR13336124	ftp.sra.ebi.ac.uk/vol1/fastq/ERR133/024/ERR13336124/ERR13336124.fastq.gz	7807793902	e8c508d19a16ce1838a852ddca8ee861	ftp.sra.ebi.ac.uk/vol1/err/ERR133/024/ERR13336124/ERR13336124.bam	7652304666	6e16d9b45d26fe48d683116fd2b0cac9	ftp.sra.ebi.ac.uk/vol1/run/ERR133/ERR13336124/W1732.hifi.fastq.gz	7786044170	2ca45c81fb12c8497794e0cb29e6b82d			
ERR13336125	ftp.sra.ebi.ac.uk/vol1/fastq/ERR133/025/ERR13336125/ERR13336125.fastq.gz	7936366592	32a0f5d2e575931c87bab86f6cebf6b1	ftp.sra.ebi.ac.uk/vol1/err/ERR133/025/ERR13336125/ERR13336125.bam	7799007885	7b0a3e84a07f507279e85761d2b1b154	ftp.sra.ebi.ac.uk/vol1/run/ERR133/ERR13336125/W1735.hifi.fastq.gz	7914783252	6d626a428f0038a64ff7619acfc41d40			
ERR13336128	ftp.sra.ebi.ac.uk/vol1/fastq/ERR133/028/ERR13336128/ERR13336128.fastq.gz	7881795203	4036ee602645ba6cf9ddc5cde933f1fd	ftp.sra.ebi.ac.uk/vol1/err/ERR133/028/ERR13336128/ERR13336128.bam	7739352832	14b9beddf5ca0d236bf1b13b28ee7433	ftp.sra.ebi.ac.uk/vol1/run/ERR133/ERR13336128/W1742.hifi.fastq.gz	7862420107	99a9866c39528ad80626641427948d05			
ERR13336130	ftp.sra.ebi.ac.uk/vol1/fastq/ERR133/030/ERR13336130/ERR13336130.fastq.gz	7802796399	fd90565b8a11f78cc3616ead41a1353f	ftp.sra.ebi.ac.uk/vol1/err/ERR133/030/ERR13336130/ERR13336130.bam	7663915552	1440e358529708c1b879828718e1a854	ftp.sra.ebi.ac.uk/vol1/run/ERR133/ERR13336130/W1777.hifi.fastq.gz	7779483715	f21966cbf212bf4331387a660495c1cb			
ERR13336131	ftp.sra.ebi.ac.uk/vol1/fastq/ERR133/031/ERR13336131/ERR13336131.fastq.gz	9991954304	d2e2d791ffbb446444e5d0fc65b9bcaf	ftp.sra.ebi.ac.uk/vol1/err/ERR133/031/ERR13336131/ERR13336131.bam	9785916435	bcd3eb7874a4545c0d25e692d49d4951	ftp.sra.ebi.ac.uk/vol1/run/ERR133/ERR13336131/W1783.hifi.fastq.gz	9963675445	94542563d2fc607084824f86e4cb7074			
ERR13336135	ftp.sra.ebi.ac.uk/vol1/fastq/ERR133/035/ERR13336135/ERR13336135.fastq.gz	10345463424	7d9ff98d17b8723c24945b6686b4b4e1	ftp.sra.ebi.ac.uk/vol1/err/ERR133/035/ERR13336135/ERR13336135.bam	10151672472	cd7b5fa912d0f9d9b41dc237cabf36fb	ftp.sra.ebi.ac.uk/vol1/run/ERR133/ERR13336135/W1825.hifi.fastq.gz	10315606400	85886a50cfa961a38ced65adc7c23fe4			
ERR13336138	ftp.sra.ebi.ac.uk/vol1/fastq/ERR133/038/ERR13336138/ERR13336138.fastq.gz	8859633129	8e6cc902ad7daf99f1d3a37933138d1f	ftp.sra.ebi.ac.uk/vol1/err/ERR133/038/ERR13336138/ERR13336138.bam	8680225446	dd121e5b633118db765ca6820cacaa60	ftp.sra.ebi.ac.uk/vol1/run/ERR133/ERR13336138/W1865.hifi.fastq.gz	8840495713	8802bfb5918445122ea731006c18478e			
ERR13336139	ftp.sra.ebi.ac.uk/vol1/fastq/ERR133/039/ERR13336139/ERR13336139.fastq.gz	7865831508	4898ea44fb2636f6b8aa81e2d0bf89d6	ftp.sra.ebi.ac.uk/vol1/err/ERR133/039/ERR13336139/ERR13336139.bam	7728271196	f15464080b2e639e0ede106166d11ef6	ftp.sra.ebi.ac.uk/vol1/run/ERR133/ERR13336139/W1880.hifi.fastq.gz	7845153285	f033a77942fc3f3716d5c07532f752ae			
ERR13336141	ftp.sra.ebi.ac.uk/vol1/fastq/ERR133/041/ERR13336141/ERR13336141.fastq.gz	7267630258	a69a9130ac7b78ec91c67251a690c37f	ftp.sra.ebi.ac.uk/vol1/err/ERR133/041/ERR13336141/ERR13336141.bam	7140872737	dc3afb2b24e97185b5d0cdf467d1157a	ftp.sra.ebi.ac.uk/vol1/run/ERR133/ERR13336141/W1895.hifi.fastq.gz	7248809000	d98d53dc1c363c702c29be0710471e15			
ERR13336142	ftp.sra.ebi.ac.uk/vol1/fastq/ERR133/042/ERR13336142/ERR13336142.fastq.gz	7865392428	3953133640de6015da6b043cca9706a4	ftp.sra.ebi.ac.uk/vol1/err/ERR133/042/ERR13336142/ERR13336142.bam	7726646420	d570216545f31a04b4437e7b28fde8d3	ftp.sra.ebi.ac.uk/vol1/run/ERR133/ERR13336142/W1919.hifi.fastq.gz	7843621512	a51fbcde8163fe689754751971d27177			
ERR13336144	ftp.sra.ebi.ac.uk/vol1/fastq/ERR133/044/ERR13336144/ERR13336144.fastq.gz	9923281252	f9cc3c751e2fc2c8c8c8e52f1e72269c	ftp.sra.ebi.ac.uk/vol1/err/ERR133/044/ERR13336144/ERR13336144.bam	9710362825	37c11e282d3f7f1e01c554fd38559f07	ftp.sra.ebi.ac.uk/vol1/run/ERR133/ERR13336144/W1970.hifi.fastq.gz	9896274305	7a3b0c1b0e9fc94adbc16e8a8f5cb8d3			
ERR13336155	ftp.sra.ebi.ac.uk/vol1/fastq/ERR133/055/ERR13336155/ERR13336155.fastq.gz	8536064743	6a4cb794f0db783b6fbd9414f1dba903	ftp.sra.ebi.ac.uk/vol1/err/ERR133/055/ERR13336155/ERR13336155.bam	8382825528	6075d0114391b77c1df4d3f96ba86339	ftp.sra.ebi.ac.uk/vol1/run/ERR133/ERR13336155/W2267.hifi.fastq.gz	8511471555	6007131bf8db325cc1346619aac04324			
ERR13336157	ftp.sra.ebi.ac.uk/vol1/fastq/ERR133/057/ERR13336157/ERR13336157.fastq.gz	10156899880	eb95fe96d789a91900aaadef04cf41e2	ftp.sra.ebi.ac.uk/vol1/err/ERR133/057/ERR13336157/ERR13336157.bam	9934280434	8859821ba15ca7ceaaaff41163bc9ddc	ftp.sra.ebi.ac.uk/vol1/run/ERR133/ERR13336157/W2283.hifi.fastq.gz	10128104106	aedc6a33df8d5375e82f4ae96df7dae1			
ERR13336158	ftp.sra.ebi.ac.uk/vol1/fastq/ERR133/058/ERR13336158/ERR13336158.fastq.gz	7915059664	810039f1d69bdfc76becf6da8f38d9d8	ftp.sra.ebi.ac.uk/vol1/err/ERR133/058/ERR13336158/ERR13336158.bam	7759496551	85a9adeebe5e636701a9142270788a92	ftp.sra.ebi.ac.uk/vol1/run/ERR133/ERR13336158/W2308.hifi.fastq.gz	7892840741	e7128d7606240ae36c30d99e6815f23c			
ERR13336159	ftp.sra.ebi.ac.uk/vol1/fastq/ERR133/059/ERR13336159/ERR13336159.fastq.gz	10014084078	7a969c9111f57ddedb70a1042e6b95d5	ftp.sra.ebi.ac.uk/vol1/err/ERR133/059/ERR13336159/ERR13336159.bam	9811045386	c88f66bef75d452742216aecf17294e4	ftp.sra.ebi.ac.uk/vol1/run/ERR133/ERR13336159/W2310.hifi.fastq.gz	9988170985	e71dca542aee725b55099353ea8d0a6c			
ERR13336160	ftp.sra.ebi.ac.uk/vol1/fastq/ERR133/060/ERR13336160/ERR13336160.fastq.gz	6660555412	68d0810a50112a5a24f6ba36f23b5e41	ftp.sra.ebi.ac.uk/vol1/err/ERR133/060/ERR13336160/ERR13336160.bam	6558829236	af0a3503ee7210b66971245de06adf73	ftp.sra.ebi.ac.uk/vol1/run/ERR133/ERR13336160/W2311.hifi.fastq.gz	6641383249	a7ac1f460c468ceec42d3242f8df4e14			
ERR13336171	ftp.sra.ebi.ac.uk/vol1/fastq/ERR133/071/ERR13336171/ERR13336171.fastq.gz	8843875989	ae19eac1af13a6dd4216a3b27aa0f25d	ftp.sra.ebi.ac.uk/vol1/err/ERR133/071/ERR13336171/ERR13336171.bam	8689498122	4d5de7093e06a9a463c5d1bef7ecf6b2	ftp.sra.ebi.ac.uk/vol1/run/ERR133/ERR13336171/W3035.hifi.fastq.gz	8820430334	5a37acefaea9e8252fb1626496bb2573			
ERR13336172	ftp.sra.ebi.ac.uk/vol1/fastq/ERR133/072/ERR13336172/ERR13336172.fastq.gz	7275946507	fbaa77913f56e6b53ebd70ed20270818	ftp.sra.ebi.ac.uk/vol1/err/ERR133/072/ERR13336172/ERR13336172.bam	7141067704	b442d31d39360cb2d36c9827c84c01c3	ftp.sra.ebi.ac.uk/vol1/run/ERR133/ERR13336172/W3037.hifi.fastq.gz	7255141618	7ed8f5d95fa8e9a6a2784e4c81a21116			
ERR13336173	ftp.sra.ebi.ac.uk/vol1/fastq/ERR133/073/ERR13336173/ERR13336173.fastq.gz	7258699411	ed105728c3dd8ccda636ee7a9ffc0916	ftp.sra.ebi.ac.uk/vol1/err/ERR133/073/ERR13336173/ERR13336173.bam	7123506576	4bd4cca90cbcefedcd34d5628538b567	ftp.sra.ebi.ac.uk/vol1/run/ERR133/ERR13336173/W3046.hifi.fastq.gz	7238768217	3125a496dc588637dadcfb5f5f18fcef			
ERR13336175	ftp.sra.ebi.ac.uk/vol1/fastq/ERR133/075/ERR13336175/ERR13336175.fastq.gz	10321364965	6c3e1f46b470b80c26102980ce3d5d91	ftp.sra.ebi.ac.uk/vol1/err/ERR133/075/ERR13336175/ERR13336175.bam	10132649075	007e79ee4c1fb61c68b531bf6d7ad4eb	ftp.sra.ebi.ac.uk/vol1/run/ERR133/ERR13336175/W3051.hifi.fastq.gz	10295184436	9a7fd670c17bca991eb71c5f6c59ab4c			
ERR13336176	ftp.sra.ebi.ac.uk/vol1/fastq/ERR133/076/ERR13336176/ERR13336176.fastq.gz	12705133554	208b2cf2a7601ff8f012dcf014474290	ftp.sra.ebi.ac.uk/vol1/err/ERR133/076/ERR13336176/ERR13336176.bam	12518332606	cb14d7d24d49adef0f389c7a506590e5	ftp.sra.ebi.ac.uk/vol1/run/ERR133/ERR13336176/W3052.hifi.fastq.gz	12676996679	888cfe7bf04a92fc1e75281442d8edcb			
ERR13336177	ftp.sra.ebi.ac.uk/vol1/fastq/ERR133/077/ERR13336177/ERR13336177.fastq.gz	7960922261	9e39323a54b4b64e8bcc1318a20ed2b7	ftp.sra.ebi.ac.uk/vol1/err/ERR133/077/ERR13336177/ERR13336177.bam	7813060737	c25ebfc2ec1b0e3e10f7c532ce684e98	ftp.sra.ebi.ac.uk/vol1/run/ERR133/ERR13336177/W3054.hifi.fastq.gz	7938083760	878c72c6ef5947e39db677b028f6206d			
ERR13336184	ftp.sra.ebi.ac.uk/vol1/fastq/ERR133/084/ERR13336184/ERR13336184.fastq.gz	8965367468	ea7fcdc10236f8edcfcc54213e586b46	ftp.sra.ebi.ac.uk/vol1/err/ERR133/084/ERR13336184/ERR13336184.bam	8767742289	57377bcf5db5e503486c60f88d9b2b66	ftp.sra.ebi.ac.uk/vol1/run/ERR133/ERR13336184/W3086.hifi.fastq.gz	8944841527	213eb1da88c5fcacea0630ad980b2371			
ERR13336188	ftp.sra.ebi.ac.uk/vol1/fastq/ERR133/088/ERR13336188/ERR13336188.fastq.gz	8823347333	4b9cdd6e0f778aad98b8fa803f4eb9a7	ftp.sra.ebi.ac.uk/vol1/err/ERR133/088/ERR13336188/ERR13336188.bam	8626686168	2e7af94fee1f6e04a7064b73008d6684	ftp.sra.ebi.ac.uk/vol1/run/ERR133/ERR13336188/W3096.hifi.fastq.gz	8802925168	9a33fe17243edbcdcdc823907c3d5686			
ERR13336193	ftp.sra.ebi.ac.uk/vol1/fastq/ERR133/093/ERR13336193/ERR13336193_1.fastq.gz;ftp.sra.ebi.ac.uk/vol1/fastq/ERR133/093/ERR13336193/ERR13336193_2.fastq.gz	3367254127;3512942178	160483feeae45ad712f3fa8d8f154ff8;96891f80c9982d51640a5909e8e6df31	ftp.sra.ebi.ac.uk/vol1/err/ERR133/093/ERR13336193/ERR13336193.bam	6765774955	63334eb5e83dd09436d03ae972942ca8	ftp.sra.ebi.ac.uk/vol1/run/ERR133/ERR13336193/GP100_fringe_clean_1.fastq.gz;ftp.sra.ebi.ac.uk/vol1/run/ERR133/ERR13336193/GP100_fringe_clean_2.fastq.gz	3250183483;3391723756	690beea807e2057e16fe8b4c69a48e3e;f3b25546f486affc43f22d3539f7a760			
ERR13336196	ftp.sra.ebi.ac.uk/vol1/fastq/ERR133/096/ERR13336196/ERR13336196_1.fastq.gz;ftp.sra.ebi.ac.uk/vol1/fastq/ERR133/096/ERR13336196/ERR13336196_2.fastq.gz	3420326806;3623942481	e4410e64639e1da794ccef3ce803ccc0;31d2d95e0f74a41feebabf7817c5e328	ftp.sra.ebi.ac.uk/vol1/err/ERR133/096/ERR13336196/ERR13336196.bam	6883954145	42171ac99bf455c00cb33e5a5ae6441b	ftp.sra.ebi.ac.uk/vol1/run/ERR133/ERR13336196/GP505_fringe_clean_1.fastq.gz;ftp.sra.ebi.ac.uk/vol1/run/ERR133/ERR13336196/GP505_fringe_clean_2.fastq.gz	3326044086;3530796918	9ae7fe000fe3b2705dca36bc9fc549cf;f934512e137f39069c69d2483d8a5e8a			
ERR13336200	ftp.sra.ebi.ac.uk/vol1/fastq/ERR133/000/ERR13336200/ERR13336200_1.fastq.gz;ftp.sra.ebi.ac.uk/vol1/fastq/ERR133/000/ERR13336200/ERR13336200_2.fastq.gz	3405395444;3549194346	2bd8f5a61393e065af4f988c39f597b7;690224f1652827285adc45311e013923	ftp.sra.ebi.ac.uk/vol1/err/ERR133/000/ERR13336200/ERR13336200.bam	6864916270	8e580443a820a3708b145b37b3d336a0	ftp.sra.ebi.ac.uk/vol1/run/ERR133/ERR13336200/GP58_fringe_clean_1.fastq.gz;ftp.sra.ebi.ac.uk/vol1/run/ERR133/ERR13336200/GP58_fringe_clean_2.fastq.gz	3307678202;3449051264	90b624245a16ef9e4fe665799ca60260;c7cf803f7a6bc85f8d87b48042c8449b			
ERR13336203	ftp.sra.ebi.ac.uk/vol1/fastq/ERR133/003/ERR13336203/ERR13336203_1.fastq.gz;ftp.sra.ebi.ac.uk/vol1/fastq/ERR133/003/ERR13336203/ERR13336203_2.fastq.gz	6154169430;6432997332	240e516cb26aa1c1366f4dcde7ec58f7;9b62c6dcc5fd2c547fdf19db4e64da79	ftp.sra.ebi.ac.uk/vol1/err/ERR133/003/ERR13336203/ERR13336203.bam	12405432637	1a07efc34995b52db536341db748338f	ftp.sra.ebi.ac.uk/vol1/run/ERR133/ERR13336203/GP680_fringe_clean_1.fastq.gz;ftp.sra.ebi.ac.uk/vol1/run/ERR133/ERR13336203/GP680_fringe_clean_2.fastq.gz	5944534861;6220052569	50f96c6c4712e55aa4176ddd84b6555b;470366156f6b7bcce55100a7ef9dfa8b			
ERR13336205	ftp.sra.ebi.ac.uk/vol1/fastq/ERR133/005/ERR13336205/ERR13336205_1.fastq.gz;ftp.sra.ebi.ac.uk/vol1/fastq/ERR133/005/ERR13336205/ERR13336205_2.fastq.gz	4322737421;4633496636	bbcfdb674a2df382c4f0d70e0e2fe5aa;732bd46407ec16c1ad531264db74c6f0	ftp.sra.ebi.ac.uk/vol1/err/ERR133/005/ERR13336205/ERR13336205.bam	8843068507	41f313e903283364550d3c580c12507e	ftp.sra.ebi.ac.uk/vol1/run/ERR133/ERR13336205/HP519_fringe_clean_1.fastq.gz;ftp.sra.ebi.ac.uk/vol1/run/ERR133/ERR13336205/HP519_fringe_clean_2.fastq.gz	4173705953;4476294391	3fe5f59bf69fcb3300a58345e415c11e;f87b47e305f9beaaf1b306a917867971			
ERR13336206	ftp.sra.ebi.ac.uk/vol1/fastq/ERR133/006/ERR13336206/ERR13336206_1.fastq.gz;ftp.sra.ebi.ac.uk/vol1/fastq/ERR133/006/ERR13336206/ERR13336206_2.fastq.gz	4271348661;4384027388	fa84b2ac8e2a543f2cfac5852bb88852;f4d638d9a4845dba40c170e2424363f4	ftp.sra.ebi.ac.uk/vol1/err/ERR133/006/ERR13336206/ERR13336206.bam	8491976343	b9ecfe90417d4ee4fe2d95c05bd907d0	ftp.sra.ebi.ac.uk/vol1/run/ERR133/ERR13336206/Nip_hifi_fringe_clean_1.fastq.gz;ftp.sra.ebi.ac.uk/vol1/run/ERR133/ERR13336206/Nip_hifi_fringe_clean_2.fastq.gz	4126361007;4235210591	c9ce8c5c6cbed67cb3090f0a80685cb3;96b463425f3fa0d50f34e11069a0f739			
ERR13336208	ftp.sra.ebi.ac.uk/vol1/fastq/ERR133/008/ERR13336208/ERR13336208_1.fastq.gz;ftp.sra.ebi.ac.uk/vol1/fastq/ERR133/008/ERR13336208/ERR13336208_2.fastq.gz	2353589642;2331580509	f0fea1fb56a2a5757f81f805726fc38b;62fa66e1eeceb58a22bff6ea348c9f94	ftp.sra.ebi.ac.uk/vol1/err/ERR133/008/ERR13336208/ERR13336208.bam	4540974981	7453f7566aeb7216dd0a619992050ef3	ftp.sra.ebi.ac.uk/vol1/run/ERR133/ERR13336208/W0103_fringe_clean_1.fastq.gz;ftp.sra.ebi.ac.uk/vol1/run/ERR133/ERR13336208/W0103_fringe_clean_2.fastq.gz	2241609962;2219321106	0a8c5e105022717a7f0ac3969a9082c7;c3fe0be0b9a343ddf9e60984fb6ef39a			
ERR13336210	ftp.sra.ebi.ac.uk/vol1/fastq/ERR133/010/ERR13336210/ERR13336210_1.fastq.gz;ftp.sra.ebi.ac.uk/vol1/fastq/ERR133/010/ERR13336210/ERR13336210_2.fastq.gz	2598692887;2977429864	0c5255672979f12364ceb29287eddd29;0dc4ac8fff810c48f56052d56456c777	ftp.sra.ebi.ac.uk/vol1/err/ERR133/010/ERR13336210/ERR13336210.bam	5543403734	6873b582015de59dc12a8d93c5cca037	ftp.sra.ebi.ac.uk/vol1/run/ERR133/ERR13336210/W0108_fringe_clean_1.fastq.gz;ftp.sra.ebi.ac.uk/vol1/run/ERR133/ERR13336210/W0108_fringe_clean_2.fastq.gz	2488747600;2873596371	e9f5f61ca854f489755bd97a4e85ea82;61001b20808ed429a3222bf1778ec910			
ERR13336219	ftp.sra.ebi.ac.uk/vol1/fastq/ERR133/019/ERR13336219/ERR13336219_1.fastq.gz;ftp.sra.ebi.ac.uk/vol1/fastq/ERR133/019/ERR13336219/ERR13336219_2.fastq.gz	2832352065;3066326069	80ea9e6693f521d276cba63ee0799ba5;1d9b279deaf5827411d50504b6f737b0	ftp.sra.ebi.ac.uk/vol1/err/ERR133/019/ERR13336219/ERR13336219.bam	5811932029	95cdbc24f44b2c024f360afb2b4608e3	ftp.sra.ebi.ac.uk/vol1/run/ERR133/ERR13336219/W0164_fringe_clean_1.fastq.gz;ftp.sra.ebi.ac.uk/vol1/run/ERR133/ERR13336219/W0164_fringe_clean_2.fastq.gz	2709608103;2946380047	9054e71e640f1ed701093afb5991dc26;17bb5535ebc9c4e5372b267ef8a52745			
ERR13336220	ftp.sra.ebi.ac.uk/vol1/fastq/ERR133/020/ERR13336220/ERR13336220_1.fastq.gz;ftp.sra.ebi.ac.uk/vol1/fastq/ERR133/020/ERR13336220/ERR13336220_2.fastq.gz	2889911933;2618074241	825368e70dce0413cf5c86e44daa9967;3a6e2ffff4a8ac16da7c226f246b2cb0	ftp.sra.ebi.ac.uk/vol1/err/ERR133/020/ERR13336220/ERR13336220.bam	5766291155	632a4b307642b8e37c4addb886a05201	ftp.sra.ebi.ac.uk/vol1/run/ERR133/ERR13336220/W0166_fringe_clean_1.fastq.gz;ftp.sra.ebi.ac.uk/vol1/run/ERR133/ERR13336220/W0166_fringe_clean_2.fastq.gz	2764991451;2487226501	58639788bb2fa9e154c3e749671d12c6;f94c316129f6ca0157b454a7b4b85948			
ERR13336221	ftp.sra.ebi.ac.uk/vol1/fastq/ERR133/021/ERR13336221/ERR13336221_1.fastq.gz;ftp.sra.ebi.ac.uk/vol1/fastq/ERR133/021/ERR13336221/ERR13336221_2.fastq.gz	3683105895;4200458584	569a720e17aaade5c9a7d08cee633740;7427c633ca9eb715ec164c3f0fae10b7	ftp.sra.ebi.ac.uk/vol1/err/ERR133/021/ERR13336221/ERR13336221.bam	7819362919	0292f2ab0b5af1cb4f9eef35b88008a8	ftp.sra.ebi.ac.uk/vol1/run/ERR133/ERR13336221/W0169_fringe_clean_1.fastq.gz;ftp.sra.ebi.ac.uk/vol1/run/ERR133/ERR13336221/W0169_fringe_clean_2.fastq.gz	3523290194;4045520066	a8f40ef63644c2ed8ba5f749d455a4ab;80daebd38a901f1e0c273773094484f2			
ERR13336223	ftp.sra.ebi.ac.uk/vol1/fastq/ERR133/023/ERR13336223/ERR13336223_1.fastq.gz;ftp.sra.ebi.ac.uk/vol1/fastq/ERR133/023/ERR13336223/ERR13336223_2.fastq.gz	3026718656;3246703294	7f4d0e3230e1286370c7df0fc878e34e;6cc259ad13e0096151b01242500f66ac	ftp.sra.ebi.ac.uk/vol1/err/ERR133/023/ERR13336223/ERR13336223.bam	6203733350	e40f978ef283708f7418a7f035f3d74b	ftp.sra.ebi.ac.uk/vol1/run/ERR133/ERR13336223/W0179_fringe_clean_1.fastq.gz;ftp.sra.ebi.ac.uk/vol1/run/ERR133/ERR13336223/W0179_fringe_clean_2.fastq.gz	2903248639;3122669057	92d5b1993cd0d868c785b17d69e9d642;74ee1b94ce520da00058625563d3a590			
ERR13336225	ftp.sra.ebi.ac.uk/vol1/fastq/ERR133/025/ERR13336225/ERR13336225_1.fastq.gz;ftp.sra.ebi.ac.uk/vol1/fastq/ERR133/025/ERR13336225/ERR13336225_2.fastq.gz	1799537930;1830520064	6c0a2092d62bbb4dd0b4bd646fa90e1e;57df8ae44c3c2dd60d0e03a1899ec6d8	ftp.sra.ebi.ac.uk/vol1/err/ERR133/025/ERR13336225/ERR13336225.bam	3445355905	765c9f2cbfaebe65d92c9560e50d7a68	ftp.sra.ebi.ac.uk/vol1/run/ERR133/ERR13336225/W0234_fringe_clean_1.fastq.gz;ftp.sra.ebi.ac.uk/vol1/run/ERR133/ERR13336225/W0234_fringe_clean_2.fastq.gz	1699390601;1730534940	4a5eb950df9e9779fed80ea9aa5cb526;b91702a44bccc3840dcb123e55db481d			
ERR13336232	ftp.sra.ebi.ac.uk/vol1/fastq/ERR133/032/ERR13336232/ERR13336232_1.fastq.gz;ftp.sra.ebi.ac.uk/vol1/fastq/ERR133/032/ERR13336232/ERR13336232_2.fastq.gz	3713255531;3696133644	02f1930a60933f7ec00b58198ad5d8e3;e671a71fdbc9db4cbef44a3da89e7a18	ftp.sra.ebi.ac.uk/vol1/err/ERR133/032/ERR13336232/ERR13336232.bam	7201734391	1862a500414fbdebbb038398ac0db367	ftp.sra.ebi.ac.uk/vol1/run/ERR133/ERR13336232/W0634_fringe_clean_1.fastq.gz;ftp.sra.ebi.ac.uk/vol1/run/ERR133/ERR13336232/W0634_fringe_clean_2.fastq.gz	3513178627;3497048556	42c0e410e6561bbb75e6a6c889679df3;aa98e85fb74bb388987449d1090b7aca			
ERR13336234	ftp.sra.ebi.ac.uk/vol1/fastq/ERR133/034/ERR13336234/ERR13336234_1.fastq.gz;ftp.sra.ebi.ac.uk/vol1/fastq/ERR133/034/ERR13336234/ERR13336234_2.fastq.gz	2134857082;2187687700	d390c5b4e916e883e4e8fda871338998;436b595779596154a487ee06a188ede9	ftp.sra.ebi.ac.uk/vol1/err/ERR133/034/ERR13336234/ERR13336234.bam	4112840601	5b940991cbe2430fe6bb241aa9293727	ftp.sra.ebi.ac.uk/vol1/run/ERR133/ERR13336234/W1084_fringe_clean_1.fastq.gz;ftp.sra.ebi.ac.uk/vol1/run/ERR133/ERR13336234/W1084_fringe_clean_2.fastq.gz	2013683314;2066700302	0fc2bad939f97b7d7c822cb7faa4d7cd;46e6970b94216850e9cf9adfc75aa9d1			
ERR13336236	ftp.sra.ebi.ac.uk/vol1/fastq/ERR133/036/ERR13336236/ERR13336236_1.fastq.gz;ftp.sra.ebi.ac.uk/vol1/fastq/ERR133/036/ERR13336236/ERR13336236_2.fastq.gz	2968545662;3043794073	e43c8f6baa304d42b676c297bcef3b0d;25190107f09d84f0aa3426cf39aaf7b9	ftp.sra.ebi.ac.uk/vol1/err/ERR133/036/ERR13336236/ERR13336236.bam	5969536790	80aedaaa7df0edf3b5c2174afcd17109	ftp.sra.ebi.ac.uk/vol1/run/ERR133/ERR13336236/W1107_fringe_clean_1.fastq.gz;ftp.sra.ebi.ac.uk/vol1/run/ERR133/ERR13336236/W1107_fringe_clean_2.fastq.gz	2868652258;2943572579	5e7289c2c309eb33cc26ea8c4fc1e245;2a22a118af8174049ec92d0e8e8a4601			
ERR13336237	ftp.sra.ebi.ac.uk/vol1/fastq/ERR133/037/ERR13336237/ERR13336237_1.fastq.gz;ftp.sra.ebi.ac.uk/vol1/fastq/ERR133/037/ERR13336237/ERR13336237_2.fastq.gz	2760931391;2992088538	200781123ad2fdf8e08b1f5c120c8692;dccbfee3b6c87df21a99132e75144215	ftp.sra.ebi.ac.uk/vol1/err/ERR133/037/ERR13336237/ERR13336237.bam	5675967123	f3a580d11f5a10265a738d0e2e4166d2	ftp.sra.ebi.ac.uk/vol1/run/ERR133/ERR13336237/W1126_fringe_clean_1.fastq.gz;ftp.sra.ebi.ac.uk/vol1/run/ERR133/ERR13336237/W1126_fringe_clean_2.fastq.gz	2646348310;2881733168	3968e116b0e223a142ff250e727a244a;88edb7f097c0bbc5bf3d70bcc75a5063			
ERR13336239	ftp.sra.ebi.ac.uk/vol1/fastq/ERR133/039/ERR13336239/ERR13336239_1.fastq.gz;ftp.sra.ebi.ac.uk/vol1/fastq/ERR133/039/ERR13336239/ERR13336239_2.fastq.gz	3363897711;3742443416	7c8b154e151e1bcf4de7fc5623780ce4;e1a3da931229aa6505311fb3803da135	ftp.sra.ebi.ac.uk/vol1/err/ERR133/039/ERR13336239/ERR13336239.bam	7059573300	5b07b1ac1d756b9a5934ff935ba8c51c	ftp.sra.ebi.ac.uk/vol1/run/ERR133/ERR13336239/W1292_fringe_clean_1.fastq.gz;ftp.sra.ebi.ac.uk/vol1/run/ERR133/ERR13336239/W1292_fringe_clean_2.fastq.gz	3224411105;3605732929	39d0a1cb13bb1cb5a9bcbdd2117a03cc;60f6e2d631fb73bf8a79218234546cd6			
ERR13336242	ftp.sra.ebi.ac.uk/vol1/fastq/ERR133/042/ERR13336242/ERR13336242_1.fastq.gz;ftp.sra.ebi.ac.uk/vol1/fastq/ERR133/042/ERR13336242/ERR13336242_2.fastq.gz	3077592095;3399195714	4f914771a86f676d6e34d543ce163e33;917e7af5c3789c6cdb4a70b0a6e71044	ftp.sra.ebi.ac.uk/vol1/err/ERR133/042/ERR13336242/ERR13336242.bam	6420693930	ffaf406c9b612e3007dcc9189ae93284	ftp.sra.ebi.ac.uk/vol1/run/ERR133/ERR13336242/W1553_fringe_clean_1.fastq.gz;ftp.sra.ebi.ac.uk/vol1/run/ERR133/ERR13336242/W1553_fringe_clean_2.fastq.gz	2949169404;3274467507	aa6ce4aa23da8dece57b5d9b1da2bd09;cd6dc8fff21fce123eb2ba9e1d6b0df5			
ERR13336243	ftp.sra.ebi.ac.uk/vol1/fastq/ERR133/043/ERR13336243/ERR13336243_1.fastq.gz;ftp.sra.ebi.ac.uk/vol1/fastq/ERR133/043/ERR13336243/ERR13336243_2.fastq.gz	2768149464;3077325174	5a19bb42a165b2216a55f7df96aeea90;5fdf0b61b655d83ebdb79a71c61e037b	ftp.sra.ebi.ac.uk/vol1/err/ERR133/043/ERR13336243/ERR13336243.bam	5792588922	8c32a92d2caf9c21df198bf8d907a047	ftp.sra.ebi.ac.uk/vol1/run/ERR133/ERR13336243/W1556_fringe_clean_1.fastq.gz;ftp.sra.ebi.ac.uk/vol1/run/ERR133/ERR13336243/W1556_fringe_clean_2.fastq.gz	2657804836;2970657325	0429f39c2346950bcad6811209221cc6;a6e6c38f4be83d61a0fb090bcd7c28fc			
ERR13336244	ftp.sra.ebi.ac.uk/vol1/fastq/ERR133/044/ERR13336244/ERR13336244_1.fastq.gz;ftp.sra.ebi.ac.uk/vol1/fastq/ERR133/044/ERR13336244/ERR13336244_2.fastq.gz	2672841876;3012990983	518f61062e7bd2469e2a8dd629daa2ee;5de572eeee34a2c7371f2314622eaff2	ftp.sra.ebi.ac.uk/vol1/err/ERR133/044/ERR13336244/ERR13336244.bam	5621280281	3ff1eab61995535dae8c83717c317981	ftp.sra.ebi.ac.uk/vol1/run/ERR133/ERR13336244/W1557_fringe_clean_1.fastq.gz;ftp.sra.ebi.ac.uk/vol1/run/ERR133/ERR13336244/W1557_fringe_clean_2.fastq.gz	2568473182;2911425068	d26ce0b19ba344aff6063ed4591dbc0f;768148c7a979fd2fa959beda5f793c81			
ERR13336246	ftp.sra.ebi.ac.uk/vol1/fastq/ERR133/046/ERR13336246/ERR13336246_1.fastq.gz;ftp.sra.ebi.ac.uk/vol1/fastq/ERR133/046/ERR13336246/ERR13336246_2.fastq.gz	2789147302;3165146303	1dd1865463e0720026c5724450121c93;68f4ff25f9023fced986b79034ff9ded	ftp.sra.ebi.ac.uk/vol1/err/ERR133/046/ERR13336246/ERR13336246.bam	5884568831	94ac13e0a2df7cc27d9b8510214b8d58	ftp.sra.ebi.ac.uk/vol1/run/ERR133/ERR13336246/W1666_fringe_clean_1.fastq.gz;ftp.sra.ebi.ac.uk/vol1/run/ERR133/ERR13336246/W1666_fringe_clean_2.fastq.gz	2689009988;3066771938	b0a81981855bcb0319958c5340f7a5f5;8f8f594cb8aaa7297956b3e6f66f9028			
ERR13336247	ftp.sra.ebi.ac.uk/vol1/fastq/ERR133/047/ERR13336247/ERR13336247_1.fastq.gz;ftp.sra.ebi.ac.uk/vol1/fastq/ERR133/047/ERR13336247/ERR13336247_2.fastq.gz	2992756909;3086753898	e2f393a295dc17d657c0b74b3f0ea9ad;bd5624863f2986b09f6fee39ad4b0c49	ftp.sra.ebi.ac.uk/vol1/err/ERR133/047/ERR13336247/ERR13336247.bam	6032735682	69c056ddcf63cc11120ee97f1f878767	ftp.sra.ebi.ac.uk/vol1/run/ERR133/ERR13336247/W1668_fringe_clean_1.fastq.gz;ftp.sra.ebi.ac.uk/vol1/run/ERR133/ERR13336247/W1668_fringe_clean_2.fastq.gz	2903463857;2997349938	9780e821f169ae5b501cd42f29d905e9;de03092772cbb828b0650f1222a6cbfa			
ERR13336250	ftp.sra.ebi.ac.uk/vol1/fastq/ERR133/050/ERR13336250/ERR13336250_1.fastq.gz;ftp.sra.ebi.ac.uk/vol1/fastq/ERR133/050/ERR13336250/ERR13336250_2.fastq.gz	2760772058;3111638528	e25ec32dcbee455804fcf6eea88b5680;0435243aebd262043615a9a189b0a639	ftp.sra.ebi.ac.uk/vol1/err/ERR133/050/ERR13336250/ERR13336250.bam	5799740220	e603db89ee099161cbd1ef83af79e03c	ftp.sra.ebi.ac.uk/vol1/run/ERR133/ERR13336250/W1718_fringe_clean_1.fastq.gz;ftp.sra.ebi.ac.uk/vol1/run/ERR133/ERR13336250/W1718_fringe_clean_2.fastq.gz	2661094732;3017002344	05ac1d9fc3fde5ad6776e9f009e716cf;819ae8398136cedf04bf17a3c653b10f			
ERR13336251	ftp.sra.ebi.ac.uk/vol1/fastq/ERR133/051/ERR13336251/ERR13336251_1.fastq.gz;ftp.sra.ebi.ac.uk/vol1/fastq/ERR133/051/ERR13336251/ERR13336251_2.fastq.gz	3596200288;3588996957	8ecdd89777f35652d88a5f54fa294be3;7d2bb6d0f26dcdf6c4cd2bde23136edf	ftp.sra.ebi.ac.uk/vol1/err/ERR133/051/ERR13336251/ERR13336251.bam	6996014545	8a462dad2707395d9eca89118f3753d3	ftp.sra.ebi.ac.uk/vol1/run/ERR133/ERR13336251/W1719_fringe_clean_1.fastq.gz;ftp.sra.ebi.ac.uk/vol1/run/ERR133/ERR13336251/W1719_fringe_clean_2.fastq.gz	3415546187;3409347266	30b147aced3b94aa1be5ce88fd67d508;6ffe505ea6c11a76f8be3b56118fcf4c			
ERR13336257	ftp.sra.ebi.ac.uk/vol1/fastq/ERR133/057/ERR13336257/ERR13336257_1.fastq.gz;ftp.sra.ebi.ac.uk/vol1/fastq/ERR133/057/ERR13336257/ERR13336257_2.fastq.gz	2644429943;2935553795	9f695008c6c88b5a2b1183ecfd84b082;160fe544837e2c94a4c6cf439904c063	ftp.sra.ebi.ac.uk/vol1/err/ERR133/057/ERR13336257/ERR13336257.bam	5538852417	c4ce0551afcd065b978ad62a0bff0f9c	ftp.sra.ebi.ac.uk/vol1/run/ERR133/ERR13336257/W1736_fringe_clean_1.fastq.gz;ftp.sra.ebi.ac.uk/vol1/run/ERR133/ERR13336257/W1736_fringe_clean_2.fastq.gz	2540046405;2832290432	f55488dbddcebd8b84d0e50009f56334;b7c2dc0607493367c679e111078a5951			
ERR13336259	ftp.sra.ebi.ac.uk/vol1/fastq/ERR133/059/ERR13336259/ERR13336259_1.fastq.gz;ftp.sra.ebi.ac.uk/vol1/fastq/ERR133/059/ERR13336259/ERR13336259_2.fastq.gz	2706364490;2980382625	49347f65ff37b2facade6fd3d67afb8c;e1d599df5a61e23fe9a3a0cdd5fa2b1f	ftp.sra.ebi.ac.uk/vol1/err/ERR133/059/ERR13336259/ERR13336259.bam	5631125014	49b5b22ded095de9be7828df7d9e142e	ftp.sra.ebi.ac.uk/vol1/run/ERR133/ERR13336259/W1742_fringe_clean_1.fastq.gz;ftp.sra.ebi.ac.uk/vol1/run/ERR133/ERR13336259/W1742_fringe_clean_2.fastq.gz	2598371208;2875329598	2e90239aaf30b966382669e74ba105d3;31b9dfb445b49d4504ff1beeed1e7d56			
ERR13336262	ftp.sra.ebi.ac.uk/vol1/fastq/ERR133/062/ERR13336262/ERR13336262_1.fastq.gz;ftp.sra.ebi.ac.uk/vol1/fastq/ERR133/062/ERR13336262/ERR13336262_2.fastq.gz	2924354016;3196190375	7d36bac40c41f6c21135981d62cab49a;b720a6c60d28d3a42052667068cb6399	ftp.sra.ebi.ac.uk/vol1/err/ERR133/062/ERR13336262/ERR13336262.bam	6044116938	e237fc1585ba1716d3753767c90084bf	ftp.sra.ebi.ac.uk/vol1/run/ERR133/ERR13336262/W1777_fringe_clean_1.fastq.gz;ftp.sra.ebi.ac.uk/vol1/run/ERR133/ERR13336262/W1777_fringe_clean_2.fastq.gz	2825210917;3096513600	1c11158cf305356c94c6836a55409c7f;a34f71e487cd1d1f7e87246209d65107			
ERR13336263	ftp.sra.ebi.ac.uk/vol1/fastq/ERR133/063/ERR13336263/ERR13336263_1.fastq.gz;ftp.sra.ebi.ac.uk/vol1/fastq/ERR133/063/ERR13336263/ERR13336263_2.fastq.gz	2933837938;3326273962	4cceab546282bfbed1731fdde6a817a8;0a050586b1d47523c2b31f8b4bf50ec2	ftp.sra.ebi.ac.uk/vol1/err/ERR133/063/ERR13336263/ERR13336263.bam	6203303893	28d90031c0007f729dd06a2ec592a197	ftp.sra.ebi.ac.uk/vol1/run/ERR133/ERR13336263/W1783_fringe_clean_1.fastq.gz;ftp.sra.ebi.ac.uk/vol1/run/ERR133/ERR13336263/W1783_fringe_clean_2.fastq.gz	2808708394;3205114586	f9ad40cefb4dbc4342e0941a71d24e68;82ad3db503e1ebd5daeb553500031953			
ERR13336265	ftp.sra.ebi.ac.uk/vol1/fastq/ERR133/065/ERR13336265/ERR13336265_1.fastq.gz;ftp.sra.ebi.ac.uk/vol1/fastq/ERR133/065/ERR13336265/ERR13336265_2.fastq.gz	2606759646;2703520594	4725a756bd0920e3d2031267f0e2112a;14f0c754c9f4886ef2c5d5c2784ca580	ftp.sra.ebi.ac.uk/vol1/err/ERR133/065/ERR13336265/ERR13336265.bam	5083443119	d2e54152ce59cb151081375d30b3d54b	ftp.sra.ebi.ac.uk/vol1/run/ERR133/ERR13336265/W1809_fringe_clean_1.fastq.gz;ftp.sra.ebi.ac.uk/vol1/run/ERR133/ERR13336265/W1809_fringe_clean_2.fastq.gz	2460080919;2557545124	349da96293d9cdef33348d559adf6d0d;3f6cf7545cc6b6e4db139a637babbbd5			
ERR13336269	ftp.sra.ebi.ac.uk/vol1/fastq/ERR133/069/ERR13336269/ERR13336269_1.fastq.gz;ftp.sra.ebi.ac.uk/vol1/fastq/ERR133/069/ERR13336269/ERR13336269_2.fastq.gz	2260405117;2503040319	0a6da289b2214b82dc3927000530550b;9e4367218fc880eac8ef123436a61b04	ftp.sra.ebi.ac.uk/vol1/err/ERR133/069/ERR13336269/ERR13336269.bam	4727261188	2ba85ee14cc5637a2a7cf6395a230ca5	ftp.sra.ebi.ac.uk/vol1/run/ERR133/ERR13336269/W1859_fringe_clean_1.fastq.gz;ftp.sra.ebi.ac.uk/vol1/run/ERR133/ERR13336269/W1859_fringe_clean_2.fastq.gz	2163045687;2407713196	7379242566fce0feadae18814d763432;2727de4fdb7de77a8f2cac398367f310			
ERR13336270	ftp.sra.ebi.ac.uk/vol1/fastq/ERR133/070/ERR13336270/ERR13336270_1.fastq.gz;ftp.sra.ebi.ac.uk/vol1/fastq/ERR133/070/ERR13336270/ERR13336270_2.fastq.gz	3275523450;3622776472	7331f33665c699bb3e246fd91f958610;b552c2740e3cc1c4c2682c128ca27cb6	ftp.sra.ebi.ac.uk/vol1/err/ERR133/070/ERR13336270/ERR13336270.bam	6757838588	9d887f59dda6bf76e3e216b536729de7	ftp.sra.ebi.ac.uk/vol1/run/ERR133/ERR13336270/W1880_fringe_clean_1.fastq.gz;ftp.sra.ebi.ac.uk/vol1/run/ERR133/ERR13336270/W1880_fringe_clean_2.fastq.gz	3146373852;3497169548	1d67d6a2624778d7ecb92b078f954e6b;79be16636251f7c878521e17d175f19e			
ERR13336271	ftp.sra.ebi.ac.uk/vol1/fastq/ERR133/071/ERR13336271/ERR13336271_1.fastq.gz;ftp.sra.ebi.ac.uk/vol1/fastq/ERR133/071/ERR13336271/ERR13336271_2.fastq.gz	3049659163;3135900742	833564ed98df4d1debee69a855d6392f;98df43bb54d3c2ae1b953fcf3608098a	ftp.sra.ebi.ac.uk/vol1/err/ERR133/071/ERR13336271/ERR13336271.bam	6147886546	17067f3f0ab5ec5e79567d00c7a14a1e	ftp.sra.ebi.ac.uk/vol1/run/ERR133/ERR13336271/W1890_fringe_clean_1.fastq.gz;ftp.sra.ebi.ac.uk/vol1/run/ERR133/ERR13336271/W1890_fringe_clean_2.fastq.gz	2946294896;3032374052	81a0f39f50502db663f06879e5b9c75b;6a85a8b0e85abe143b27e2822fa8478d			
ERR13336272	ftp.sra.ebi.ac.uk/vol1/fastq/ERR133/072/ERR13336272/ERR13336272_1.fastq.gz;ftp.sra.ebi.ac.uk/vol1/fastq/ERR133/072/ERR13336272/ERR13336272_2.fastq.gz	4002164782;4032059636	354af8039520170782ccdbe2026e5379;d33cd28e4ed9e00655283f3ed9e87412	ftp.sra.ebi.ac.uk/vol1/err/ERR133/072/ERR13336272/ERR13336272.bam	7896278767	c83291759ea392d0713cf2e65920ee31	ftp.sra.ebi.ac.uk/vol1/run/ERR133/ERR13336272/W1943_fringe_clean_1.fastq.gz;ftp.sra.ebi.ac.uk/vol1/run/ERR133/ERR13336272/W1943_fringe_clean_2.fastq.gz	3832703362;3861618314	6f7d06f11f096d29d4996958e3459c09;e67c82195ac56e937a7cd9528dc3994a			
ERR13336274	ftp.sra.ebi.ac.uk/vol1/fastq/ERR133/074/ERR13336274/ERR13336274_1.fastq.gz;ftp.sra.ebi.ac.uk/vol1/fastq/ERR133/074/ERR13336274/ERR13336274_2.fastq.gz	2207717685;2444271737	d93415813f994737fddbb56ef8366a86;402101d4dfb8287806e169c8288e9aff	ftp.sra.ebi.ac.uk/vol1/err/ERR133/074/ERR13336274/ERR13336274.bam	4617752561	304b2b6e1b47216d46739225771e3c9d	ftp.sra.ebi.ac.uk/vol1/run/ERR133/ERR13336274/W1976_fringe_clean_1.fastq.gz;ftp.sra.ebi.ac.uk/vol1/run/ERR133/ERR13336274/W1976_fringe_clean_2.fastq.gz	2112458579;2349984048	63e33daeef791f17f95f28a7b431f509;04d838188e39077b20b8f9d00dd60055			
ERR13336278	ftp.sra.ebi.ac.uk/vol1/fastq/ERR133/078/ERR13336278/ERR13336278_1.fastq.gz;ftp.sra.ebi.ac.uk/vol1/fastq/ERR133/078/ERR13336278/ERR13336278_2.fastq.gz	2418346875;2750882911	bff0f1816bb871e0021800f2824fefdd;24207e7084a774d7afc1abc227ccdf26	ftp.sra.ebi.ac.uk/vol1/err/ERR133/078/ERR13336278/ERR13336278.bam	5103019465	d66255816fc46bb55c1d9f18efec4beb	ftp.sra.ebi.ac.uk/vol1/run/ERR133/ERR13336278/W2051_fringe_clean_1.fastq.gz;ftp.sra.ebi.ac.uk/vol1/run/ERR133/ERR13336278/W2051_fringe_clean_2.fastq.gz	2330935633;2667167775	caf79ab579af11a9ee5b6ac350afe6f7;1736d0405e7e784b76cf57a2caac565d			
ERR13336280	ftp.sra.ebi.ac.uk/vol1/fastq/ERR133/080/ERR13336280/ERR13336280_1.fastq.gz;ftp.sra.ebi.ac.uk/vol1/fastq/ERR133/080/ERR13336280/ERR13336280_2.fastq.gz	2698194818;3086022724	b3518d459ee7d41d13b7b5a3ba0125e4;4ecc4b9177cc32aef3128713b246dff8	ftp.sra.ebi.ac.uk/vol1/err/ERR133/080/ERR13336280/ERR13336280.bam	5642071244	6d2471e938d9517673ae7e6232b55acd	ftp.sra.ebi.ac.uk/vol1/run/ERR133/ERR13336280/W2064_fringe_clean_1.fastq.gz;ftp.sra.ebi.ac.uk/vol1/run/ERR133/ERR13336280/W2064_fringe_clean_2.fastq.gz	2584711526;2977785502	59eb5a07894caaf54316150d6c514d29;bd51e36f9c96bdc06d8e8e2992102a35			
ERR13336281	ftp.sra.ebi.ac.uk/vol1/fastq/ERR133/081/ERR13336281/ERR13336281_1.fastq.gz;ftp.sra.ebi.ac.uk/vol1/fastq/ERR133/081/ERR13336281/ERR13336281_2.fastq.gz	3100477462;3456536492	b6b2fe9bfa36d7c0899e84168c062192;ee0e26f07029458c394391d177e49663	ftp.sra.ebi.ac.uk/vol1/err/ERR133/081/ERR13336281/ERR13336281.bam	6510431385	22f0051a409cc39a8995ae0354c9a8eb	ftp.sra.ebi.ac.uk/vol1/run/ERR133/ERR13336281/W2066_fringe_clean_1.fastq.gz;ftp.sra.ebi.ac.uk/vol1/run/ERR133/ERR13336281/W2066_fringe_clean_2.fastq.gz	2986979845;3349023509	e143555b88ab47deefa5bb8319cdb9db;672fc3a449db0eee4b20bb28363c2e0c			
ERR13336290	ftp.sra.ebi.ac.uk/vol1/fastq/ERR133/090/ERR13336290/ERR13336290_1.fastq.gz;ftp.sra.ebi.ac.uk/vol1/fastq/ERR133/090/ERR13336290/ERR13336290_2.fastq.gz	2482264078;2701498051	ee60e045ae074b6c887e52ae9ab9bce6;5ec25a7fee9753b3137d75e0b80ff97d	ftp.sra.ebi.ac.uk/vol1/err/ERR133/090/ERR13336290/ERR13336290.bam	5151243033	759276c42e00787ed75e1fc6486da659	ftp.sra.ebi.ac.uk/vol1/run/ERR133/ERR13336290/W2318_fringe_clean_1.fastq.gz;ftp.sra.ebi.ac.uk/vol1/run/ERR133/ERR13336290/W2318_fringe_clean_2.fastq.gz	2379927272;2601575797	dd5bb5c8a55622105951fd5680d47e8e;168a145d7a4a8adcd9a7ba7e5ddf61bb			
ERR13336291	ftp.sra.ebi.ac.uk/vol1/fastq/ERR133/091/ERR13336291/ERR13336291_1.fastq.gz;ftp.sra.ebi.ac.uk/vol1/fastq/ERR133/091/ERR13336291/ERR13336291_2.fastq.gz	2693080307;2814470882	ca35c40d4b1564efa6ca4b924959942f;e2446d1663bfcbc888649689c8289cbc	ftp.sra.ebi.ac.uk/vol1/err/ERR133/091/ERR13336291/ERR13336291.bam	5254587969	72e29c36e75a4d877124fd8d92cc81bc	ftp.sra.ebi.ac.uk/vol1/run/ERR133/ERR13336291/W2319_fringe_clean_1.fastq.gz;ftp.sra.ebi.ac.uk/vol1/run/ERR133/ERR13336291/W2319_fringe_clean_2.fastq.gz	2543733995;2665649065	77a029b2172044c33e26038bd31362d3;1d22d6e9c7cef64083e30f4c6d6c80ea			
ERR13336294	ftp.sra.ebi.ac.uk/vol1/fastq/ERR133/094/ERR13336294/ERR13336294_1.fastq.gz;ftp.sra.ebi.ac.uk/vol1/fastq/ERR133/094/ERR13336294/ERR13336294_2.fastq.gz	2867432246;2927831231	5e5702106b10494ea3ad834f87a3a404;31d6d06a76e566316f3f0caefb307187	ftp.sra.ebi.ac.uk/vol1/err/ERR133/094/ERR13336294/ERR13336294.bam	5520745855	ae2d3364b4d42c81c4cc7aea28b054ed	ftp.sra.ebi.ac.uk/vol1/run/ERR133/ERR13336294/W2332_fringe_clean_1.fastq.gz;ftp.sra.ebi.ac.uk/vol1/run/ERR133/ERR13336294/W2332_fringe_clean_2.fastq.gz	2709465213;2770139899	4f23c1406c2a8f97d64e2032e81eadb7;61d6b8b26edc05054e8e2cef3f92cde1			
ERR13336296	ftp.sra.ebi.ac.uk/vol1/fastq/ERR133/096/ERR13336296/ERR13336296_1.fastq.gz;ftp.sra.ebi.ac.uk/vol1/fastq/ERR133/096/ERR13336296/ERR13336296_2.fastq.gz	2289850220;2354639749	1b83a3bf0d80fea2ed3249148db49204;0cdb4d2082a6f38a5732dc478cb91f37	ftp.sra.ebi.ac.uk/vol1/err/ERR133/096/ERR13336296/ERR13336296.bam	4428661608	aa50d258db012b573e9fc4ae18f93b40	ftp.sra.ebi.ac.uk/vol1/run/ERR133/ERR13336296/W3009_fringe_clean_1.fastq.gz;ftp.sra.ebi.ac.uk/vol1/run/ERR133/ERR13336296/W3009_fringe_clean_2.fastq.gz	2161159254;2226312578	bac0cfd3eaad1f232be300e49e80794d;7b2e5b3ce1dcb5c292824125597592eb			
ERR13336298	ftp.sra.ebi.ac.uk/vol1/fastq/ERR133/098/ERR13336298/ERR13336298_1.fastq.gz;ftp.sra.ebi.ac.uk/vol1/fastq/ERR133/098/ERR13336298/ERR13336298_2.fastq.gz	2991878127;3257651959	7a81ca12a7782695fa50780d2271009b;eebc0cd65c85b550558a09f3f42226d5	ftp.sra.ebi.ac.uk/vol1/err/ERR133/098/ERR13336298/ERR13336298.bam	6135344753	2a8528aac6449661c7e10ae374ef932a	ftp.sra.ebi.ac.uk/vol1/run/ERR133/ERR13336298/W3029_fringe_clean_1.fastq.gz;ftp.sra.ebi.ac.uk/vol1/run/ERR133/ERR13336298/W3029_fringe_clean_2.fastq.gz	2870314074;3138396852	94255cf2ac5183fb0131eb985a128351;f60ee7a628fff5eac7696b01b08d1236			
ERR13336299	ftp.sra.ebi.ac.uk/vol1/fastq/ERR133/099/ERR13336299/ERR13336299_1.fastq.gz;ftp.sra.ebi.ac.uk/vol1/fastq/ERR133/099/ERR13336299/ERR13336299_2.fastq.gz	2627514794;2949222853	e9a90ff1418cbc23f0fe9d857326eb2c;55d1b005d536cf4cefa4e42e6a3f1936	ftp.sra.ebi.ac.uk/vol1/err/ERR133/099/ERR13336299/ERR13336299.bam	5486718190	7c14fea342afce31da0d2fcc849a795a	ftp.sra.ebi.ac.uk/vol1/run/ERR133/ERR13336299/W3033_fringe_clean_1.fastq.gz;ftp.sra.ebi.ac.uk/vol1/run/ERR133/ERR13336299/W3033_fringe_clean_2.fastq.gz	2521036493;2846152685	53464a76b6e614ee0c438abaeff53031;2e81ebf036236c030560decf893fb1cf			
ERR13336302	ftp.sra.ebi.ac.uk/vol1/fastq/ERR133/002/ERR13336302/ERR13336302_1.fastq.gz;ftp.sra.ebi.ac.uk/vol1/fastq/ERR133/002/ERR13336302/ERR13336302_2.fastq.gz	2932807017;3209806439	9e79863be1bda67d4427437e84efebcf;5d8dd1628c098d3f26fb23feb4a8b10d	ftp.sra.ebi.ac.uk/vol1/err/ERR133/002/ERR13336302/ERR13336302.bam	6052739342	f02b910090a053d42455487cc9fb474d	ftp.sra.ebi.ac.uk/vol1/run/ERR133/ERR13336302/W3040_fringe_clean_1.fastq.gz;ftp.sra.ebi.ac.uk/vol1/run/ERR133/ERR13336302/W3040_fringe_clean_2.fastq.gz	2803314436;3081965850	894c943726f8f93366b04ab31e6fd666;30786799d7649c55a0a8e8ebbfa1650c			
ERR13336303	ftp.sra.ebi.ac.uk/vol1/fastq/ERR133/003/ERR13336303/ERR13336303_1.fastq.gz;ftp.sra.ebi.ac.uk/vol1/fastq/ERR133/003/ERR13336303/ERR13336303_2.fastq.gz	2702883308;3156507350	23ae731b2950a5884a6ec9c8584614d8;759ec45d4f56dc756790f7a7d3d16b39	ftp.sra.ebi.ac.uk/vol1/err/ERR133/003/ERR13336303/ERR13336303.bam	5738147649	25add38498c973afb64a2aad89780bd2	ftp.sra.ebi.ac.uk/vol1/run/ERR133/ERR13336303/W3047_fringe_clean_1.fastq.gz;ftp.sra.ebi.ac.uk/vol1/run/ERR133/ERR13336303/W3047_fringe_clean_2.fastq.gz	2594059312;3050761880	e0aa16b1e109cdad053e34208f65ea77;c07603cc802e30fcd3fe09c3d2ce92da			
ERR13336304	ftp.sra.ebi.ac.uk/vol1/fastq/ERR133/004/ERR13336304/ERR13336304_1.fastq.gz;ftp.sra.ebi.ac.uk/vol1/fastq/ERR133/004/ERR13336304/ERR13336304_2.fastq.gz	2670397389;2928314875	95a18f94b19d46f74937c6bc3ce43bf9;57bc88aae2bf9db13ddc79308c032697	ftp.sra.ebi.ac.uk/vol1/err/ERR133/004/ERR13336304/ERR13336304.bam	5525567604	3efd9d941c6ad99de6d66f64e20629a2	ftp.sra.ebi.ac.uk/vol1/run/ERR133/ERR13336304/W3051_fringe_clean_1.fastq.gz;ftp.sra.ebi.ac.uk/vol1/run/ERR133/ERR13336304/W3051_fringe_clean_2.fastq.gz	2560953490;2823171401	b3633f83c13f0704fe810f62693e71bd;ba2bb4d3d6a747b371368d594bcaf087			
ERR13336307	ftp.sra.ebi.ac.uk/vol1/fastq/ERR133/007/ERR13336307/ERR13336307_1.fastq.gz;ftp.sra.ebi.ac.uk/vol1/fastq/ERR133/007/ERR13336307/ERR13336307_2.fastq.gz	2961656787;3367145664	111e4acc6324550caec5c54f72b1b3fa;371f5c0a2952762cbe3303a3379be358	ftp.sra.ebi.ac.uk/vol1/err/ERR133/007/ERR13336307/ERR13336307.bam	6212503886	0a544ce37ef71525b25f583af44c966b	ftp.sra.ebi.ac.uk/vol1/run/ERR133/ERR13336307/W3055_fringe_clean_1.fastq.gz;ftp.sra.ebi.ac.uk/vol1/run/ERR133/ERR13336307/W3055_fringe_clean_2.fastq.gz	2832872145;3239928201	d2bdc59640718f8d41d55e8df57bce95;d3b3db655eb61504e88d52b7a1441683			
ERR13336315	ftp.sra.ebi.ac.uk/vol1/fastq/ERR133/015/ERR13336315/ERR13336315_1.fastq.gz;ftp.sra.ebi.ac.uk/vol1/fastq/ERR133/015/ERR13336315/ERR13336315_2.fastq.gz	3483215997;3618134949	3f204d99739aa7b4c2046f9f4607fc8e;1e198f85e17d35deab1fe4c5ec8e8c68	ftp.sra.ebi.ac.uk/vol1/err/ERR133/015/ERR13336315/ERR13336315.bam	6995220470	6e8b30d9dcde7b5f24d7adf06c642da6	ftp.sra.ebi.ac.uk/vol1/run/ERR133/ERR13336315/GP100_seedling_clean_1.fastq.gz;ftp.sra.ebi.ac.uk/vol1/run/ERR133/ERR13336315/GP100_seedling_clean_2.fastq.gz	3374329870;3508294885	5d86dd7ff56dc6b2cffeeeb68c38d0ad;15af04206077482f5eea0cbfc940671e			
ERR13336324	ftp.sra.ebi.ac.uk/vol1/fastq/ERR133/024/ERR13336324/ERR13336324_1.fastq.gz;ftp.sra.ebi.ac.uk/vol1/fastq/ERR133/024/ERR13336324/ERR13336324_2.fastq.gz	6117766369;6352935238	40b5e2276180b81f235a8f6c3f07fe8b;3ef2bf2406e3218c0f01c52b7ebaae3f	ftp.sra.ebi.ac.uk/vol1/err/ERR133/024/ERR13336324/ERR13336324.bam	12300886344	fbe6d5664c847d66927b7fcb57c6c7f2	ftp.sra.ebi.ac.uk/vol1/run/ERR133/ERR13336324/GP635_seedling_clean_1.fastq.gz;ftp.sra.ebi.ac.uk/vol1/run/ERR133/ERR13336324/GP635_seedling_clean_2.fastq.gz	5902222128;6132263486	30ca864c86f0d1a167a0632bc2db89c6;5164ffe2e8f6443d9e6712171e322c49			
ERR13336329	ftp.sra.ebi.ac.uk/vol1/fastq/ERR133/029/ERR13336329/ERR13336329_1.fastq.gz;ftp.sra.ebi.ac.uk/vol1/fastq/ERR133/029/ERR13336329/ERR13336329_2.fastq.gz	2441915477;2517919108	2d546937fa1de2f2495db79b249a1206;fb53b60c81745d312261107519d84ee9	ftp.sra.ebi.ac.uk/vol1/err/ERR133/029/ERR13336329/ERR13336329.bam	4724722555	57ab42404cf4c91f037940474bb8be0f	ftp.sra.ebi.ac.uk/vol1/run/ERR133/ERR13336329/OL3102_seedling_clean_1.fastq.gz;ftp.sra.ebi.ac.uk/vol1/run/ERR133/ERR13336329/OL3102_seedling_clean_2.fastq.gz	2307850433;2384273262	1801f6c009c01ac07150dca469d3b27f;22853f833a51d7d0c8f1a73d61ba8962			
ERR13336332	ftp.sra.ebi.ac.uk/vol1/fastq/ERR133/032/ERR13336332/ERR13336332_1.fastq.gz;ftp.sra.ebi.ac.uk/vol1/fastq/ERR133/032/ERR13336332/ERR13336332_2.fastq.gz	2756784367;2818531309	504e72fdc5246e11b713cd32d610f768;248c2cd3025f67c98790ab57ffe0ca54	ftp.sra.ebi.ac.uk/vol1/err/ERR133/032/ERR13336332/ERR13336332.bam	5341584234	ab3fe05fe9e506ddf806d9f6dbe6c44d	ftp.sra.ebi.ac.uk/vol1/run/ERR133/ERR13336332/W0107_seedling_clean_1.fastq.gz;ftp.sra.ebi.ac.uk/vol1/run/ERR133/ERR13336332/W0107_seedling_clean_2.fastq.gz	2604464563;2666599482	88431d5ecc3bf1c73737a6fdad239b2e;850ab0613b67a703ec27f8ea018d51a1			
ERR13336333	ftp.sra.ebi.ac.uk/vol1/fastq/ERR133/033/ERR13336333/ERR13336333_1.fastq.gz;ftp.sra.ebi.ac.uk/vol1/fastq/ERR133/033/ERR13336333/ERR13336333_2.fastq.gz	2644248671;3086462561	ce0a9506b2f31d93750bf313f733bfba;8328a2c2a8412dab41cd8ef9bab3545c	ftp.sra.ebi.ac.uk/vol1/err/ERR133/033/ERR13336333/ERR13336333.bam	5680488186	343b6497bafeb6a92daecb5af5a88bd9	ftp.sra.ebi.ac.uk/vol1/run/ERR133/ERR13336333/W0108_seedling_clean_1.fastq.gz;ftp.sra.ebi.ac.uk/vol1/run/ERR133/ERR13336333/W0108_seedling_clean_2.fastq.gz	2549846836;2990610218	1272de6a948b2d59ce66003db2bb287d;9f368e4ed39dbcf236ca39d53c4f9589			
ERR13336334	ftp.sra.ebi.ac.uk/vol1/fastq/ERR133/034/ERR13336334/ERR13336334_1.fastq.gz;ftp.sra.ebi.ac.uk/vol1/fastq/ERR133/034/ERR13336334/ERR13336334_2.fastq.gz	3724076356;3986795239	d6e5d268080abe1d52739ef60ad52c33;2ba6150d88a14aa2aaefd06841d0a698	ftp.sra.ebi.ac.uk/vol1/err/ERR133/034/ERR13336334/ERR13336334.bam	7617131767	2b1198d78f2468b2f7e7665834c89dd8	ftp.sra.ebi.ac.uk/vol1/run/ERR133/ERR13336334/W0133_seedling_clean_1.fastq.gz;ftp.sra.ebi.ac.uk/vol1/run/ERR133/ERR13336334/W0133_seedling_clean_2.fastq.gz	3563535424;3833776584	5a2ae8cac05aa6e02fd377694048b2fc;fb7eab12ee6b98140b1039a597ce38df			
ERR13336337	ftp.sra.ebi.ac.uk/vol1/fastq/ERR133/037/ERR13336337/ERR13336337_1.fastq.gz;ftp.sra.ebi.ac.uk/vol1/fastq/ERR133/037/ERR13336337/ERR13336337_2.fastq.gz	1872754325;1896768936	dd9f22df7ccb614943704616995bc9ab;2442c953b5d2bb1a25c6ab141c4a8c28	ftp.sra.ebi.ac.uk/vol1/err/ERR133/037/ERR13336337/ERR13336337.bam	3610490027	c89896efe6562bffe059399d621a9c1c	ftp.sra.ebi.ac.uk/vol1/run/ERR133/ERR13336337/W0137_seedling_clean_1.fastq.gz;ftp.sra.ebi.ac.uk/vol1/run/ERR133/ERR13336337/W0137_seedling_clean_2.fastq.gz	1766725636;1790811583	1be5c7d48fe57c8f778b2ee98d771eba;12569be84a7586c80fec208572a9dea8			
ERR13336338	ftp.sra.ebi.ac.uk/vol1/fastq/ERR133/038/ERR13336338/ERR13336338_1.fastq.gz;ftp.sra.ebi.ac.uk/vol1/fastq/ERR133/038/ERR13336338/ERR13336338_2.fastq.gz	3184487263;3413058756	0f81230f7edc26fb3da0974e77eaefc1;d037b4afaefdcd4edd4853b389665d7b	ftp.sra.ebi.ac.uk/vol1/err/ERR133/038/ERR13336338/ERR13336338.bam	6532289132	46721d3465b942bd95a28d2e2392b94f	ftp.sra.ebi.ac.uk/vol1/run/ERR133/ERR13336338/W0145_seedling_clean_1.fastq.gz;ftp.sra.ebi.ac.uk/vol1/run/ERR133/ERR13336338/W0145_seedling_clean_2.fastq.gz	3059938804;3295825325	6c4054574e01e4e496ff1a3680e5908c;a1e7b975620cd724e4a6714aa582a597			
ERR13336339	ftp.sra.ebi.ac.uk/vol1/fastq/ERR133/039/ERR13336339/ERR13336339_1.fastq.gz;ftp.sra.ebi.ac.uk/vol1/fastq/ERR133/039/ERR13336339/ERR13336339_2.fastq.gz	2740225216;2917856209	d1ce6c53163adf2b5725feb6766ce96e;b35bfb21e510f0420d5a0ae7fde89a72	ftp.sra.ebi.ac.uk/vol1/err/ERR133/039/ERR13336339/ERR13336339.bam	5605015150	c8d06acdcc165693618dc421e2de8b40	ftp.sra.ebi.ac.uk/vol1/run/ERR133/ERR13336339/W0147_seedling_clean_1.fastq.gz;ftp.sra.ebi.ac.uk/vol1/run/ERR133/ERR13336339/W0147_seedling_clean_2.fastq.gz	2628256202;2812753287	70e643e8bf24ab08431cae98cf3daa1a;0f959213c94dfb5335b053e9c721cef8			
ERR13336340	ftp.sra.ebi.ac.uk/vol1/fastq/ERR133/040/ERR13336340/ERR13336340_1.fastq.gz;ftp.sra.ebi.ac.uk/vol1/fastq/ERR133/040/ERR13336340/ERR13336340_2.fastq.gz	3515059428;3764103611	7ee05efc16c5f47b0aab30162e6f251f;8bce7adacc7fab37d9d5cd108679ae9c	ftp.sra.ebi.ac.uk/vol1/err/ERR133/040/ERR13336340/ERR13336340.bam	7193021992	f65d5451ebb3a073bb394388a95b282d	ftp.sra.ebi.ac.uk/vol1/run/ERR133/ERR13336340/W0149_seedling_clean_1.fastq.gz;ftp.sra.ebi.ac.uk/vol1/run/ERR133/ERR13336340/W0149_seedling_clean_2.fastq.gz	3419022916;3667516253	b1baf6f68911c4a0c5a94e08ee992c5e;3ce43ff6ebfb194826b1c52566fdf806			
ERR13336344	ftp.sra.ebi.ac.uk/vol1/fastq/ERR133/044/ERR13336344/ERR13336344_1.fastq.gz;ftp.sra.ebi.ac.uk/vol1/fastq/ERR133/044/ERR13336344/ERR13336344_2.fastq.gz	2333831481;2386344425	8cf0ad5c85f745606f49acb84776c905;485ae0eb9a8eeda765af91b0023a7f0e	ftp.sra.ebi.ac.uk/vol1/err/ERR133/044/ERR13336344/ERR13336344.bam	4512057647	f4ad368d3fb8dc790d1e30b760652749	ftp.sra.ebi.ac.uk/vol1/run/ERR133/ERR13336344/W0169_seedling_clean_1.fastq.gz;ftp.sra.ebi.ac.uk/vol1/run/ERR133/ERR13336344/W0169_seedling_clean_2.fastq.gz	2202501090;2255312542	dec18308b9ee8958d97736da9588537f;ddd8be70642a42f676b41b3ce0cbda16			
ERR13336348	ftp.sra.ebi.ac.uk/vol1/fastq/ERR133/048/ERR13336348/ERR13336348_1.fastq.gz;ftp.sra.ebi.ac.uk/vol1/fastq/ERR133/048/ERR13336348/ERR13336348_2.fastq.gz	2825594147;2912690621	7c0fb62e68c255c0fc1fdb7b18691354;8c82d926429c83ec06cfd5fd21302516	ftp.sra.ebi.ac.uk/vol1/err/ERR133/048/ERR13336348/ERR13336348.bam	5460294073	1d1da8bdaecdeae4e2f21dab08a1cf4a	ftp.sra.ebi.ac.uk/vol1/run/ERR133/ERR13336348/W0234_seedling_clean_1.fastq.gz;ftp.sra.ebi.ac.uk/vol1/run/ERR133/ERR13336348/W0234_seedling_clean_2.fastq.gz	2669990830;2757639038	1c6cc6df1a568783811d5514b828ee12;15721eb321d418a36cdf3f778d32548f			
ERR13336350	ftp.sra.ebi.ac.uk/vol1/fastq/ERR133/050/ERR13336350/ERR13336350_1.fastq.gz;ftp.sra.ebi.ac.uk/vol1/fastq/ERR133/050/ERR13336350/ERR13336350_2.fastq.gz	2130872229;2192826872	5ccf1848977436f5692578e5d5a4ded7;e0daae6b2e90c4890892e013bb23187c	ftp.sra.ebi.ac.uk/vol1/err/ERR133/050/ERR13336350/ERR13336350.bam	4111077113	eadd2783a6c25180fdd3ffcb3a295167	ftp.sra.ebi.ac.uk/vol1/run/ERR133/ERR13336350/W0590_seedling_clean_1.fastq.gz;ftp.sra.ebi.ac.uk/vol1/run/ERR133/ERR13336350/W0590_seedling_clean_2.fastq.gz	2012485376;2074956582	9bfe24d25988846978bc71400b31f18a;21ea6fda8682003f2e3bb776687a330d			
ERR13336354	ftp.sra.ebi.ac.uk/vol1/fastq/ERR133/054/ERR13336354/ERR13336354_1.fastq.gz;ftp.sra.ebi.ac.uk/vol1/fastq/ERR133/054/ERR13336354/ERR13336354_2.fastq.gz	2101279662;2158660657	a5bffaf2b09372e7394aee13ec5965a4;a75e49a56818e6e3a27fb5cd9cf30ef8	ftp.sra.ebi.ac.uk/vol1/err/ERR133/054/ERR13336354/ERR13336354.bam	4069511586	c3c8eb24e4cc9e389c211335d473705c	ftp.sra.ebi.ac.uk/vol1/run/ERR133/ERR13336354/W0627_seedling_clean_1.fastq.gz;ftp.sra.ebi.ac.uk/vol1/run/ERR133/ERR13336354/W0627_seedling_clean_2.fastq.gz	1983579183;2041377658	c6b06806e3aa82f58e8e92378fc738d0;09986bcad1589f6cab2905d50ad96e78			
ERR13336357	ftp.sra.ebi.ac.uk/vol1/fastq/ERR133/057/ERR13336357/ERR13336357_1.fastq.gz;ftp.sra.ebi.ac.uk/vol1/fastq/ERR133/057/ERR13336357/ERR13336357_2.fastq.gz	2576158602;2643050596	ec3d2df5e910b7b444bb6074cb434052;189fec7fff9b0374d9aa91d51003b05a	ftp.sra.ebi.ac.uk/vol1/err/ERR133/057/ERR13336357/ERR13336357.bam	4987912293	61802f5a17320c7a691aa0811231bb0f	ftp.sra.ebi.ac.uk/vol1/run/ERR133/ERR13336357/W0634_seedling_clean_1.fastq.gz;ftp.sra.ebi.ac.uk/vol1/run/ERR133/ERR13336357/W0634_seedling_clean_2.fastq.gz	2433258437;2501052928	ad045ec6e68d6a761f84f84da2103dd3;ca3943ed7f5e22e2fdff64126bc8939b			
ERR13336359	ftp.sra.ebi.ac.uk/vol1/fastq/ERR133/059/ERR13336359/ERR13336359_1.fastq.gz;ftp.sra.ebi.ac.uk/vol1/fastq/ERR133/059/ERR13336359/ERR13336359_2.fastq.gz	3037365832;3221607612	ead335962270e09b56f3ca1d21c2e7cf;6b207a04c3915af1798f147fb1c6148d	ftp.sra.ebi.ac.uk/vol1/err/ERR133/059/ERR13336359/ERR13336359.bam	6136910668	caa1dc3385aa9968906b1c69988b124c	ftp.sra.ebi.ac.uk/vol1/run/ERR133/ERR13336359/W1080_seedling_clean_1.fastq.gz;ftp.sra.ebi.ac.uk/vol1/run/ERR133/ERR13336359/W1080_seedling_clean_2.fastq.gz	2915919517;3096095317	d4cff696f4a83c1498afa1f5f9d0ed1a;9b2e146d78b226002ec9a96f06907b90			
ERR13336365	ftp.sra.ebi.ac.uk/vol1/fastq/ERR133/065/ERR13336365/ERR13336365_1.fastq.gz;ftp.sra.ebi.ac.uk/vol1/fastq/ERR133/065/ERR13336365/ERR13336365_2.fastq.gz	2707473593;2785319834	bedf8e060cf969ce37dcf3a81c2c3232;14a5a77127d30cc9ed232f1064292703	ftp.sra.ebi.ac.uk/vol1/err/ERR133/065/ERR13336365/ERR13336365.bam	5276708220	f57a716b0f3fa900a602db0b1f16bbbd	ftp.sra.ebi.ac.uk/vol1/run/ERR133/ERR13336365/W1142_seedling_clean_1.fastq.gz;ftp.sra.ebi.ac.uk/vol1/run/ERR133/ERR13336365/W1142_seedling_clean_2.fastq.gz	2555418967;2633978367	41347554a86eb434954bdad533878b18;4d32959d693f7b494fc0622c5e714bee			
ERR13336367	ftp.sra.ebi.ac.uk/vol1/fastq/ERR133/067/ERR13336367/ERR13336367_1.fastq.gz;ftp.sra.ebi.ac.uk/vol1/fastq/ERR133/067/ERR13336367/ERR13336367_2.fastq.gz	3017924175;3068545457	41c9c73cb9c11103b0d43a68f971ab2d;3c6b3a882faac86e546512c755a01eb6	ftp.sra.ebi.ac.uk/vol1/err/ERR133/067/ERR13336367/ERR13336367.bam	5826011996	db2b2e3f6f4c9141d708eaf4ddfd8997	ftp.sra.ebi.ac.uk/vol1/run/ERR133/ERR13336367/W1236_seedling_clean_1.fastq.gz;ftp.sra.ebi.ac.uk/vol1/run/ERR133/ERR13336367/W1236_seedling_clean_2.fastq.gz	2855620203;2906603063	c00b0e38c7781ded972fdb736b3b8ce4;22338c8974fc58df18cc10b9386e87c0			
ERR13336368	ftp.sra.ebi.ac.uk/vol1/fastq/ERR133/068/ERR13336368/ERR13336368_1.fastq.gz;ftp.sra.ebi.ac.uk/vol1/fastq/ERR133/068/ERR13336368/ERR13336368_2.fastq.gz	2675611665;2849787524	a2368697e789b65f81012dfb4beb9b56;b2545f858c69b5d1ad8e75f21ac814d3	ftp.sra.ebi.ac.uk/vol1/err/ERR133/068/ERR13336368/ERR13336368.bam	5270187910	9480ae36a2036a4fb6922f84287b774c	ftp.sra.ebi.ac.uk/vol1/run/ERR133/ERR13336368/W1292_seedling_clean_1.fastq.gz;ftp.sra.ebi.ac.uk/vol1/run/ERR133/ERR13336368/W1292_seedling_clean_2.fastq.gz	2530313176;2704951722	c722a228ba8c20bfb8b91315daf7ed6b;b5f6a202dc1546f29c58a50aaa094e0b			
ERR13336370	ftp.sra.ebi.ac.uk/vol1/fastq/ERR133/070/ERR13336370/ERR13336370_1.fastq.gz;ftp.sra.ebi.ac.uk/vol1/fastq/ERR133/070/ERR13336370/ERR13336370_2.fastq.gz	3180337060;3296221335	c40d5e420024bc9f46fbfe2bb75677ae;378f8092ca4da1922e0862b9585a5948	ftp.sra.ebi.ac.uk/vol1/err/ERR133/070/ERR13336370/ERR13336370.bam	6201538132	74d4651518ceb7504fded4011471c149	ftp.sra.ebi.ac.uk/vol1/run/ERR133/ERR13336370/W1547_seedling_clean_1.fastq.gz;ftp.sra.ebi.ac.uk/vol1/run/ERR133/ERR13336370/W1547_seedling_clean_2.fastq.gz	3006940168;3123442610	2889e8802880cc252b74907f50ec5400;ed7c92e496afe1b4ceaac97dc6dd2807			
ERR13336373	ftp.sra.ebi.ac.uk/vol1/fastq/ERR133/073/ERR13336373/ERR13336373_1.fastq.gz;ftp.sra.ebi.ac.uk/vol1/fastq/ERR133/073/ERR13336373/ERR13336373_2.fastq.gz	2073113682;2094822252	98ba5158a7cfc29b56b1850da48db992;965e98f6b9186c3cd5361c49f49c2388	ftp.sra.ebi.ac.uk/vol1/err/ERR133/073/ERR13336373/ERR13336373.bam	4012311799	86406977de0c32fa12b106eaa990c9b1	ftp.sra.ebi.ac.uk/vol1/run/ERR133/ERR13336373/W1553_seedling_clean_1.fastq.gz;ftp.sra.ebi.ac.uk/vol1/run/ERR133/ERR13336373/W1553_seedling_clean_2.fastq.gz	1952317839;1974064612	aff9c1bfa932c7f9f78ab86167cdea1b;65a8d7cc940c657d798b5cf7fba3d544			
ERR13336374	ftp.sra.ebi.ac.uk/vol1/fastq/ERR133/074/ERR13336374/ERR13336374_1.fastq.gz;ftp.sra.ebi.ac.uk/vol1/fastq/ERR133/074/ERR13336374/ERR13336374_2.fastq.gz	2471876084;2560698529	8623ee8ae0b0d0987b9f750b0b7a8494;e0157e44bddce67f20bc03e5235c35f7	ftp.sra.ebi.ac.uk/vol1/err/ERR133/074/ERR13336374/ERR13336374.bam	4797023184	a951461e8b1f58e352d82e1d44f07536	ftp.sra.ebi.ac.uk/vol1/run/ERR133/ERR13336374/W1556_seedling_clean_1.fastq.gz;ftp.sra.ebi.ac.uk/vol1/run/ERR133/ERR13336374/W1556_seedling_clean_2.fastq.gz	2334896980;2424566542	9e643997239f6826761ae2eef91178be;b44800f9dffd5aa13b164d923f31e30d			
ERR13336379	ftp.sra.ebi.ac.uk/vol1/fastq/ERR133/079/ERR13336379/ERR13336379_1.fastq.gz;ftp.sra.ebi.ac.uk/vol1/fastq/ERR133/079/ERR13336379/ERR13336379_2.fastq.gz	3092562618;2990076492	414ca2b96ea4379691d0a4a5fae7d6d7;b017780d36d2cf80b7f0c89ccd1dbd92	ftp.sra.ebi.ac.uk/vol1/err/ERR133/079/ERR13336379/ERR13336379.bam	6064226152	2a6bf7dbc6b0fcf9cc8074e0f5ebaeda	ftp.sra.ebi.ac.uk/vol1/run/ERR133/ERR13336379/W1668_seedling_clean_1.fastq.gz;ftp.sra.ebi.ac.uk/vol1/run/ERR133/ERR13336379/W1668_seedling_clean_2.fastq.gz	2996016056;2883309319	273ec83cc7284aeeeb58459742643481;9ee3c0db4ebd732dd242fd235c316dff			
ERR13336385	ftp.sra.ebi.ac.uk/vol1/fastq/ERR133/085/ERR13336385/ERR13336385_1.fastq.gz;ftp.sra.ebi.ac.uk/vol1/fastq/ERR133/085/ERR13336385/ERR13336385_2.fastq.gz	2602762731;2770161557	9b8d7642c036d70107bcb0e17d4fcea0;6040e031754aad88004978cccef3d50c	ftp.sra.ebi.ac.uk/vol1/err/ERR133/085/ERR13336385/ERR13336385.bam	5285273636	467ae885c42157c134bacffdf9f80f44	ftp.sra.ebi.ac.uk/vol1/run/ERR133/ERR13336385/W1732_seedling_clean_1.fastq.gz;ftp.sra.ebi.ac.uk/vol1/run/ERR133/ERR13336385/W1732_seedling_clean_2.fastq.gz	2520764345;2688647069	609eb611bb22719cd443687ae7ab571f;dca0ce5d34eeed84702780932b427492			
ERR13336387	ftp.sra.ebi.ac.uk/vol1/fastq/ERR133/087/ERR13336387/ERR13336387_1.fastq.gz;ftp.sra.ebi.ac.uk/vol1/fastq/ERR133/087/ERR13336387/ERR13336387_2.fastq.gz	2208043380;2271383131	483f5f659dc25be7045f0b2283eac947;6ed3f95be5e4281e3e0f1dff3cbcc51b	ftp.sra.ebi.ac.uk/vol1/err/ERR133/087/ERR13336387/ERR13336387.bam	4254873734	5b31703e2f861493a16a8befa77b56bc	ftp.sra.ebi.ac.uk/vol1/run/ERR133/ERR13336387/W1736_seedling_clean_1.fastq.gz;ftp.sra.ebi.ac.uk/vol1/run/ERR133/ERR13336387/W1736_seedling_clean_2.fastq.gz	2086015826;2149657715	67454e2800840bd8beb8dda49bbca536;f11a0b2882456c8177c5e439a97e5633			
ERR13336388	ftp.sra.ebi.ac.uk/vol1/fastq/ERR133/088/ERR13336388/ERR13336388_1.fastq.gz;ftp.sra.ebi.ac.uk/vol1/fastq/ERR133/088/ERR13336388/ERR13336388_2.fastq.gz	2927626308;3446125384	4149091fa3a6ec9ab9a53f69052f8b24;3d9d3e2930b8e1a585c060fe2e15a89f	ftp.sra.ebi.ac.uk/vol1/err/ERR133/088/ERR13336388/ERR13336388.bam	6281069843	b48494db5c7afad5e19e8060cd5c18be	ftp.sra.ebi.ac.uk/vol1/run/ERR133/ERR13336388/W1737_seedling_clean_1.fastq.gz;ftp.sra.ebi.ac.uk/vol1/run/ERR133/ERR13336388/W1737_seedling_clean_2.fastq.gz	2817658240;3340053096	2f190cbfb3562fad6fc91da07ebc791e;5f13be0780c7258008ee0d027e111748			
ERR13336391	ftp.sra.ebi.ac.uk/vol1/fastq/ERR133/091/ERR13336391/ERR13336391_1.fastq.gz;ftp.sra.ebi.ac.uk/vol1/fastq/ERR133/091/ERR13336391/ERR13336391_2.fastq.gz	2460995223;2739125592	d2ca35cda1cac8c20e00e883a5db1b1d;74b7142218cdb77f468adb53c703fe8f	ftp.sra.ebi.ac.uk/vol1/err/ERR133/091/ERR13336391/ERR13336391.bam	5105536515	1670c38dfc93cff827f572c32bbf9659	ftp.sra.ebi.ac.uk/vol1/run/ERR133/ERR13336391/W1750_seedling_clean_1.fastq.gz;ftp.sra.ebi.ac.uk/vol1/run/ERR133/ERR13336391/W1750_seedling_clean_2.fastq.gz	2366421309;2645389949	b39288058c7a8e8feea94d1b09dbc6fc;c5f23936710f57b6951f3766decf1e87			
ERR13336394	ftp.sra.ebi.ac.uk/vol1/fastq/ERR133/094/ERR13336394/ERR13336394_1.fastq.gz;ftp.sra.ebi.ac.uk/vol1/fastq/ERR133/094/ERR13336394/ERR13336394_2.fastq.gz	3218266806;3333586326	eb3cedc8e04c87db78ab3eafbc70ec1b;a64000c91f86cfe5ccf1a94976bec03e	ftp.sra.ebi.ac.uk/vol1/err/ERR133/094/ERR13336394/ERR13336394.bam	6249932303	60c8261f9e6bb3e2d81dc3e03caaa4ce	ftp.sra.ebi.ac.uk/vol1/run/ERR133/ERR13336394/W1787_seedling_clean_1.fastq.gz;ftp.sra.ebi.ac.uk/vol1/run/ERR133/ERR13336394/W1787_seedling_clean_2.fastq.gz	3042965204;3158920810	883dc7a8928475db78e37aa2461ade3f;58283fd91f482c2ff90a2748adeffc6a			
ERR13336404	ftp.sra.ebi.ac.uk/vol1/fastq/ERR133/004/ERR13336404/ERR13336404_1.fastq.gz;ftp.sra.ebi.ac.uk/vol1/fastq/ERR133/004/ERR13336404/ERR13336404_2.fastq.gz	2335690276;2413679525	778f700023b66ce56d7bfca408ed29ad;07c356f83f3b7ef5c5943fbb868b5285	ftp.sra.ebi.ac.uk/vol1/err/ERR133/004/ERR13336404/ERR13336404.bam	4530395624	9fbd2c8da207914c1a9c5d7f30a18ff2	ftp.sra.ebi.ac.uk/vol1/run/ERR133/ERR13336404/W1970_seedling_clean_1.fastq.gz;ftp.sra.ebi.ac.uk/vol1/run/ERR133/ERR13336404/W1970_seedling_clean_2.fastq.gz	2207683506;2286100388	b3a89ca6382bb320a65ce7aced19ef47;9f5d6ccc6804f8e7a8cc6457d0c4b208			
ERR13336409	ftp.sra.ebi.ac.uk/vol1/fastq/ERR133/009/ERR13336409/ERR13336409_1.fastq.gz;ftp.sra.ebi.ac.uk/vol1/fastq/ERR133/009/ERR13336409/ERR13336409_2.fastq.gz	4961115254;5100998176	719d770a390b1c188b90e1b4f3a340b7;a3ab8b813fcbf6afdb2ebaf6b33097a9	ftp.sra.ebi.ac.uk/vol1/err/ERR133/009/ERR13336409/ERR13336409.bam	9848250622	654f65e66d159209bf4cce0a8f1dee59	ftp.sra.ebi.ac.uk/vol1/run/ERR133/ERR13336409/W2051_seedling_clean_1.fastq.gz;ftp.sra.ebi.ac.uk/vol1/run/ERR133/ERR13336409/W2051_seedling_clean_2.fastq.gz	4848245003;4988606129	7bd28c4278467d0ecfa9c4a458542e39;ab65af8c443ddce678130661736f9b99			
ERR13336410	ftp.sra.ebi.ac.uk/vol1/fastq/ERR133/010/ERR13336410/ERR13336410.fastq.gz;ftp.sra.ebi.ac.uk/vol1/fastq/ERR133/010/ERR13336410/ERR13336410_1.fastq.gz;ftp.sra.ebi.ac.uk/vol1/fastq/ERR133/010/ERR13336410/ERR13336410_2.fastq.gz	983785529;2094782471;2214972686	0de3f2efff5c746b9d5b1e94100a897d;062d2e7d3ad3788eb328bf7a974ffc0b;f1abf9a22f1079be26a86a15a6712f76	ftp.sra.ebi.ac.uk/vol1/err/ERR133/010/ERR13336410/ERR13336410.bam	5172949830	7ead377372b86ef9453ef32af4d3c15a	ftp.sra.ebi.ac.uk/vol1/run/ERR133/ERR13336410/W2053_seedling_clean_1.fastq.gz;ftp.sra.ebi.ac.uk/vol1/run/ERR133/ERR13336410/W2053_seedling_clean_2.fastq.gz	2441263128;2636360893	3651c17eaf024f6dec7ea562903e7c69;c3f1c904c08efc2efd041ccbdc0c1dc4			
ERR13336412	ftp.sra.ebi.ac.uk/vol1/fastq/ERR133/012/ERR13336412/ERR13336412_1.fastq.gz;ftp.sra.ebi.ac.uk/vol1/fastq/ERR133/012/ERR13336412/ERR13336412_2.fastq.gz	3151687745;3249621831	300eff17ef44d166a4bd027468a0ec12;b3794db0779756caa960b27135a1df05	ftp.sra.ebi.ac.uk/vol1/err/ERR133/012/ERR13336412/ERR13336412.bam	6111356191	afbb74a9493ea1a1a50f21cf9d3a9f58	ftp.sra.ebi.ac.uk/vol1/run/ERR133/ERR13336412/W2066_seedling_clean_1.fastq.gz;ftp.sra.ebi.ac.uk/vol1/run/ERR133/ERR13336412/W2066_seedling_clean_2.fastq.gz	2979424914;3077829788	1708d7a042cebc1c212cc8a61fe2dad5;9cc80b6954c53b2ad5a4798a7d193791			
ERR13336415							ftp.sra.ebi.ac.uk/vol1/run/ERR133/ERR13336415/W2267_seedling_clean_1.fastq.gz;ftp.sra.ebi.ac.uk/vol1/run/ERR133/ERR13336415/W2267_seedling_clean_2.fastq.gz	3754038259;3799476429	d3e181cece66c33813d52c21e3b92616;3df55be5b4c879e9c27009acb6b76335			
ERR13336419	ftp.sra.ebi.ac.uk/vol1/fastq/ERR133/019/ERR13336419/ERR13336419_1.fastq.gz;ftp.sra.ebi.ac.uk/vol1/fastq/ERR133/019/ERR13336419/ERR13336419_2.fastq.gz	4223687623;4385568229	3cc7c45088e897987905146ce05822a7;d3ffd060c529bb1732935442fff505e9	ftp.sra.ebi.ac.uk/vol1/err/ERR133/019/ERR13336419/ERR13336419.bam	8545569517	4052473702bfb37e8119c06d67266b77	ftp.sra.ebi.ac.uk/vol1/run/ERR133/ERR13336419/W2308_seedling_clean_1.fastq.gz;ftp.sra.ebi.ac.uk/vol1/run/ERR133/ERR13336419/W2308_seedling_clean_2.fastq.gz	4108004219;4269320957	c338a8f04b529b08063044793177349b;23982c38fa6f9f18dff37a931c353c7b			
ERR13336421	ftp.sra.ebi.ac.uk/vol1/fastq/ERR133/021/ERR13336421/ERR13336421_1.fastq.gz;ftp.sra.ebi.ac.uk/vol1/fastq/ERR133/021/ERR13336421/ERR13336421_2.fastq.gz	2980505098;3027882834	ecfd3af206fadb28525fa500a9b98003;b15ddbda61ca7305fb439dfac8657107	ftp.sra.ebi.ac.uk/vol1/err/ERR133/021/ERR13336421/ERR13336421.bam	5755293547	0c3a840490c7022ddff2b7ffbdc5f86e	ftp.sra.ebi.ac.uk/vol1/run/ERR133/ERR13336421/W2311_seedling_clean_1.fastq.gz;ftp.sra.ebi.ac.uk/vol1/run/ERR133/ERR13336421/W2311_seedling_clean_2.fastq.gz	2818411231;2866219616	f7d11da96ca6551badd1890ab9e080ae;dd0288fc759b2d570b88947c5f7dc18f			
ERR13336423	ftp.sra.ebi.ac.uk/vol1/fastq/ERR133/023/ERR13336423/ERR13336423_1.fastq.gz;ftp.sra.ebi.ac.uk/vol1/fastq/ERR133/023/ERR13336423/ERR13336423_2.fastq.gz	2554018875;2618127731	bf29af24c4e7aeef11e9a630de9e6b52;249baa05baa7f33b1c1be24bea75b91b	ftp.sra.ebi.ac.uk/vol1/err/ERR133/023/ERR13336423/ERR13336423.bam	4926466997	a14f98048506f9d6e81dd34b460b3868	ftp.sra.ebi.ac.uk/vol1/run/ERR133/ERR13336423/W2319_seedling_clean_1.fastq.gz;ftp.sra.ebi.ac.uk/vol1/run/ERR133/ERR13336423/W2319_seedling_clean_2.fastq.gz	2412802869;2477395997	26d9949f0f5ed59a8bd004af6daeb945;a3a4c9815c91b106e80280704f8577d3			
ERR13336424	ftp.sra.ebi.ac.uk/vol1/fastq/ERR133/024/ERR13336424/ERR13336424_1.fastq.gz;ftp.sra.ebi.ac.uk/vol1/fastq/ERR133/024/ERR13336424/ERR13336424_2.fastq.gz	2986408896;3060436933	07b8a103a60d36647ddd425e3dd1e643;fcc21b91fff087597f9543c7159b2f7e	ftp.sra.ebi.ac.uk/vol1/err/ERR133/024/ERR13336424/ERR13336424.bam	5782421646	e9b1f6c830fe87c80b2024ab7ef96110	ftp.sra.ebi.ac.uk/vol1/run/ERR133/ERR13336424/W2320_seedling_clean_1.fastq.gz;ftp.sra.ebi.ac.uk/vol1/run/ERR133/ERR13336424/W2320_seedling_clean_2.fastq.gz	2821535582;2895991591	9dc529b6e0049660354445a0cbfdf276;48be4271228c1b44cc2d1e5b9ba0d0e7			
ERR13336426	ftp.sra.ebi.ac.uk/vol1/fastq/ERR133/026/ERR13336426/ERR13336426_1.fastq.gz;ftp.sra.ebi.ac.uk/vol1/fastq/ERR133/026/ERR13336426/ERR13336426_2.fastq.gz	2594711571;2672534684	19e9a382141511b3ad1eb5850fc7387b;812d05e1b205b0ce77c3ce5f0281d5d3	ftp.sra.ebi.ac.uk/vol1/err/ERR133/026/ERR13336426/ERR13336426.bam	5020402968	37da9f3ed938c8d59fce9bbcfb259c7e	ftp.sra.ebi.ac.uk/vol1/run/ERR133/ERR13336426/W2332_seedling_clean_1.fastq.gz;ftp.sra.ebi.ac.uk/vol1/run/ERR133/ERR13336426/W2332_seedling_clean_2.fastq.gz	2451961638;2530402472	a0869fe113d274ad04dda76d6758e426;d385479abe0d1e06b6482d335c1bfd1c			
ERR13336429	ftp.sra.ebi.ac.uk/vol1/fastq/ERR133/029/ERR13336429/ERR13336429_1.fastq.gz;ftp.sra.ebi.ac.uk/vol1/fastq/ERR133/029/ERR13336429/ERR13336429_2.fastq.gz	2808461434;2909090400	e70f7360b87f7c962ac57ace2390f1db;639168e9091bfe590a498c92ef391b89	ftp.sra.ebi.ac.uk/vol1/err/ERR133/029/ERR13336429/ERR13336429.bam	5450222652	aed10d533b74c63e35ad533ba19e5cc7	ftp.sra.ebi.ac.uk/vol1/run/ERR133/ERR13336429/W3009_seedling_clean_1.fastq.gz;ftp.sra.ebi.ac.uk/vol1/run/ERR133/ERR13336429/W3009_seedling_clean_2.fastq.gz	2653799877;2755006208	1760e45a65cf8d868c61a47e01442d28;f7b84e2e60e8067c817897cff87a3b99			
ERR13336430	ftp.sra.ebi.ac.uk/vol1/fastq/ERR133/030/ERR13336430/ERR13336430_1.fastq.gz;ftp.sra.ebi.ac.uk/vol1/fastq/ERR133/030/ERR13336430/ERR13336430_2.fastq.gz	2535198571;2600825552	4284699bc0c95853efb9fabf9162d615;60e546e9d3fd92dacc6ec30e027810ad	ftp.sra.ebi.ac.uk/vol1/err/ERR133/030/ERR13336430/ERR13336430.bam	4892316493	420a12ec16507606c39147a78418f191	ftp.sra.ebi.ac.uk/vol1/run/ERR133/ERR13336430/W3012_seedling_clean_1.fastq.gz;ftp.sra.ebi.ac.uk/vol1/run/ERR133/ERR13336430/W3012_seedling_clean_2.fastq.gz	2395126387;2461258419	d3d0153612d44ae79d5e290c38f3ffeb;2aea2d3fd4e171fe6edab1d031520193			
ERR13336435	ftp.sra.ebi.ac.uk/vol1/fastq/ERR133/035/ERR13336435/ERR13336435_1.fastq.gz;ftp.sra.ebi.ac.uk/vol1/fastq/ERR133/035/ERR13336435/ERR13336435_2.fastq.gz	2421837675;2515179497	816818e5eedb8ab106e65ae7ef0886b9;12904c1249658a37b590f9d228477a78	ftp.sra.ebi.ac.uk/vol1/err/ERR133/035/ERR13336435/ERR13336435.bam	4723954857	5214b8b13d87c537c6964ad1f97088f1	ftp.sra.ebi.ac.uk/vol1/run/ERR133/ERR13336435/W3040_seedling_clean_1.fastq.gz;ftp.sra.ebi.ac.uk/vol1/run/ERR133/ERR13336435/W3040_seedling_clean_2.fastq.gz	2285618367;2379543636	71a732363fe0b9899290ba8271410799;8fdb4066b71109d41cc9dd532a63f823			
ERR13336440	ftp.sra.ebi.ac.uk/vol1/fastq/ERR133/040/ERR13336440/ERR13336440_1.fastq.gz;ftp.sra.ebi.ac.uk/vol1/fastq/ERR133/040/ERR13336440/ERR13336440_2.fastq.gz	3341232280;3539558454	b85548a555cfb40eaf7c37b123ebf80a;65c2b7d4e7e68c4ba7665ec587b17203	ftp.sra.ebi.ac.uk/vol1/err/ERR133/040/ERR13336440/ERR13336440.bam	6778227712	afb8138a652bf987575b9b6b77805c20	ftp.sra.ebi.ac.uk/vol1/run/ERR133/ERR13336440/W3054_seedling_clean_1.fastq.gz;ftp.sra.ebi.ac.uk/vol1/run/ERR133/ERR13336440/W3054_seedling_clean_2.fastq.gz	3223497248;3421239672	5629d7b0b72d6b882ef45ec49d574f89;c452e568752a54669c42753fdd944de7			
ERR13336443	ftp.sra.ebi.ac.uk/vol1/fastq/ERR133/043/ERR13336443/ERR13336443_1.fastq.gz;ftp.sra.ebi.ac.uk/vol1/fastq/ERR133/043/ERR13336443/ERR13336443_2.fastq.gz	2726992108;3060434871	7d89fa23c4dc100281530c4693fbd2ef;39e7ea1001ecf014fcf2ef8cb8fe29fd	ftp.sra.ebi.ac.uk/vol1/err/ERR133/043/ERR13336443/ERR13336443.bam	5740778563	98728fd375d961f532db8a8f33c34e8a	ftp.sra.ebi.ac.uk/vol1/run/ERR133/ERR13336443/W3071_seedling_clean_1.fastq.gz;ftp.sra.ebi.ac.uk/vol1/run/ERR133/ERR13336443/W3071_seedling_clean_2.fastq.gz	2635902268;2967183434	052b46449b48a35edeb55eccf32cbe88;6b88651658ad136c8c49279fc118de6a			
ERR13336447	ftp.sra.ebi.ac.uk/vol1/fastq/ERR133/047/ERR13336447/ERR13336447_1.fastq.gz;ftp.sra.ebi.ac.uk/vol1/fastq/ERR133/047/ERR13336447/ERR13336447_2.fastq.gz	1959963016;2031837123	f5af1fd8d9e7d401acb57258a80447ee;a29a7172c60b09d200f2727172ee6fb4	ftp.sra.ebi.ac.uk/vol1/err/ERR133/047/ERR13336447/ERR13336447.bam	3797191916	75497353cc422f3e6f960a490066a025	ftp.sra.ebi.ac.uk/vol1/run/ERR133/ERR13336447/W3090_seedling_clean_1.fastq.gz;ftp.sra.ebi.ac.uk/vol1/run/ERR133/ERR13336447/W3090_seedling_clean_2.fastq.gz	1851123617;1923330364	26e8cb9ed2eb3dea2f77cd0cb39a3a9d;d82f3aeb44321f701abd1844e6f74d50			
ERR13336448	ftp.sra.ebi.ac.uk/vol1/fastq/ERR133/048/ERR13336448/ERR13336448_1.fastq.gz;ftp.sra.ebi.ac.uk/vol1/fastq/ERR133/048/ERR13336448/ERR13336448_2.fastq.gz	2422607556;2703251138	1fb982ef83abd52a6a707dfe5d5e1a76;62545033fb1c20208f03a4987e3ef48b	ftp.sra.ebi.ac.uk/vol1/err/ERR133/048/ERR13336448/ERR13336448.bam	5032467060	d7bd885a8432ef3b0d04a730642e9b43	ftp.sra.ebi.ac.uk/vol1/run/ERR133/ERR13336448/W3092_seedling_clean_1.fastq.gz;ftp.sra.ebi.ac.uk/vol1/run/ERR133/ERR13336448/W3092_seedling_clean_2.fastq.gz	2323203322;2604595805	ae8f2c4165a74b1115082e66a20016ad;a5a1813ba9848d688d16ca16cf14eae6			
ERR13336451	ftp.sra.ebi.ac.uk/vol1/fastq/ERR133/051/ERR13336451/ERR13336451_1.fastq.gz;ftp.sra.ebi.ac.uk/vol1/fastq/ERR133/051/ERR13336451/ERR13336451_2.fastq.gz	2883884175;2950754132	b7b8f36457841ff1b8e6c87eb78df2f1;f609bb03fb8df5da7545fc1df3f1866b	ftp.sra.ebi.ac.uk/vol1/err/ERR133/051/ERR13336451/ERR13336451.bam	5607126237	1e5a8e8be8aaad1693c8429695cca1b8	ftp.sra.ebi.ac.uk/vol1/run/ERR133/ERR13336451/Gla4_leaf_clean_1.fastq.gz;ftp.sra.ebi.ac.uk/vol1/run/ERR133/ERR13336451/Gla4_leaf_clean_2.fastq.gz	2720514348;2785070170	b94c0d37158ffe424fa305294acb69df;c6bf6d9786996c5a4ef7e4e34f5bf824			
ERR13336452	ftp.sra.ebi.ac.uk/vol1/fastq/ERR133/052/ERR13336452/ERR13336452_1.fastq.gz;ftp.sra.ebi.ac.uk/vol1/fastq/ERR133/052/ERR13336452/ERR13336452_2.fastq.gz	3545332241;3685473520	06bc1bab24dc93eb44e4a6be7801bf73;ccb1034c4778fcc39160d21d4bae6315	ftp.sra.ebi.ac.uk/vol1/err/ERR133/052/ERR13336452/ERR13336452.bam	7115526380	074dec51e686ccc730af47c5367b9759	ftp.sra.ebi.ac.uk/vol1/run/ERR133/ERR13336452/GP100_leaf_clean_1.fastq.gz;ftp.sra.ebi.ac.uk/vol1/run/ERR133/ERR13336452/GP100_leaf_clean_2.fastq.gz	3434638037;3573631456	cb86a422eaf1b23135d6c3d852bc4f91;5b74ffbc073b9db01be3896b72163daf			
ERR13336455	ftp.sra.ebi.ac.uk/vol1/fastq/ERR133/055/ERR13336455/ERR13336455_1.fastq.gz;ftp.sra.ebi.ac.uk/vol1/fastq/ERR133/055/ERR13336455/ERR13336455_2.fastq.gz	3408759959;3554974781	39faa9ce005768aca7ba09fdf8f6f517;a79c43534b4a733fd9f0d99bbab34f1e	ftp.sra.ebi.ac.uk/vol1/err/ERR133/055/ERR13336455/ERR13336455.bam	6839300392	696953dafddcd8b1a0aca42b01d24a37	ftp.sra.ebi.ac.uk/vol1/run/ERR133/ERR13336455/GP505_leaf_clean_1.fastq.gz;ftp.sra.ebi.ac.uk/vol1/run/ERR133/ERR13336455/GP505_leaf_clean_2.fastq.gz	3302571878;3447643881	154d549daaf4e1e88d5fbc0b7dd9d3bf;e7401060ba0efdedd2bee421874057bf			
ERR13336466	ftp.sra.ebi.ac.uk/vol1/fastq/ERR133/066/ERR13336466/ERR13336466_1.fastq.gz;ftp.sra.ebi.ac.uk/vol1/fastq/ERR133/066/ERR13336466/ERR13336466_2.fastq.gz	2730042500;2797683091	7bdda3824a23dad765dbffd12d220fd9;82cf190df24d0352055880fb09f48b2a	ftp.sra.ebi.ac.uk/vol1/err/ERR133/066/ERR13336466/ERR13336466.bam	5305163369	247ab033fbcc3309b789c80e689b0425	ftp.sra.ebi.ac.uk/vol1/run/ERR133/ERR13336466/OL2296_leaf_clean_1.fastq.gz;ftp.sra.ebi.ac.uk/vol1/run/ERR133/ERR13336466/OL2296_leaf_clean_2.fastq.gz	2579009023;2646984680	8cfbd259094b7659bbd73b962b480179;beeb5f647d34bc1451250261d4338c17			
ERR13336468	ftp.sra.ebi.ac.uk/vol1/fastq/ERR133/068/ERR13336468/ERR13336468_1.fastq.gz;ftp.sra.ebi.ac.uk/vol1/fastq/ERR133/068/ERR13336468/ERR13336468_2.fastq.gz	2887023270;2935129559	d74e87fe7575799e0699ce7b7e620923;a7d69742c87d5dd75cf140f8bcec7fb2	ftp.sra.ebi.ac.uk/vol1/err/ERR133/068/ERR13336468/ERR13336468.bam	5580901869	7d2d48d3d09646a3ab249920df5df57b	ftp.sra.ebi.ac.uk/vol1/run/ERR133/ERR13336468/OL3102_leaf_clean_1.fastq.gz;ftp.sra.ebi.ac.uk/vol1/run/ERR133/ERR13336468/OL3102_leaf_clean_2.fastq.gz	2726082379;2774503064	545177247b38084c28ff5c9b037e024a;ecd0bb772b783b02775bd4e8393e1f61			
ERR13336481	ftp.sra.ebi.ac.uk/vol1/fastq/ERR133/081/ERR13336481/ERR13336481_1.fastq.gz;ftp.sra.ebi.ac.uk/vol1/fastq/ERR133/081/ERR13336481/ERR13336481_2.fastq.gz	2870661143;2869034265	ea2d473eb437f3e4b6332c4c88203a0b;7fb9d646cafe0526f3016dda7659b447	ftp.sra.ebi.ac.uk/vol1/err/ERR133/081/ERR13336481/ERR13336481.bam	5681921035	503901b1eebbbd3bbd16a1f998a1de3a	ftp.sra.ebi.ac.uk/vol1/run/ERR133/ERR13336481/W0157_leaf_clean_1.fastq.gz;ftp.sra.ebi.ac.uk/vol1/run/ERR133/ERR13336481/W0157_leaf_clean_2.fastq.gz	2784368492;2777519232	c0e08f7495963810784feb9759bb2acd;78faffea185d3443dc60d2baae376864			
ERR13336482	ftp.sra.ebi.ac.uk/vol1/fastq/ERR133/082/ERR13336482/ERR13336482_1.fastq.gz;ftp.sra.ebi.ac.uk/vol1/fastq/ERR133/082/ERR13336482/ERR13336482_2.fastq.gz	3165943594;3320032064	2e273bf682844620d4876107858f94af;aea1848196a58f3924699cb7549473cc	ftp.sra.ebi.ac.uk/vol1/err/ERR133/082/ERR13336482/ERR13336482.bam	6448515993	ace5cffadf5c549f3609cb4c00643ede	ftp.sra.ebi.ac.uk/vol1/run/ERR133/ERR13336482/W0164_leaf_clean_1.fastq.gz;ftp.sra.ebi.ac.uk/vol1/run/ERR133/ERR13336482/W0164_leaf_clean_2.fastq.gz	3047762880;3198136412	5db0f33abb7c68fd71dd80f4dabd5697;45c61addd9b32e60610263df3b6ff698			
ERR13336484	ftp.sra.ebi.ac.uk/vol1/fastq/ERR133/084/ERR13336484/ERR13336484_1.fastq.gz;ftp.sra.ebi.ac.uk/vol1/fastq/ERR133/084/ERR13336484/ERR13336484_2.fastq.gz	2509848234;2582230859	f1313661464a8ab31edf1ab34f0a54c1;3e8a9f8fe500320f4ab6280b00e2ec5c	ftp.sra.ebi.ac.uk/vol1/err/ERR133/084/ERR13336484/ERR13336484.bam	4854778377	6f44722703ae5823ee4c249fe2182a85	ftp.sra.ebi.ac.uk/vol1/run/ERR133/ERR13336484/W0169_leaf_clean_1.fastq.gz;ftp.sra.ebi.ac.uk/vol1/run/ERR133/ERR13336484/W0169_leaf_clean_2.fastq.gz	2369378729;2441882435	e65207c9d00127b4e628e1ab3b135672;13f8f0921d6ef0938ad3cb0b1d294f93			
ERR13336487	ftp.sra.ebi.ac.uk/vol1/fastq/ERR133/087/ERR13336487/ERR13336487_1.fastq.gz;ftp.sra.ebi.ac.uk/vol1/fastq/ERR133/087/ERR13336487/ERR13336487_2.fastq.gz	2598220554;2655422622	46f7a934919db8655e57351c0a01b017;0f8036c4bb22f6fbb993edd65da2cdcc	ftp.sra.ebi.ac.uk/vol1/err/ERR133/087/ERR13336487/ERR13336487.bam	5012795249	546433b77b18d19e55a91611dd6945b3	ftp.sra.ebi.ac.uk/vol1/run/ERR133/ERR13336487/W0180_leaf_clean_1.fastq.gz;ftp.sra.ebi.ac.uk/vol1/run/ERR133/ERR13336487/W0180_leaf_clean_2.fastq.gz	2453311942;2510610264	cec54bf66ac3bea45cc1526b92021be3;8a876050655f8b866de81c8e23c068de			
ERR13336493	ftp.sra.ebi.ac.uk/vol1/fastq/ERR133/093/ERR13336493/ERR13336493_1.fastq.gz;ftp.sra.ebi.ac.uk/vol1/fastq/ERR133/093/ERR13336493/ERR13336493_2.fastq.gz	3117196249;3426927072	10cc89a41e24f690c5c19722a87150e3;a55676ab320b04a7c204bf0302ea98e8	ftp.sra.ebi.ac.uk/vol1/err/ERR133/093/ERR13336493/ERR13336493.bam	6442730304	ab3ea7f72e124c06bb9a39a7fab65e1b	ftp.sra.ebi.ac.uk/vol1/run/ERR133/ERR13336493/W0600_leaf_clean_1.fastq.gz;ftp.sra.ebi.ac.uk/vol1/run/ERR133/ERR13336493/W0600_leaf_clean_2.fastq.gz	2998937161;3309948646	5df8b686a7040298410a069fdc30bccd;88814dad1f17fa0b1002020afa619e6d			
ERR13336508	ftp.sra.ebi.ac.uk/vol1/fastq/ERR133/008/ERR13336508/ERR13336508_1.fastq.gz;ftp.sra.ebi.ac.uk/vol1/fastq/ERR133/008/ERR13336508/ERR13336508_2.fastq.gz	3087512173;3091290349	9227e07e495873e4713d36ebcb509468;a7bb56f5675553b7035e6cba2f230ade	ftp.sra.ebi.ac.uk/vol1/err/ERR133/008/ERR13336508/ERR13336508.bam	5974404878	6c4f6f5f1e45bdb0968fe1548c0a6e00	ftp.sra.ebi.ac.uk/vol1/run/ERR133/ERR13336508/W1292_leaf_clean_1.fastq.gz;ftp.sra.ebi.ac.uk/vol1/run/ERR133/ERR13336508/W1292_leaf_clean_2.fastq.gz	2919948731;2924052288	140b75621d623ed3745dbc40b68c5e99;f500ac3dd6f2b5b89e4980dafedbf035			
ERR13336511	ftp.sra.ebi.ac.uk/vol1/fastq/ERR133/011/ERR13336511/ERR13336511_1.fastq.gz;ftp.sra.ebi.ac.uk/vol1/fastq/ERR133/011/ERR13336511/ERR13336511_2.fastq.gz	3428057459;3748617490	dd4201d08bd6f872c33d5cd538abfb87;140880c030bd4b921818410caa0acada	ftp.sra.ebi.ac.uk/vol1/err/ERR133/011/ERR13336511/ERR13336511.bam	7050821599	64faf84b0765363a585a4608e9eabe96	ftp.sra.ebi.ac.uk/vol1/run/ERR133/ERR13336511/W1550_leaf_clean_1.fastq.gz;ftp.sra.ebi.ac.uk/vol1/run/ERR133/ERR13336511/W1550_leaf_clean_2.fastq.gz	3309296531;3630272026	54f6400d8576495090eed270bd424101;7aac4acc6d60b06fe20e823128826fc6			
ERR13336512	ftp.sra.ebi.ac.uk/vol1/fastq/ERR133/012/ERR13336512/ERR13336512_1.fastq.gz;ftp.sra.ebi.ac.uk/vol1/fastq/ERR133/012/ERR13336512/ERR13336512_2.fastq.gz	2707520350;2755351255	6093a797563aafb2d024bebb3cab14e2;8d553939ecac432bd7498a39478f99fb	ftp.sra.ebi.ac.uk/vol1/err/ERR133/012/ERR13336512/ERR13336512.bam	5229003425	992cea2147dc7860fbf100bc5b0cb872	ftp.sra.ebi.ac.uk/vol1/run/ERR133/ERR13336512/W1552_leaf_clean_1.fastq.gz;ftp.sra.ebi.ac.uk/vol1/run/ERR133/ERR13336512/W1552_leaf_clean_2.fastq.gz	2557906532;2605947643	197cb87cdfeab1a7a58da704e52e6410;007bd58e2cd968ab1d52ac44bb6394ee			
ERR13336513	ftp.sra.ebi.ac.uk/vol1/fastq/ERR133/013/ERR13336513/ERR13336513_1.fastq.gz;ftp.sra.ebi.ac.uk/vol1/fastq/ERR133/013/ERR13336513/ERR13336513_2.fastq.gz	3055169578;3068741314	3ce88ea39acdf179ceb028fa8165e265;9275115f3faf13594d412cd88144d227	ftp.sra.ebi.ac.uk/vol1/err/ERR133/013/ERR13336513/ERR13336513.bam	5929281461	5debb46a2e2e12d08bd621f6725e585c	ftp.sra.ebi.ac.uk/vol1/run/ERR133/ERR13336513/W1553_leaf_clean_1.fastq.gz;ftp.sra.ebi.ac.uk/vol1/run/ERR133/ERR13336513/W1553_leaf_clean_2.fastq.gz	2886503287;2900357086	42c635e9a3a5e9f95212c5bc36612cf6;c0f4bc0e3b80f17299accd4340f5483a			
ERR13336516	ftp.sra.ebi.ac.uk/vol1/fastq/ERR133/016/ERR13336516/ERR13336516_1.fastq.gz;ftp.sra.ebi.ac.uk/vol1/fastq/ERR133/016/ERR13336516/ERR13336516_2.fastq.gz	2590600116;2652153482	89ae91002392126486a22ef4e44b210a;d5af5805a9b90987c81a2730cb059520	ftp.sra.ebi.ac.uk/vol1/err/ERR133/016/ERR13336516/ERR13336516.bam	5007229202	7e4af7459f692b5a5f386f1721b1a454	ftp.sra.ebi.ac.uk/vol1/run/ERR133/ERR13336516/W1559_leaf_clean_1.fastq.gz;ftp.sra.ebi.ac.uk/vol1/run/ERR133/ERR13336516/W1559_leaf_clean_2.fastq.gz	2445008447;2506686139	a5eb992306169d52788fe39e884d2dfd;68db03f97c028f3d34f47b68b7aa30cb			
ERR13336518	ftp.sra.ebi.ac.uk/vol1/fastq/ERR133/018/ERR13336518/ERR13336518_1.fastq.gz;ftp.sra.ebi.ac.uk/vol1/fastq/ERR133/018/ERR13336518/ERR13336518_2.fastq.gz	2608658603;2670084336	b3a6a343533dea200fb1e5ecf0b9e67a;d03911c35cb2b6e304aa30d7adb87e2b	ftp.sra.ebi.ac.uk/vol1/err/ERR133/018/ERR13336518/ERR13336518.bam	5034652331	64b9036ff0f23dae797efde028fc9437	ftp.sra.ebi.ac.uk/vol1/run/ERR133/ERR13336518/W1666_leaf_clean_1.fastq.gz;ftp.sra.ebi.ac.uk/vol1/run/ERR133/ERR13336518/W1666_leaf_clean_2.fastq.gz	2463212336;2524947756	3e4af6803e3494fd6340fbc95fae0b39;686e9e63f52bf9d88102e6bfd52dc492			
ERR13336520	ftp.sra.ebi.ac.uk/vol1/fastq/ERR133/020/ERR13336520/ERR13336520_1.fastq.gz;ftp.sra.ebi.ac.uk/vol1/fastq/ERR133/020/ERR13336520/ERR13336520_2.fastq.gz	2624611286;2675891864	76fcbf4794f1b752d965c763c9fa6902;c74181edbd1b208f845b99861b092f73	ftp.sra.ebi.ac.uk/vol1/err/ERR133/020/ERR13336520/ERR13336520.bam	5059963702	4b0d24e6693dbef23b843f24c9614705	ftp.sra.ebi.ac.uk/vol1/run/ERR133/ERR13336520/W1677_leaf_clean_1.fastq.gz;ftp.sra.ebi.ac.uk/vol1/run/ERR133/ERR13336520/W1677_leaf_clean_2.fastq.gz	2478161841;2529341796	9bac701f8517f4fce022cb1e0027fbc4;8620b32995fde7a2c0d0f049aa6a4aa4			
ERR13336523	ftp.sra.ebi.ac.uk/vol1/fastq/ERR133/023/ERR13336523/ERR13336523_1.fastq.gz;ftp.sra.ebi.ac.uk/vol1/fastq/ERR133/023/ERR13336523/ERR13336523_2.fastq.gz	2623328570;2681993083	95dd6dc6ebb153dbeddc9bf6077a4758;132d5107d40f8d2a3414a550a285a851	ftp.sra.ebi.ac.uk/vol1/err/ERR133/023/ERR13336523/ERR13336523.bam	5062938353	864e66fc58b92d8b4bda330d87e61af7	ftp.sra.ebi.ac.uk/vol1/run/ERR133/ERR13336523/W1719_leaf_clean_1.fastq.gz;ftp.sra.ebi.ac.uk/vol1/run/ERR133/ERR13336523/W1719_leaf_clean_2.fastq.gz	2476592995;2535463311	c9b5182a683294f92a52dc8cce769327;9df788aae1979953c2fc2e9c4390af36			
ERR13336524	ftp.sra.ebi.ac.uk/vol1/fastq/ERR133/024/ERR13336524/ERR13336524_1.fastq.gz;ftp.sra.ebi.ac.uk/vol1/fastq/ERR133/024/ERR13336524/ERR13336524_2.fastq.gz	3838955283;4003476366	1156cbe0eeba6d1b1f9940ab3b183091;11da3958c2833af0489bff6f7d992080	ftp.sra.ebi.ac.uk/vol1/err/ERR133/024/ERR13336524/ERR13336524.bam	7658505970	23f88e9eb2d6ad754991d400338f8ebd	ftp.sra.ebi.ac.uk/vol1/run/ERR133/ERR13336524/W1723_leaf_clean_1.fastq.gz;ftp.sra.ebi.ac.uk/vol1/run/ERR133/ERR13336524/W1723_leaf_clean_2.fastq.gz	3697302164;3857869398	c24214e576a89df589e0d9cea0924ccf;20bef8e36a01ea5c01b0db1a3a507ba9			
ERR13336527	ftp.sra.ebi.ac.uk/vol1/fastq/ERR133/027/ERR13336527/ERR13336527_1.fastq.gz;ftp.sra.ebi.ac.uk/vol1/fastq/ERR133/027/ERR13336527/ERR13336527_2.fastq.gz	2591124659;2640762967	b287f2636a4c72a2c9bfc158677124c5;70f7e12ad4d05b9595dc076149ebceb4	ftp.sra.ebi.ac.uk/vol1/err/ERR133/027/ERR13336527/ERR13336527.bam	4998954095	b9eb03c4826c06be9f087e3e8b4689d0	ftp.sra.ebi.ac.uk/vol1/run/ERR133/ERR13336527/W1731_leaf_clean_1.fastq.gz;ftp.sra.ebi.ac.uk/vol1/run/ERR133/ERR13336527/W1731_leaf_clean_2.fastq.gz	2446014548;2495740567	1b233861cfc945503c34c759a029432c;550d66cf4a89754176ed6bd1b59a2cb7			
ERR13336532	ftp.sra.ebi.ac.uk/vol1/fastq/ERR133/032/ERR13336532/ERR13336532_1.fastq.gz;ftp.sra.ebi.ac.uk/vol1/fastq/ERR133/032/ERR13336532/ERR13336532_2.fastq.gz	2609315433;2709027867	80397a9edcae8fdfc2bcb59fe6bf01fd;ea196cdf88eadb5bb2b66ad4d3e6cf7a	ftp.sra.ebi.ac.uk/vol1/err/ERR133/032/ERR13336532/ERR13336532.bam	5065620100	72d00b83c6ac1c46f8535ea29e56bcfc	ftp.sra.ebi.ac.uk/vol1/run/ERR133/ERR13336532/W1742_leaf_clean_1.fastq.gz;ftp.sra.ebi.ac.uk/vol1/run/ERR133/ERR13336532/W1742_leaf_clean_2.fastq.gz	2466979671;2567245442	bba1cf6c67a168c8692c60b9829bbb15;7d1bf6715c6731a237c33e205ef0d281			
ERR13336536	ftp.sra.ebi.ac.uk/vol1/fastq/ERR133/036/ERR13336536/ERR13336536_1.fastq.gz;ftp.sra.ebi.ac.uk/vol1/fastq/ERR133/036/ERR13336536/ERR13336536_2.fastq.gz	2426179463;2490773973	24aa9d45578f88147b8d258912740e34;69899f6b888407550ee035152259390d	ftp.sra.ebi.ac.uk/vol1/err/ERR133/036/ERR13336536/ERR13336536.bam	4708949402	0b0c8d2c20ec39d360f7b37d103e95b4	ftp.sra.ebi.ac.uk/vol1/run/ERR133/ERR13336536/W1783_leaf_clean_1.fastq.gz;ftp.sra.ebi.ac.uk/vol1/run/ERR133/ERR13336536/W1783_leaf_clean_2.fastq.gz	2294281813;2359337250	6172345b041a09012ad47cab12e2519e;8d5b3fcfdf30b3ff5a5fd4e8db875fcf			
ERR13336538	ftp.sra.ebi.ac.uk/vol1/fastq/ERR133/038/ERR13336538/ERR13336538_1.fastq.gz;ftp.sra.ebi.ac.uk/vol1/fastq/ERR133/038/ERR13336538/ERR13336538_2.fastq.gz	2440941389;2532239861	f4a5a72a29de9f2c145178964b7001ad;20e3483614ce5f1911baa74742775fc7	ftp.sra.ebi.ac.uk/vol1/err/ERR133/038/ERR13336538/ERR13336538.bam	4756913579	29c67130fefb8d4c7c89baa76f0f5cbe	ftp.sra.ebi.ac.uk/vol1/run/ERR133/ERR13336538/W1809_leaf_clean_1.fastq.gz;ftp.sra.ebi.ac.uk/vol1/run/ERR133/ERR13336538/W1809_leaf_clean_2.fastq.gz	2304617506;2396446255	1970b02cb7d854dd40f8eaa3b518dffa;ed244199e077d70aa4e297a1547a1fd1			
ERR13336539	ftp.sra.ebi.ac.uk/vol1/fastq/ERR133/039/ERR13336539/ERR13336539_1.fastq.gz;ftp.sra.ebi.ac.uk/vol1/fastq/ERR133/039/ERR13336539/ERR13336539_2.fastq.gz	3524388078;3600046045	02be310826ca7f4113b5a570f40e0c96;695e500c2cd3b9bdceaa38b0304e1d92	ftp.sra.ebi.ac.uk/vol1/err/ERR133/039/ERR13336539/ERR13336539.bam	6853222140	9eeafe4326c245fd18198cf9304850cb	ftp.sra.ebi.ac.uk/vol1/run/ERR133/ERR13336539/W1810_leaf_clean_1.fastq.gz;ftp.sra.ebi.ac.uk/vol1/run/ERR133/ERR13336539/W1810_leaf_clean_2.fastq.gz	3338635530;3415093195	904b30cae7ed1dbbdd687f71bf28592a;e3fb8dc1aede107865854d44a882541f			
ERR13336540	ftp.sra.ebi.ac.uk/vol1/fastq/ERR133/040/ERR13336540/ERR13336540_1.fastq.gz;ftp.sra.ebi.ac.uk/vol1/fastq/ERR133/040/ERR13336540/ERR13336540_2.fastq.gz	3464050415;3778312059	30fcf64de9b5711aabd5fac81f46dbd2;fceb40f835272000c30c2cfb542214a4	ftp.sra.ebi.ac.uk/vol1/err/ERR133/040/ERR13336540/ERR13336540.bam	7125467553	296ebc5d70a1c859dca2f510c76b0501	ftp.sra.ebi.ac.uk/vol1/run/ERR133/ERR13336540/W1825_leaf_clean_1.fastq.gz;ftp.sra.ebi.ac.uk/vol1/run/ERR133/ERR13336540/W1825_leaf_clean_2.fastq.gz	3342687591;3657440900	409c87fe281aee9a1d4139fd45e6b680;5ab1781035fe4b5c20236701f23e09f6			
ERR13336547	ftp.sra.ebi.ac.uk/vol1/fastq/ERR133/047/ERR13336547/ERR13336547_1.fastq.gz;ftp.sra.ebi.ac.uk/vol1/fastq/ERR133/047/ERR13336547/ERR13336547_2.fastq.gz	2559512807;2665712984	ab4b26a11523ea0481114de2e49f2187;c717c4391a48a81c6d3f794ae0cc8120	ftp.sra.ebi.ac.uk/vol1/err/ERR133/047/ERR13336547/ERR13336547.bam	4998546226	b82fdc068b2cc47b4ba431b2159ad5ff	ftp.sra.ebi.ac.uk/vol1/run/ERR133/ERR13336547/W1919_leaf_clean_1.fastq.gz;ftp.sra.ebi.ac.uk/vol1/run/ERR133/ERR13336547/W1919_leaf_clean_2.fastq.gz	2421801548;2528500588	8ced1b281b74611eeb3526265984f8c3;193721538ed4d0b2df5a4e22f3f491cc			
ERR13336549	ftp.sra.ebi.ac.uk/vol1/fastq/ERR133/049/ERR13336549/ERR13336549_1.fastq.gz;ftp.sra.ebi.ac.uk/vol1/fastq/ERR133/049/ERR13336549/ERR13336549_2.fastq.gz	2112893993;2172453339	cc0a2ba4ed658d703c678c3554b0bf4f;34995a0165d67019c073943015c32ef0	ftp.sra.ebi.ac.uk/vol1/err/ERR133/049/ERR13336549/ERR13336549.bam	4096072423	17fe85ed67cd74c08c00c1c9bf3f3163	ftp.sra.ebi.ac.uk/vol1/run/ERR133/ERR13336549/W1970_leaf_clean_1.fastq.gz;ftp.sra.ebi.ac.uk/vol1/run/ERR133/ERR13336549/W1970_leaf_clean_2.fastq.gz	1997042300;2056859838	9376696533b0de3ee6f5e297eed7b9cd;b126eccb39a6b95da223224b6dc5ab8d			
ERR13336550	ftp.sra.ebi.ac.uk/vol1/fastq/ERR133/050/ERR13336550/ERR13336550_1.fastq.gz;ftp.sra.ebi.ac.uk/vol1/fastq/ERR133/050/ERR13336550/ERR13336550_2.fastq.gz	2978295037;3036429584	556341abc1fb4cf484cee211ba38d561;f2f2fb122326a539ecca4f6a10e30847	ftp.sra.ebi.ac.uk/vol1/err/ERR133/050/ERR13336550/ERR13336550.bam	5765242612	364d7155782a6a6cffbb8b6982703eb9	ftp.sra.ebi.ac.uk/vol1/run/ERR133/ERR13336550/W1976_leaf_clean_1.fastq.gz;ftp.sra.ebi.ac.uk/vol1/run/ERR133/ERR13336550/W1976_leaf_clean_2.fastq.gz	2818588831;2877410375	c6db9d9f3e1b177613896b7f9131e2c3;b793802713f9dae82268a0c8bda63eae			
ERR13336556	ftp.sra.ebi.ac.uk/vol1/fastq/ERR133/056/ERR13336556/ERR13336556_1.fastq.gz;ftp.sra.ebi.ac.uk/vol1/fastq/ERR133/056/ERR13336556/ERR13336556_2.fastq.gz	2232121202;2294559332	1f9f609b5e31e9fb7dac50b3c58fcc97;80c5ca54ee84f19e0e0ae2ffc2c5afcd	ftp.sra.ebi.ac.uk/vol1/err/ERR133/056/ERR13336556/ERR13336556.bam	4344010271	93bfea43f0f974b207a4399604b89fc5	ftp.sra.ebi.ac.uk/vol1/run/ERR133/ERR13336556/W2064_leaf_clean_1.fastq.gz;ftp.sra.ebi.ac.uk/vol1/run/ERR133/ERR13336556/W2064_leaf_clean_2.fastq.gz	2109698512;2172503606	a6a9492a459db35fd8804dc3c97e6017;7b827096dcbbe56f5ed3599f2a881d28			
ERR13336561	ftp.sra.ebi.ac.uk/vol1/fastq/ERR133/061/ERR13336561/ERR13336561_1.fastq.gz;ftp.sra.ebi.ac.uk/vol1/fastq/ERR133/061/ERR13336561/ERR13336561_2.fastq.gz	3452753986;3752228277	8a0f785b0d9c931e215f386279a54272;d28dec80f5487faaaf756898d28a0cf5	ftp.sra.ebi.ac.uk/vol1/err/ERR133/061/ERR13336561/ERR13336561.bam	7079669516	a675207334f5c93d2acb37e0e136223d	ftp.sra.ebi.ac.uk/vol1/run/ERR133/ERR13336561/W2267_leaf_clean_1.fastq.gz;ftp.sra.ebi.ac.uk/vol1/run/ERR133/ERR13336561/W2267_leaf_clean_2.fastq.gz	3331299984;3631141285	220e251f821cc84044e98937bb404807;b8f9bd3409ac929a143def40a5fa1e7a			
ERR13336562	ftp.sra.ebi.ac.uk/vol1/fastq/ERR133/062/ERR13336562/ERR13336562_1.fastq.gz;ftp.sra.ebi.ac.uk/vol1/fastq/ERR133/062/ERR13336562/ERR13336562_2.fastq.gz	3023226394;3314345742	827116e278b18a51c676d22ae265a4c1;13b0e6d3d44ca27aa2c1b04d8e0833b9	ftp.sra.ebi.ac.uk/vol1/err/ERR133/062/ERR13336562/ERR13336562.bam	6236381762	040aaa47da62cc7795f997bd684e0ec2	ftp.sra.ebi.ac.uk/vol1/run/ERR133/ERR13336562/W2275_leaf_clean_1.fastq.gz;ftp.sra.ebi.ac.uk/vol1/run/ERR133/ERR13336562/W2275_leaf_clean_2.fastq.gz	2918073296;3209398242	c54e9a26271e3fb21f835ee16c310f2d;c60c05278038128c124638657948376c			
ERR13336570	ftp.sra.ebi.ac.uk/vol1/fastq/ERR133/070/ERR13336570/ERR13336570_1.fastq.gz;ftp.sra.ebi.ac.uk/vol1/fastq/ERR133/070/ERR13336570/ERR13336570_2.fastq.gz	2555579223;2663623282	ed8c4ff3c0105b7d4cf9a24756043f21;33fd5ab52ae76b56efe78a9491146ce2	ftp.sra.ebi.ac.uk/vol1/err/ERR133/070/ERR13336570/ERR13336570.bam	4990297905	dacaeda370155d640409f8a02080e266	ftp.sra.ebi.ac.uk/vol1/run/ERR133/ERR13336570/W2320_leaf_clean_1.fastq.gz;ftp.sra.ebi.ac.uk/vol1/run/ERR133/ERR13336570/W2320_leaf_clean_2.fastq.gz	2413997903;2522625222	20fff8b289dcbe65e5fe6c9c66d99e61;f8f3bac3d1f1b5309a74cd9a719a1a44			
ERR13336574	ftp.sra.ebi.ac.uk/vol1/fastq/ERR133/074/ERR13336574/ERR13336574_1.fastq.gz;ftp.sra.ebi.ac.uk/vol1/fastq/ERR133/074/ERR13336574/ERR13336574_2.fastq.gz	4097056305;4313517395	c22ed218851b7d9a57b6bbb3146b2050;4dfb72a43f97b9b08e9b3e1a4acf522f	ftp.sra.ebi.ac.uk/vol1/err/ERR133/074/ERR13336574/ERR13336574.bam	8245749488	adba2e612dd244bfc3109e6cdacd808b	ftp.sra.ebi.ac.uk/vol1/run/ERR133/ERR13336574/W3007_leaf_clean_1.fastq.gz;ftp.sra.ebi.ac.uk/vol1/run/ERR133/ERR13336574/W3007_leaf_clean_2.fastq.gz	3945635439;4156518591	defa8bc500da1be9914baf2e708566e7;35cf325379704db751869009430a95db			
ERR13336576	ftp.sra.ebi.ac.uk/vol1/fastq/ERR133/076/ERR13336576/ERR13336576_1.fastq.gz;ftp.sra.ebi.ac.uk/vol1/fastq/ERR133/076/ERR13336576/ERR13336576_2.fastq.gz	2862246417;2959679467	2afc42900e020b9720a2f8feddfab9dd;7077ad4a07172f316b0761fe055e18a6	ftp.sra.ebi.ac.uk/vol1/err/ERR133/076/ERR13336576/ERR13336576.bam	5573019621	94099319cf3a642a241b98e8e4e1c89c	ftp.sra.ebi.ac.uk/vol1/run/ERR133/ERR13336576/W3012_leaf_clean_1.fastq.gz;ftp.sra.ebi.ac.uk/vol1/run/ERR133/ERR13336576/W3012_leaf_clean_2.fastq.gz	2704615646;2802487878	8c7eb313d5ea29310a41b8a406e5389e;ad0e3008170b12d31f5ee8c3f56686cc			
ERR13336577	ftp.sra.ebi.ac.uk/vol1/fastq/ERR133/077/ERR13336577/ERR13336577_1.fastq.gz;ftp.sra.ebi.ac.uk/vol1/fastq/ERR133/077/ERR13336577/ERR13336577_2.fastq.gz	2128414269;2200994987	73bea72bf79044e4cd3b343344cb8a76;fca3fec72f38b38bca07ea1d61168bde	ftp.sra.ebi.ac.uk/vol1/err/ERR133/077/ERR13336577/ERR13336577.bam	4173965741	1c80a1f027619c98d53d3f0f3d7aed0c	ftp.sra.ebi.ac.uk/vol1/run/ERR133/ERR13336577/W3029_leaf_clean_1.fastq.gz;ftp.sra.ebi.ac.uk/vol1/run/ERR133/ERR13336577/W3029_leaf_clean_2.fastq.gz	2010620213;2083590260	5e89c7237b535e670dbefea2f90bdee3;64f024b9ec8b59c3a7141242860a2670			
ERR13336579	ftp.sra.ebi.ac.uk/vol1/fastq/ERR133/079/ERR13336579/ERR13336579_1.fastq.gz;ftp.sra.ebi.ac.uk/vol1/fastq/ERR133/079/ERR13336579/ERR13336579_2.fastq.gz	2010376754;2285073933	ce110016db2223386ae20a2191375a1a;e4630932268b06b974e507b0f220f832	ftp.sra.ebi.ac.uk/vol1/err/ERR133/079/ERR13336579/ERR13336579.bam	4244581264	0ca8f7ed014c1d1e88ee5c397ed2c8cc	ftp.sra.ebi.ac.uk/vol1/run/ERR133/ERR13336579/W3035_leaf_clean_1.fastq.gz;ftp.sra.ebi.ac.uk/vol1/run/ERR133/ERR13336579/W3035_leaf_clean_2.fastq.gz	1934416292;2209856970	a717bdb6795d2d084adc44f019fdb9aa;7d91b658ee436d637a982f2fa3f946ba			
ERR13336581	ftp.sra.ebi.ac.uk/vol1/fastq/ERR133/081/ERR13336581/ERR13336581_1.fastq.gz;ftp.sra.ebi.ac.uk/vol1/fastq/ERR133/081/ERR13336581/ERR13336581_2.fastq.gz	3786416499;4052968399	c78ca008d14b53617b4d59927f0d9ed0;61fe082b0f10707db1dda99c2aca1671	ftp.sra.ebi.ac.uk/vol1/err/ERR133/081/ERR13336581/ERR13336581.bam	7723437467	04578ded295d8552f25292892d06f879	ftp.sra.ebi.ac.uk/vol1/run/ERR133/ERR13336581/W3038_leaf_clean_1.fastq.gz;ftp.sra.ebi.ac.uk/vol1/run/ERR133/ERR13336581/W3038_leaf_clean_2.fastq.gz	3641365114;3906963353	ee07f957395b6d954909e86ac803fb6c;ea91389a43e0ae743ff9604d92caa0e1			
ERR13336585	ftp.sra.ebi.ac.uk/vol1/fastq/ERR133/085/ERR13336585/ERR13336585_1.fastq.gz;ftp.sra.ebi.ac.uk/vol1/fastq/ERR133/085/ERR13336585/ERR13336585_2.fastq.gz	2639420333;2729472618	fa0f5430ed98355771bd715ff49164d1;407e5c9c4a56fb7d7bfc887587a6c4f2	ftp.sra.ebi.ac.uk/vol1/err/ERR133/085/ERR13336585/ERR13336585.bam	5160200022	bb87eaa31ef8f176b0b0828369cbc7c7	ftp.sra.ebi.ac.uk/vol1/run/ERR133/ERR13336585/W3051_leaf_clean_1.fastq.gz;ftp.sra.ebi.ac.uk/vol1/run/ERR133/ERR13336585/W3051_leaf_clean_2.fastq.gz	2495276078;2585579485	cb661cafb3bd6f482e43c5905d349716;4562564dc4a3f3531910ec6d84724011			
ERR13336586	ftp.sra.ebi.ac.uk/vol1/fastq/ERR133/086/ERR13336586/ERR13336586_1.fastq.gz;ftp.sra.ebi.ac.uk/vol1/fastq/ERR133/086/ERR13336586/ERR13336586_2.fastq.gz	2384421909;2445533670	b12222994c34bef41ddfe09ebc9a8a13;6d15e0bf67f73fd125de2dbb9a8da625	ftp.sra.ebi.ac.uk/vol1/err/ERR133/086/ERR13336586/ERR13336586.bam	4639440381	d5b970cfab5a6b40e95cc3761250e7e8	ftp.sra.ebi.ac.uk/vol1/run/ERR133/ERR13336586/W3052_leaf_clean_1.fastq.gz;ftp.sra.ebi.ac.uk/vol1/run/ERR133/ERR13336586/W3052_leaf_clean_2.fastq.gz	2252845590;2314279254	8ef5b24c8b3f79034a585727f9ed7181;2252c62604fff4383a017aff0862099f			
ERR13336589	ftp.sra.ebi.ac.uk/vol1/fastq/ERR133/089/ERR13336589/ERR13336589_1.fastq.gz;ftp.sra.ebi.ac.uk/vol1/fastq/ERR133/089/ERR13336589/ERR13336589_2.fastq.gz	2376766357;2657996738	eb20fc7250d9cee58914bc6221e25325;ec9fcfa97269eee07bcee390f99b592f	ftp.sra.ebi.ac.uk/vol1/err/ERR133/089/ERR13336589/ERR13336589.bam	4947392222	89e8ae15a88b4a94095a0f8bc0fedd21	ftp.sra.ebi.ac.uk/vol1/run/ERR133/ERR13336589/W3063_leaf_clean_1.fastq.gz;ftp.sra.ebi.ac.uk/vol1/run/ERR133/ERR13336589/W3063_leaf_clean_2.fastq.gz	2268077566;2552328904	63b7e01767726597e128e9c49bf5ee43;c57abfa5bcec25ba231dddc2415374af			
ERR13336590	ftp.sra.ebi.ac.uk/vol1/fastq/ERR133/090/ERR13336590/ERR13336590_1.fastq.gz;ftp.sra.ebi.ac.uk/vol1/fastq/ERR133/090/ERR13336590/ERR13336590_2.fastq.gz	2275740330;2317078229	49bfd806864f5c9c74431d7628167c78;8f6298222bee78e6473c3d4214323f39	ftp.sra.ebi.ac.uk/vol1/err/ERR133/090/ERR13336590/ERR13336590.bam	4392524979	356febc552ad74cae9c2dd597a9f83ee	ftp.sra.ebi.ac.uk/vol1/run/ERR133/ERR13336590/W3066_leaf_clean_1.fastq.gz;ftp.sra.ebi.ac.uk/vol1/run/ERR133/ERR13336590/W3066_leaf_clean_2.fastq.gz	2148710165;2190126161	2e9f0bd90cd113dac52aa41c80b8da56;ba6c1ebcad34ddfe2db0628cbeda5d08			
ERR13336593	ftp.sra.ebi.ac.uk/vol1/fastq/ERR133/093/ERR13336593/ERR13336593_1.fastq.gz;ftp.sra.ebi.ac.uk/vol1/fastq/ERR133/093/ERR13336593/ERR13336593_2.fastq.gz	3278399829;3515560637	c9ff6329101a444e7cde318a276f5d1b;7e4bce3327a92882414186e5ae15b3e5	ftp.sra.ebi.ac.uk/vol1/err/ERR133/093/ERR13336593/ERR13336593.bam	6714914406	aa51490f2d79c421a0bfeff2d207871b	ftp.sra.ebi.ac.uk/vol1/run/ERR133/ERR13336593/W3082_leaf_clean_1.fastq.gz;ftp.sra.ebi.ac.uk/vol1/run/ERR133/ERR13336593/W3082_leaf_clean_2.fastq.gz	3162955484;3401186526	129dfc9677024b740641035bdfd83065;e7f22bddc3f01061c6543e437151fa53			
ERR13336604	ftp.sra.ebi.ac.uk/vol1/fastq/ERR133/004/ERR13336604/ERR13336604_1.fastq.gz;ftp.sra.ebi.ac.uk/vol1/fastq/ERR133/004/ERR13336604/ERR13336604_2.fastq.gz	3664677859;3867352514	faa9adfa690060d01964970fe09c3f6e;cda11e32f3cebf7ed60956a627e37a50	ftp.sra.ebi.ac.uk/vol1/err/ERR133/004/ERR13336604/ERR13336604.bam	7426223268	6936016bb042bb3ead7b7bddf8c93ca3	ftp.sra.ebi.ac.uk/vol1/run/ERR133/ERR13336604/GP505_root_clean_1.fastq.gz;ftp.sra.ebi.ac.uk/vol1/run/ERR133/ERR13336604/GP505_root_clean_2.fastq.gz	3560103111;3760820517	c8e163f5697a80b59c4be36eaeada2e5;0fcc8bc436c9bbc8b5e50e6351ba42bc			
ERR13336606	ftp.sra.ebi.ac.uk/vol1/fastq/ERR133/006/ERR13336606/ERR13336606_1.fastq.gz;ftp.sra.ebi.ac.uk/vol1/fastq/ERR133/006/ERR13336606/ERR13336606_2.fastq.gz	3232698387;3369248767	efa1042706178cfa6d4d67ec1e45e542;7b5b82e85e416e5eb397cf7d7422a28d	ftp.sra.ebi.ac.uk/vol1/err/ERR133/006/ERR13336606/ERR13336606.bam	6468529686	6bb1fc3fab56269548c9ad753bcdac15	ftp.sra.ebi.ac.uk/vol1/run/ERR133/ERR13336606/GP524_root_clean_1.fastq.gz;ftp.sra.ebi.ac.uk/vol1/run/ERR133/ERR13336606/GP524_root_clean_2.fastq.gz	3132146227;3267407728	f95ba000c48d72bca7f7698969811de0;c642a3a7e31926a48d425511b461bf1d			
ERR13336607	ftp.sra.ebi.ac.uk/vol1/fastq/ERR133/007/ERR13336607/ERR13336607_1.fastq.gz;ftp.sra.ebi.ac.uk/vol1/fastq/ERR133/007/ERR13336607/ERR13336607_2.fastq.gz	5471631174;5754221717	49f23620ac2fe16ca14baaa2aa9348cb;07719711845aabda2bb6c5c567cd0d25	ftp.sra.ebi.ac.uk/vol1/err/ERR133/007/ERR13336607/ERR13336607.bam	11041555830	9688be16abffe0e1eda900dad969519a	ftp.sra.ebi.ac.uk/vol1/run/ERR133/ERR13336607/GP543_root_clean_1.fastq.gz;ftp.sra.ebi.ac.uk/vol1/run/ERR133/ERR13336607/GP543_root_clean_2.fastq.gz	5283920369;5563615081	990be0d6695c868ecab7e7107b84887a;fe7ffcdae8c7450ea64cadba4c7cda48			
ERR13336608	ftp.sra.ebi.ac.uk/vol1/fastq/ERR133/008/ERR13336608/ERR13336608_1.fastq.gz;ftp.sra.ebi.ac.uk/vol1/fastq/ERR133/008/ERR13336608/ERR13336608_2.fastq.gz	6038151713;6256382151	b6ba77d085c1e97f3c6d7a6d55e0df33;1deb3c6a761ac9bcb6d0f8c53cf67d0c	ftp.sra.ebi.ac.uk/vol1/err/ERR133/008/ERR13336608/ERR13336608.bam	12136143998	397fc70753251b528e837ca8392c6db3	ftp.sra.ebi.ac.uk/vol1/run/ERR133/ERR13336608/GP58_root_clean_1.fastq.gz;ftp.sra.ebi.ac.uk/vol1/run/ERR133/ERR13336608/GP58_root_clean_2.fastq.gz	5836354184;6050937653	8a8597d2694167742d2ec778618f2429;f04aa81d0a17b75ef98df607e96a2584			
ERR13336612	ftp.sra.ebi.ac.uk/vol1/fastq/ERR133/012/ERR13336612/ERR13336612_1.fastq.gz;ftp.sra.ebi.ac.uk/vol1/fastq/ERR133/012/ERR13336612/ERR13336612_2.fastq.gz	3394783554;3591483931	b5631a22c0b888ebb2287f2353b96d57;b6a9be86691dc4c46d4305faf84e7e05	ftp.sra.ebi.ac.uk/vol1/err/ERR133/012/ERR13336612/ERR13336612.bam	6891196535	ce06283cbb556f12647a4766c39e8302	ftp.sra.ebi.ac.uk/vol1/run/ERR133/ERR13336612/HP436_root_clean_1.fastq.gz;ftp.sra.ebi.ac.uk/vol1/run/ERR133/ERR13336612/HP436_root_clean_2.fastq.gz	3297632992;3491844401	084d5ec9fa8b59e404d3ebf9eaf47870;873fb7418af1183d5e27e5671edaf7fa			
ERR13336616	ftp.sra.ebi.ac.uk/vol1/fastq/ERR133/016/ERR13336616/ERR13336616_1.fastq.gz;ftp.sra.ebi.ac.uk/vol1/fastq/ERR133/016/ERR13336616/ERR13336616_2.fastq.gz	2050664397;2102594029	c2598fdfebffbde99ae9363e40ad2a1a;362b3d5efc85aad2caa128aff3f4123f	ftp.sra.ebi.ac.uk/vol1/err/ERR133/016/ERR13336616/ERR13336616.bam	3962599058	ceba351b47866f913eb889a8a7062116	ftp.sra.ebi.ac.uk/vol1/run/ERR133/ERR13336616/OL3101_root_clean_1.fastq.gz;ftp.sra.ebi.ac.uk/vol1/run/ERR133/ERR13336616/OL3101_root_clean_2.fastq.gz	1939239682;1991536289	e73e3d9a63f9aed625e5eff64f52c8ef;67fb2ceb12c2e939066b3514e13641e0			
ERR13336618	ftp.sra.ebi.ac.uk/vol1/fastq/ERR133/018/ERR13336618/ERR13336618_1.fastq.gz;ftp.sra.ebi.ac.uk/vol1/fastq/ERR133/018/ERR13336618/ERR13336618_2.fastq.gz	4572404437;4860696757	a4897e0eb8d188e67d31b804b8872832;5178b0c4dc26b3ef6fc8a97e99cf0594	ftp.sra.ebi.ac.uk/vol1/err/ERR133/018/ERR13336618/ERR13336618.bam	9307330854	f961f66f302197e1a2675f256718a663	ftp.sra.ebi.ac.uk/vol1/run/ERR133/ERR13336618/OM1952_root_clean_1.fastq.gz;ftp.sra.ebi.ac.uk/vol1/run/ERR133/ERR13336618/OM1952_root_clean_2.fastq.gz	4410549390;4695271458	31a1d68f4c72f488703cd691b04b5b8c;dab23561e57be496176af850691368d4			
ERR13336619	ftp.sra.ebi.ac.uk/vol1/fastq/ERR133/019/ERR13336619/ERR13336619_1.fastq.gz;ftp.sra.ebi.ac.uk/vol1/fastq/ERR133/019/ERR13336619/ERR13336619_2.fastq.gz	2424353591;2497683968	cacb03b2aed620b4b31d79b0f33ad100;8bf77e7d0d9935e1849deb294294cef3	ftp.sra.ebi.ac.uk/vol1/err/ERR133/019/ERR13336619/ERR13336619.bam	4702914173	d1023983e753d7b6604554da77eb93a8	ftp.sra.ebi.ac.uk/vol1/run/ERR133/ERR13336619/W0103_root_clean_1.fastq.gz;ftp.sra.ebi.ac.uk/vol1/run/ERR133/ERR13336619/W0103_root_clean_2.fastq.gz	2292992863;2366665547	e4ae21126d0dc27fdcab08ce4447881b;a1f83cbcf782defd52a67d2421cbb99b			
ERR13336621	ftp.sra.ebi.ac.uk/vol1/fastq/ERR133/021/ERR13336621/ERR13336621_1.fastq.gz;ftp.sra.ebi.ac.uk/vol1/fastq/ERR133/021/ERR13336621/ERR13336621_2.fastq.gz	2753605738;2887611224	b7f4c9a1016e8ee1c9d357ee6055fe3f;89303afd1b4f874c0de0b43ecf85b6ce	ftp.sra.ebi.ac.uk/vol1/err/ERR133/021/ERR13336621/ERR13336621.bam	5554700812	ece44726aafeb3da5f7f7c525bbce058	ftp.sra.ebi.ac.uk/vol1/run/ERR133/ERR13336621/W0108_root_clean_1.fastq.gz;ftp.sra.ebi.ac.uk/vol1/run/ERR133/ERR13336621/W0108_root_clean_2.fastq.gz	2659049798;2792110953	f29b32ff7d002123e1379f58258ce627;5fedcfa9bd196d2fbc1cc843f493bcbf			
ERR13336626	ftp.sra.ebi.ac.uk/vol1/fastq/ERR133/026/ERR13336626/ERR13336626_1.fastq.gz;ftp.sra.ebi.ac.uk/vol1/fastq/ERR133/026/ERR13336626/ERR13336626_2.fastq.gz	2018253438;2093508288	3d98ec3837038914bfe04126a9cf5ba1;bec5809585bf9021322bc96d0b2c1676	ftp.sra.ebi.ac.uk/vol1/err/ERR133/026/ERR13336626/ERR13336626.bam	3940763398	91444cd7727165bdb5107ce8e2fa54c0	ftp.sra.ebi.ac.uk/vol1/run/ERR133/ERR13336626/W0143_root_clean_1.fastq.gz;ftp.sra.ebi.ac.uk/vol1/run/ERR133/ERR13336626/W0143_root_clean_2.fastq.gz	1908756408;1984661973	ff3ad6f7a4e649604bd8be70d34101da;71579dedcfb23b068beeb0fbe2e7cd32			
ERR13336634	ftp.sra.ebi.ac.uk/vol1/fastq/ERR133/034/ERR13336634/ERR13336634_1.fastq.gz;ftp.sra.ebi.ac.uk/vol1/fastq/ERR133/034/ERR13336634/ERR13336634_2.fastq.gz	2800152684;2984810263	ee1cc7133f184afda723d6cd216f3edb;dd94300e74eeaeca27af138d200307c7	ftp.sra.ebi.ac.uk/vol1/err/ERR133/034/ERR13336634/ERR13336634.bam	5673637721	6c4018a8075376ba6fcf332091ee8b94	ftp.sra.ebi.ac.uk/vol1/run/ERR133/ERR13336634/W0171_root_clean_1.fastq.gz;ftp.sra.ebi.ac.uk/vol1/run/ERR133/ERR13336634/W0171_root_clean_2.fastq.gz	2704914727;2888781454	c55ab8cf3d7ac65f456daff4a3a6605e;663fcecef2ac2d0381a380110695f718			
ERR13336646	ftp.sra.ebi.ac.uk/vol1/fastq/ERR133/046/ERR13336646/ERR13336646_1.fastq.gz;ftp.sra.ebi.ac.uk/vol1/fastq/ERR133/046/ERR13336646/ERR13336646_2.fastq.gz	2647987814;2740541485	5616925a64b5ddcf99be7ae25184cd0a;1ab1ae2df0c9e83c555ed5baea92d1d5	ftp.sra.ebi.ac.uk/vol1/err/ERR133/046/ERR13336646/ERR13336646.bam	5171929974	49b10a94cc1581532c5e6ba118ece6f9	ftp.sra.ebi.ac.uk/vol1/run/ERR133/ERR13336646/W0634_root_clean_1.fastq.gz;ftp.sra.ebi.ac.uk/vol1/run/ERR133/ERR13336646/W0634_root_clean_2.fastq.gz	2504937461;2597967565	20049239543510a308a04a702f81117f;07b6dafa42d18b908d47495b8f347eb1			
ERR13336654	ftp.sra.ebi.ac.uk/vol1/fastq/ERR133/054/ERR13336654/ERR13336654_1.fastq.gz;ftp.sra.ebi.ac.uk/vol1/fastq/ERR133/054/ERR13336654/ERR13336654_2.fastq.gz	2082846349;2123747009	3bc3c0251815451b25f4eb4a64e23241;7151685b1ed64b820d6c8a6bb2070440	ftp.sra.ebi.ac.uk/vol1/err/ERR133/054/ERR13336654/ERR13336654.bam	4037219403	d5278dcc869f9c7b0a945fb0a4a62e7b	ftp.sra.ebi.ac.uk/vol1/run/ERR133/ERR13336654/W1236_root_clean_1.fastq.gz;ftp.sra.ebi.ac.uk/vol1/run/ERR133/ERR13336654/W1236_root_clean_2.fastq.gz	1968175071;2009320022	0c3e9f0672c41cf65ef82fc818a8616c;f8d7de01bed0911bd97928bd6bbf4b7d			
ERR13336656							ftp.sra.ebi.ac.uk/vol1/run/ERR133/ERR13336656/W1536_root_clean_1.fastq.gz;ftp.sra.ebi.ac.uk/vol1/run/ERR133/ERR13336656/W1536_root_clean_2.fastq.gz	2313011822;2361455047	fafcfcf3db7336ed90fd93d669a2e08e;f0447feb52fbf44ae55b31606e6a9fac			
ERR13336658							ftp.sra.ebi.ac.uk/vol1/run/ERR133/ERR13336658/W1550_root_clean_1.fastq.gz;ftp.sra.ebi.ac.uk/vol1/run/ERR133/ERR13336658/W1550_root_clean_2.fastq.gz	2489423016;2565760972	98e4d79582b2705ac8b4bb3453b45859;0612f4b742ef3068b7328be2bdf6acc5			
ERR13336661	ftp.sra.ebi.ac.uk/vol1/fastq/ERR133/061/ERR13336661/ERR13336661_1.fastq.gz;ftp.sra.ebi.ac.uk/vol1/fastq/ERR133/061/ERR13336661/ERR13336661_2.fastq.gz	2410058574;2523416796	dbd1d0b8bb362735f88c82f98dbcf173;3763dbb149885e7d735078f1451665cb	ftp.sra.ebi.ac.uk/vol1/err/ERR133/061/ERR13336661/ERR13336661.bam	4725287031	6f80b18c6e853d84a40b783a167b7091	ftp.sra.ebi.ac.uk/vol1/run/ERR133/ERR13336661/W1556_root_clean_1.fastq.gz;ftp.sra.ebi.ac.uk/vol1/run/ERR133/ERR13336661/W1556_root_clean_2.fastq.gz	2279332359;2393160131	e327a5c3635ed88dd6d8974843c44cf8;d657e4f848dcd2c30f98d5c2ad21163d			
ERR13336662	ftp.sra.ebi.ac.uk/vol1/fastq/ERR133/062/ERR13336662/ERR13336662_1.fastq.gz;ftp.sra.ebi.ac.uk/vol1/fastq/ERR133/062/ERR13336662/ERR13336662_2.fastq.gz	2473090463;2567710193	6e5b646fee3961efb88eb3c64121092d;315e678c6787bb470cfdbfb147a3871c	ftp.sra.ebi.ac.uk/vol1/err/ERR133/062/ERR13336662/ERR13336662.bam	4823761029	bff4e201b6c670953252d3330006b263	ftp.sra.ebi.ac.uk/vol1/run/ERR133/ERR13336662/W1557_root_clean_1.fastq.gz;ftp.sra.ebi.ac.uk/vol1/run/ERR133/ERR13336662/W1557_root_clean_2.fastq.gz	2338981967;2434004465	899e3f07e6cd48c9e5daba7b217ff3fd;5f07bb520fb9204e2c5629ab03e48a99			
ERR13336663	ftp.sra.ebi.ac.uk/vol1/fastq/ERR133/063/ERR13336663/ERR13336663_1.fastq.gz;ftp.sra.ebi.ac.uk/vol1/fastq/ERR133/063/ERR13336663/ERR13336663_2.fastq.gz	2520173200;2610641393	d043eff9260002c5409e5b6dc3152653;90c083ed9f6516e6a8c8186f4a07b81a	ftp.sra.ebi.ac.uk/vol1/err/ERR133/063/ERR13336663/ERR13336663.bam	4907244641	10514f9ad44b3bcf11eb4440798d8c76	ftp.sra.ebi.ac.uk/vol1/run/ERR133/ERR13336663/W1559_root_clean_1.fastq.gz;ftp.sra.ebi.ac.uk/vol1/run/ERR133/ERR13336663/W1559_root_clean_2.fastq.gz	2383986944;2474763763	9957905e72c4387c93b320481e07af3f;59000142b5c62c3ce91cdd0c3bf1a0ac			
ERR13336671	ftp.sra.ebi.ac.uk/vol1/fastq/ERR133/071/ERR13336671/ERR13336671_1.fastq.gz;ftp.sra.ebi.ac.uk/vol1/fastq/ERR133/071/ERR13336671/ERR13336671_2.fastq.gz	4864254403;5196829335	63abfe1771ac05181be50bcc44506aa0;c333beff80ac9380d9cc0d8a7c42e722	ftp.sra.ebi.ac.uk/vol1/err/ERR133/071/ERR13336671/ERR13336671.bam	9895108332	079677e306037f84e5cf6020ce5db512	ftp.sra.ebi.ac.uk/vol1/run/ERR133/ERR13336671/W1723_root_clean_1.fastq.gz;ftp.sra.ebi.ac.uk/vol1/run/ERR133/ERR13336671/W1723_root_clean_2.fastq.gz	4695612625;5023646910	25dd81c86415c9e7ccf0e66a943e1f73;c904472f9c1342b04dd6457f41c5956a			
ERR13336678	ftp.sra.ebi.ac.uk/vol1/fastq/ERR133/078/ERR13336678/ERR13336678_1.fastq.gz;ftp.sra.ebi.ac.uk/vol1/fastq/ERR133/078/ERR13336678/ERR13336678_2.fastq.gz	2689335166;2842010308	a35cd6377c36e20d93c43db401732ef8;980a18250fef381ef519291a9c8b62a5	ftp.sra.ebi.ac.uk/vol1/err/ERR133/078/ERR13336678/ERR13336678.bam	5474399171	a89cc5c7363f78ae9fc147c2cae84a07	ftp.sra.ebi.ac.uk/vol1/run/ERR133/ERR13336678/W1737_root_clean_1.fastq.gz;ftp.sra.ebi.ac.uk/vol1/run/ERR133/ERR13336678/W1737_root_clean_2.fastq.gz	2596894533;2747135234	3cafb1d4fde5b3c61f6c98b7e133f881;11045f6076115dd4c7a4989efac2b768			
ERR13336682	ftp.sra.ebi.ac.uk/vol1/fastq/ERR133/082/ERR13336682/ERR13336682_1.fastq.gz;ftp.sra.ebi.ac.uk/vol1/fastq/ERR133/082/ERR13336682/ERR13336682_2.fastq.gz	2972475144;3058882050	2c3327116c2250b6a05425051dba3d16;8227fd199129df65435319a4985ace2f	ftp.sra.ebi.ac.uk/vol1/err/ERR133/082/ERR13336682/ERR13336682.bam	5771390120	1ee31efcd666e5b3c0cea8d0b15fed68	ftp.sra.ebi.ac.uk/vol1/run/ERR133/ERR13336682/W1777_root_clean_1.fastq.gz;ftp.sra.ebi.ac.uk/vol1/run/ERR133/ERR13336682/W1777_root_clean_2.fastq.gz	2809029978;2896046084	b0a5bc3393d8a269d6ff055f5707a42b;fe3128419561d9adfcfe899c02cc3296			
ERR13336684	ftp.sra.ebi.ac.uk/vol1/fastq/ERR133/084/ERR13336684/ERR13336684_1.fastq.gz;ftp.sra.ebi.ac.uk/vol1/fastq/ERR133/084/ERR13336684/ERR13336684_2.fastq.gz	2456464931;2510518687	a0d120d768c2e5c488bf14d0fdfb6f8f;da36255a98e2c060dafac94a703c5ac8	ftp.sra.ebi.ac.uk/vol1/err/ERR133/084/ERR13336684/ERR13336684.bam	4729112392	4c6f769fc25e15695db0243156f9d3d6	ftp.sra.ebi.ac.uk/vol1/run/ERR133/ERR13336684/W1787_root_clean_1.fastq.gz;ftp.sra.ebi.ac.uk/vol1/run/ERR133/ERR13336684/W1787_root_clean_2.fastq.gz	2320224198;2374752671	28b7a338049e5d9d41a8efb97aa604dc;0809a94590c965c44842a97ba1718b65			
ERR13336687	ftp.sra.ebi.ac.uk/vol1/fastq/ERR133/087/ERR13336687/ERR13336687_1.fastq.gz;ftp.sra.ebi.ac.uk/vol1/fastq/ERR133/087/ERR13336687/ERR13336687_2.fastq.gz	3146704360;2988431322	d5d9535e3569c6649b2acea4f8a63300;a162be483b665e1ff66c0bdafe53c3e9	ftp.sra.ebi.ac.uk/vol1/err/ERR133/087/ERR13336687/ERR13336687.bam	6203381831	7fb67310919ae43bc8a15d16f7335d42	ftp.sra.ebi.ac.uk/vol1/run/ERR133/ERR13336687/W1825_root_clean_1.fastq.gz;ftp.sra.ebi.ac.uk/vol1/run/ERR133/ERR13336687/W1825_root_clean_2.fastq.gz	3042021760;2880234856	e44f8df97569330b3cc48157a2135f80;f67655ebdfb68cbe0e8a7c3684833857			
ERR13336688	ftp.sra.ebi.ac.uk/vol1/fastq/ERR133/088/ERR13336688/ERR13336688_1.fastq.gz;ftp.sra.ebi.ac.uk/vol1/fastq/ERR133/088/ERR13336688/ERR13336688_2.fastq.gz	2590978897;2659701381	f75a920a3ad698368a5ee7bacab881ee;60c1bccc6c0889e4f6a52099d12ef17e	ftp.sra.ebi.ac.uk/vol1/err/ERR133/088/ERR13336688/ERR13336688.bam	5032069153	360d5fec126cb1ae0783cb67a71f2530	ftp.sra.ebi.ac.uk/vol1/run/ERR133/ERR13336688/W1839_root_clean_1.fastq.gz;ftp.sra.ebi.ac.uk/vol1/run/ERR133/ERR13336688/W1839_root_clean_2.fastq.gz	2450988771;2520021778	f95cbf00d6e1ed05b352fbccf8ff56bb;1b55ef3de167711faa6e40d87b6d2373			
ERR13336699	ftp.sra.ebi.ac.uk/vol1/fastq/ERR133/099/ERR13336699/ERR13336699_1.fastq.gz;ftp.sra.ebi.ac.uk/vol1/fastq/ERR133/099/ERR13336699/ERR13336699_2.fastq.gz	2518996085;2563396492	8d72d47b5326d8267514cad9f1b3d5ed;b0ed11c94ffff3b1978247920e066c64	ftp.sra.ebi.ac.uk/vol1/err/ERR133/099/ERR13336699/ERR13336699.bam	4867391580	122c761e319f58e0449c51eae607249b	ftp.sra.ebi.ac.uk/vol1/run/ERR133/ERR13336699/W2022_root_clean_1.fastq.gz;ftp.sra.ebi.ac.uk/vol1/run/ERR133/ERR13336699/W2022_root_clean_2.fastq.gz	2375779610;2420473233	65b77a99a31d4de8610d81f147a0ead1;914741c437ef6492e18ad62d4281ebd4			
ERR13336700	ftp.sra.ebi.ac.uk/vol1/fastq/ERR133/000/ERR13336700/ERR13336700_1.fastq.gz;ftp.sra.ebi.ac.uk/vol1/fastq/ERR133/000/ERR13336700/ERR13336700_2.fastq.gz	2325899142;2372400249	202273dd399d8570b011adffb8c6a422;9fd9a80df0a198e36e31335a02e5e085	ftp.sra.ebi.ac.uk/vol1/err/ERR133/000/ERR13336700/ERR13336700.bam	4489467653	dbe4bc466a189512242b0f07a6b08e4d	ftp.sra.ebi.ac.uk/vol1/run/ERR133/ERR13336700/W2036_root_clean_1.fastq.gz;ftp.sra.ebi.ac.uk/vol1/run/ERR133/ERR13336700/W2036_root_clean_2.fastq.gz	2196744098;2243733209	4306dcefcef68a7138f8b2b2795f99d5;6cbcfd001ed571b26003dd3262d3b372			
ERR13336702	ftp.sra.ebi.ac.uk/vol1/fastq/ERR133/002/ERR13336702/ERR13336702_1.fastq.gz;ftp.sra.ebi.ac.uk/vol1/fastq/ERR133/002/ERR13336702/ERR13336702_2.fastq.gz	4221828882;4444933132	bde9048ad978881956b645df2bf6fb06;5b4d2bc97f36664b561927cb75a18fd1	ftp.sra.ebi.ac.uk/vol1/err/ERR133/002/ERR13336702/ERR13336702.bam	8513408154	ba0a601ead6cff4ed89c1ac51df9b80d	ftp.sra.ebi.ac.uk/vol1/run/ERR133/ERR13336702/W2053_root_clean_1.fastq.gz;ftp.sra.ebi.ac.uk/vol1/run/ERR133/ERR13336702/W2053_root_clean_2.fastq.gz	4072643014;4292814605	099cb9273b793b5664c875cdb2c33b96;69309629476ea75f81a8132ddf73f8e1			
ERR13336712	ftp.sra.ebi.ac.uk/vol1/fastq/ERR133/012/ERR13336712/ERR13336712_1.fastq.gz;ftp.sra.ebi.ac.uk/vol1/fastq/ERR133/012/ERR13336712/ERR13336712_2.fastq.gz	1749207560;1963068754	26164988578204a8be8d233b8a24e0c6;7a59e1e63c51a7f35dd0bd6eea273d8a	ftp.sra.ebi.ac.uk/vol1/err/ERR133/012/ERR13336712/ERR13336712.bam	3859255505	f859d5a0c2cd54331273ca72d8db72f1	ftp.sra.ebi.ac.uk/vol1/run/ERR133/ERR13336712/W2308_root_clean_1.fastq.gz;ftp.sra.ebi.ac.uk/vol1/run/ERR133/ERR13336712/W2308_root_clean_2.fastq.gz	1670593262;1883835417	b8b4e2577a00eebde93a6b63d3f336d5;318d868823c344c774714367df5c6dec			
ERR13336713	ftp.sra.ebi.ac.uk/vol1/fastq/ERR133/013/ERR13336713/ERR13336713_1.fastq.gz;ftp.sra.ebi.ac.uk/vol1/fastq/ERR133/013/ERR13336713/ERR13336713_2.fastq.gz	2296852141;2344608403	99da0a86bfdcf2bf52a39d2adc889cae;83a0c73cb4cfb86de22067591f530638	ftp.sra.ebi.ac.uk/vol1/err/ERR133/013/ERR13336713/ERR13336713.bam	4458483330	af5c3b991f86d1e8cb555f6e253ab84c	ftp.sra.ebi.ac.uk/vol1/run/ERR133/ERR13336713/W2310_root_clean_1.fastq.gz;ftp.sra.ebi.ac.uk/vol1/run/ERR133/ERR13336713/W2310_root_clean_2.fastq.gz	2170608158;2219062306	43ba15da1f206ab12e7c0893a06f2bbb;1900b01663a30a06915a16c5abb8c5e2			
ERR13336714	ftp.sra.ebi.ac.uk/vol1/fastq/ERR133/014/ERR13336714/ERR13336714_1.fastq.gz;ftp.sra.ebi.ac.uk/vol1/fastq/ERR133/014/ERR13336714/ERR13336714_2.fastq.gz	2954298116;2782646320	690a6b07ce635d297fbfa6e096f9a454;5412d411e756c8708697620a9bd039a9	ftp.sra.ebi.ac.uk/vol1/err/ERR133/014/ERR13336714/ERR13336714.bam	5742726778	cee2924b3b569e76c8c8e585d077ba47	ftp.sra.ebi.ac.uk/vol1/run/ERR133/ERR13336714/W2311_root_clean_1.fastq.gz;ftp.sra.ebi.ac.uk/vol1/run/ERR133/ERR13336714/W2311_root_clean_2.fastq.gz	2863561996;2690395631	0e6595d204b9f629def48ae4cb40fa11;16dd820b655752583d08a34daf94f287			
ERR13336716	ftp.sra.ebi.ac.uk/vol1/fastq/ERR133/016/ERR13336716/ERR13336716_1.fastq.gz;ftp.sra.ebi.ac.uk/vol1/fastq/ERR133/016/ERR13336716/ERR13336716_2.fastq.gz	2420417244;2478785326	9ea185f3c3a21503b69e7c9a5c347814;0829feaa97251e8319f749b68ea3905a	ftp.sra.ebi.ac.uk/vol1/err/ERR133/016/ERR13336716/ERR13336716.bam	4664976176	feee5b89ec34ea9c13f38e25075738d9	ftp.sra.ebi.ac.uk/vol1/run/ERR133/ERR13336716/W2319_root_clean_1.fastq.gz;ftp.sra.ebi.ac.uk/vol1/run/ERR133/ERR13336716/W2319_root_clean_2.fastq.gz	2287629105;2346612306	59170968a9056327522b04b8ee4439e7;c6d9b19de1dada8475de9b42eb539e24			
ERR13336717	ftp.sra.ebi.ac.uk/vol1/fastq/ERR133/017/ERR13336717/ERR13336717_1.fastq.gz;ftp.sra.ebi.ac.uk/vol1/fastq/ERR133/017/ERR13336717/ERR13336717_2.fastq.gz	2520028202;2593301470	47f4275877e441f2263a1bab7ba057bf;9757d8f102ac0b2f327ebb8d7fde5b53	ftp.sra.ebi.ac.uk/vol1/err/ERR133/017/ERR13336717/ERR13336717.bam	4853935117	865f0b8a46729d3ed1a07c4d5db893ce	ftp.sra.ebi.ac.uk/vol1/run/ERR133/ERR13336717/W2320_root_clean_1.fastq.gz;ftp.sra.ebi.ac.uk/vol1/run/ERR133/ERR13336717/W2320_root_clean_2.fastq.gz	2382308699;2456077776	e981e6a6fcb508c5e288b7af1c2b5cb3;630b134330388d554ab291a60d26f8b1			
ERR13336723	ftp.sra.ebi.ac.uk/vol1/fastq/ERR133/023/ERR13336723/ERR13336723_1.fastq.gz;ftp.sra.ebi.ac.uk/vol1/fastq/ERR133/023/ERR13336723/ERR13336723_2.fastq.gz	2594525559;2656330980	63f624025c2c9efd04273ae5cdf0bdd4;ad60ab086852389a1205a8864d7099c8	ftp.sra.ebi.ac.uk/vol1/err/ERR133/023/ERR13336723/ERR13336723.bam	5039293315	19402f58b81e2f4779d265c64a4d54d5	ftp.sra.ebi.ac.uk/vol1/run/ERR133/ERR13336723/W3012_root_clean_1.fastq.gz;ftp.sra.ebi.ac.uk/vol1/run/ERR133/ERR13336723/W3012_root_clean_2.fastq.gz	2453836094;2516104383	ac2b6598c38fb038d8d8be7284ed7c29;e69aff728833f62c4c56e84a2e72b31f			
ERR13336724	ftp.sra.ebi.ac.uk/vol1/fastq/ERR133/024/ERR13336724/ERR13336724_1.fastq.gz;ftp.sra.ebi.ac.uk/vol1/fastq/ERR133/024/ERR13336724/ERR13336724_2.fastq.gz	2365937594;2406918505	18141794d02fb5e6dafcde87a8684f00;a7555d6c9f44250c502be1fd837ec47d	ftp.sra.ebi.ac.uk/vol1/err/ERR133/024/ERR13336724/ERR13336724.bam	4548928183	b2a98dcc4cb8ecae9961c661b2868841	ftp.sra.ebi.ac.uk/vol1/run/ERR133/ERR13336724/W3029_root_clean_1.fastq.gz;ftp.sra.ebi.ac.uk/vol1/run/ERR133/ERR13336724/W3029_root_clean_2.fastq.gz	2235074925;2276250921	b88786d84ee1501564c6161342f3248a;ff4aa215fa0c8b657b6b186ce0304a05			
ERR13765364	ftp.sra.ebi.ac.uk/vol1/fastq/ERR137/064/ERR13765364/ERR13765364_1.fastq.gz;ftp.sra.ebi.ac.uk/vol1/fastq/ERR137/064/ERR13765364/ERR13765364_2.fastq.gz	2229519006;2263545316	4dd0a5048e21d9acd68c90b7f5eab0c0;b48b916815f3430378b7f29817fbc8ce	ftp.sra.ebi.ac.uk/vol1/err/ERR137/064/ERR13765364/ERR13765364.bam	4211140246	5ffdb8635a3a7f3e7b16f85924ef572b	ftp.sra.ebi.ac.uk/vol1/run/ERR137/ERR13765364/W0108_R1.fastq.gz;ftp.sra.ebi.ac.uk/vol1/run/ERR137/ERR13765364/W0108_R2.fastq.gz	2343027213;2383789787	04d0f09cf0ec87dc69656f522fa641a9;5a19c64324416915d5e361073dce36ae			
ERR13765366	ftp.sra.ebi.ac.uk/vol1/fastq/ERR137/066/ERR13765366/ERR13765366_1.fastq.gz;ftp.sra.ebi.ac.uk/vol1/fastq/ERR137/066/ERR13765366/ERR13765366_2.fastq.gz	1432077793;1459360815	7978d3780fd1890943a798461207f182;0c8a68f77cfc392033fa2406a1f869db	ftp.sra.ebi.ac.uk/vol1/err/ERR137/066/ERR13765366/ERR13765366.bam	2719576778	0d552cce09ab4fc2d737d448ab5e7107	ftp.sra.ebi.ac.uk/vol1/run/ERR137/ERR13765366/W0135_R1.fastq.gz;ftp.sra.ebi.ac.uk/vol1/run/ERR137/ERR13765366/W0135_R2.fastq.gz	1515754327;1547646335	6619098210ec68b2a5dd7b86b2b9450f;4811d6d4f2bb4ebd2d08e30b098a252f			
ERR13765370	ftp.sra.ebi.ac.uk/vol1/fastq/ERR137/070/ERR13765370/ERR13765370_1.fastq.gz;ftp.sra.ebi.ac.uk/vol1/fastq/ERR137/070/ERR13765370/ERR13765370_2.fastq.gz	1904181912;1948130991	479da51cd8eb4b42fc73ca7793005417;34c9677f43f1b0060b7052683fd74e59	ftp.sra.ebi.ac.uk/vol1/err/ERR137/070/ERR13765370/ERR13765370.bam	3610429041	572fe9439633b533b4c03eb1b442fca4	ftp.sra.ebi.ac.uk/vol1/run/ERR137/ERR13765370/W0145_R1.fastq.gz;ftp.sra.ebi.ac.uk/vol1/run/ERR137/ERR13765370/W0145_R2.fastq.gz	2001813498;2053211169	101315718e7dad810d691a85b08abbaa;04d654547c90711520bb8cd856efbdf2			
ERR13765373	ftp.sra.ebi.ac.uk/vol1/fastq/ERR137/073/ERR13765373/ERR13765373_1.fastq.gz;ftp.sra.ebi.ac.uk/vol1/fastq/ERR137/073/ERR13765373/ERR13765373_2.fastq.gz	2040538936;2087470403	9a2718279f5d43d4d8e6f2cdc1c9a264;1571062269869ae21d7c8e0cc0a871fe	ftp.sra.ebi.ac.uk/vol1/err/ERR137/073/ERR13765373/ERR13765373.bam	3866820507	e0b6e146066c69853bad1c81ad317635	ftp.sra.ebi.ac.uk/vol1/run/ERR137/ERR13765373/W0157_R1.fastq.gz;ftp.sra.ebi.ac.uk/vol1/run/ERR137/ERR13765373/W0157_R2.fastq.gz	2141398576;2196282329	273c07fe641366c8a6589eb88c56e457;edb015dfda6dd2a2c45136c6d9e0da83			
ERR13765374	ftp.sra.ebi.ac.uk/vol1/fastq/ERR137/074/ERR13765374/ERR13765374_1.fastq.gz;ftp.sra.ebi.ac.uk/vol1/fastq/ERR137/074/ERR13765374/ERR13765374_2.fastq.gz	2782818575;2844625864	f5074f21c72c5ff75a9a88e86d383a47;eb4a52b24e783297ef9b667b33c88867	ftp.sra.ebi.ac.uk/vol1/err/ERR137/074/ERR13765374/ERR13765374.bam	5279731305	c7005e000b805211af1b6661e6770fee	ftp.sra.ebi.ac.uk/vol1/run/ERR137/ERR13765374/W0164_R1.fastq.gz;ftp.sra.ebi.ac.uk/vol1/run/ERR137/ERR13765374/W0164_R2.fastq.gz	2920518470;2993363798	34285330ef8b13e7170387b17d5bf397;9a581ee081ef3b90813241021973a56d			
ERR13765375	ftp.sra.ebi.ac.uk/vol1/fastq/ERR137/075/ERR13765375/ERR13765375_1.fastq.gz;ftp.sra.ebi.ac.uk/vol1/fastq/ERR137/075/ERR13765375/ERR13765375_2.fastq.gz	2117652556;2147966976	6ee9ac905db6ada3f430be6e5f012f1e;0be14504aa00b1962013ae9d3e103928	ftp.sra.ebi.ac.uk/vol1/err/ERR137/075/ERR13765375/ERR13765375.bam	3993346044	1eb2c7091da073570181995556e16d2a	ftp.sra.ebi.ac.uk/vol1/run/ERR137/ERR13765375/W0166_R1.fastq.gz;ftp.sra.ebi.ac.uk/vol1/run/ERR137/ERR13765375/W0166_R2.fastq.gz	2226777484;2263411197	11f8d493c5ed3cf219df3a25d3cac1ab;1e91bb4d5c2ff5c7cea12ab0786fc552			
ERR13765376	ftp.sra.ebi.ac.uk/vol1/fastq/ERR137/076/ERR13765376/ERR13765376_1.fastq.gz;ftp.sra.ebi.ac.uk/vol1/fastq/ERR137/076/ERR13765376/ERR13765376_2.fastq.gz	2431653921;2499826807	7929b3f2f2e60edd1927b23268b8134e;7fce7fbd8f5d444be80b2b880e3fbde6	ftp.sra.ebi.ac.uk/vol1/err/ERR137/076/ERR13765376/ERR13765376.bam	4629867858	8959fa69cc3ff67ff89f3a8a589b49c5	ftp.sra.ebi.ac.uk/vol1/run/ERR137/ERR13765376/W0169_R1.fastq.gz;ftp.sra.ebi.ac.uk/vol1/run/ERR137/ERR13765376/W0169_R2.fastq.gz	2552683963;2631637355	2635cae7e426418d808433b77ffda8f9;798ffe5be59c22cfa354c77e923267d7			
ERR13765377	ftp.sra.ebi.ac.uk/vol1/fastq/ERR137/077/ERR13765377/ERR13765377_1.fastq.gz;ftp.sra.ebi.ac.uk/vol1/fastq/ERR137/077/ERR13765377/ERR13765377_2.fastq.gz	946035793;959767738	cc26b105d44b2f1dc444f1efc91c370a;027a80f0197ed72eaf9b53fb4050e20d	ftp.sra.ebi.ac.uk/vol1/err/ERR137/077/ERR13765377/ERR13765377.bam	1796538758	8e45d5eaf4cfe88bd1d3cf4c0c279720	ftp.sra.ebi.ac.uk/vol1/run/ERR137/ERR13765377/W0171_R1.fastq.gz;ftp.sra.ebi.ac.uk/vol1/run/ERR137/ERR13765377/W0171_R2.fastq.gz	1006467522;1022798834	f583eff17d046d7f796bcbebaa9c3372;2702c9311462e7b13431cb95e6f928ca			
ERR13765383	ftp.sra.ebi.ac.uk/vol1/fastq/ERR137/083/ERR13765383/ERR13765383_1.fastq.gz;ftp.sra.ebi.ac.uk/vol1/fastq/ERR137/083/ERR13765383/ERR13765383_2.fastq.gz	3028964647;3077487468	3c874d03f4321f78992562e62c9f9b74;453c99324189ecd488a58832f9f53f8d	ftp.sra.ebi.ac.uk/vol1/err/ERR137/083/ERR13765383/ERR13765383.bam	5730737630	d82e358a08bc7fcd02ea7c0412388281	ftp.sra.ebi.ac.uk/vol1/run/ERR137/ERR13765383/W0594_R1.fastq.gz;ftp.sra.ebi.ac.uk/vol1/run/ERR137/ERR13765383/W0594_R2.fastq.gz	3175129730;3233996565	89c472c0d4329fb0f8be06cb8205d9e2;9df331df7ac7dc65bd7f25b410799696			
ERR13765386	ftp.sra.ebi.ac.uk/vol1/fastq/ERR137/086/ERR13765386/ERR13765386_1.fastq.gz;ftp.sra.ebi.ac.uk/vol1/fastq/ERR137/086/ERR13765386/ERR13765386_2.fastq.gz	2076179001;2120392140	98458723712fdc11b3bb1a018a9410a6;004ea17e4c005c764bdcad0c2be82405	ftp.sra.ebi.ac.uk/vol1/err/ERR137/086/ERR13765386/ERR13765386.bam	3932823478	8d53d5fa843299b3e9c2e329927fb878	ftp.sra.ebi.ac.uk/vol1/run/ERR137/ERR13765386/W0627_R1.fastq.gz;ftp.sra.ebi.ac.uk/vol1/run/ERR137/ERR13765386/W0627_R2.fastq.gz	2181545859;2233319859	633a5bc38e33c7dc25bed0369095d177;425e8ad5c6b9a00c162b34ba62992169			
ERR13765393	ftp.sra.ebi.ac.uk/vol1/fastq/ERR137/093/ERR13765393/ERR13765393_1.fastq.gz;ftp.sra.ebi.ac.uk/vol1/fastq/ERR137/093/ERR13765393/ERR13765393_2.fastq.gz	1917869989;1985224032	53f30e9bfe43d741d35257d46f2fdaa1;0c1fc29be0eefecb10244946fc54bb8d	ftp.sra.ebi.ac.uk/vol1/err/ERR137/093/ERR13765393/ERR13765393.bam	3667669424	0b9d61e60e989fb7546b35522b820f37	ftp.sra.ebi.ac.uk/vol1/run/ERR137/ERR13765393/W1093_R1.fastq.gz;ftp.sra.ebi.ac.uk/vol1/run/ERR137/ERR13765393/W1093_R2.fastq.gz	2019757136;2096623068	07c72311f7679b274b79002dff1fd8c2;5052ad379bef3ae46c0d48da85825d93			
ERR13765394	ftp.sra.ebi.ac.uk/vol1/fastq/ERR137/094/ERR13765394/ERR13765394_1.fastq.gz;ftp.sra.ebi.ac.uk/vol1/fastq/ERR137/094/ERR13765394/ERR13765394_2.fastq.gz	1370090791;1399199429	7b8615f0ddd6e2bc0cdc6fae8acd67be;1d5a63f6abf8b5a8e3f56871d76e12b4	ftp.sra.ebi.ac.uk/vol1/err/ERR137/094/ERR13765394/ERR13765394.bam	2604682526	cbb8d56f3673cc552de23e0f2bb755ae	ftp.sra.ebi.ac.uk/vol1/run/ERR137/ERR13765394/W1107_R1.fastq.gz;ftp.sra.ebi.ac.uk/vol1/run/ERR137/ERR13765394/W1107_R2.fastq.gz	1450132709;1484109815	d10e5e25e3ccdf397ad47996edf29586;08ea93092f1a0261cf43e196fa9f6e5e			
ERR13765397	ftp.sra.ebi.ac.uk/vol1/fastq/ERR137/097/ERR13765397/ERR13765397_1.fastq.gz;ftp.sra.ebi.ac.uk/vol1/fastq/ERR137/097/ERR13765397/ERR13765397_2.fastq.gz	2587522233;2630710254	12a6bf6f0bc888e9f885885c8fb9bf2a;be1a1818718693493ab5c95eaeebc802	ftp.sra.ebi.ac.uk/vol1/err/ERR137/097/ERR13765397/ERR13765397.bam	4906596219	035530f9f0f86c682bfd77744f8018ad	ftp.sra.ebi.ac.uk/vol1/run/ERR137/ERR13765397/W1142_R1.fastq.gz;ftp.sra.ebi.ac.uk/vol1/run/ERR137/ERR13765397/W1142_R2.fastq.gz	2714424871;2765085692	a4986b6a9348953f4fe3c55d14d957af;ff5ab06c62ab4ea5bb32a8f36cd7a4a8			
ERR13765398	ftp.sra.ebi.ac.uk/vol1/fastq/ERR137/098/ERR13765398/ERR13765398_1.fastq.gz;ftp.sra.ebi.ac.uk/vol1/fastq/ERR137/098/ERR13765398/ERR13765398_2.fastq.gz	2167104716;2211997326	2f41f72fad5e54e4c93329ec149b27b5;96f1c375bee66198116259799260cba7	ftp.sra.ebi.ac.uk/vol1/err/ERR137/098/ERR13765398/ERR13765398.bam	4110603977	ff73d7e04497b2663a23466ae3be2f83	ftp.sra.ebi.ac.uk/vol1/run/ERR137/ERR13765398/W1214_R1.fastq.gz;ftp.sra.ebi.ac.uk/vol1/run/ERR137/ERR13765398/W1214_R2.fastq.gz	2277079274;2328995462	7448ff229b12c01d8b63647518c53296;51893377b4088e83567482fe09598f75			
ERR13765399	ftp.sra.ebi.ac.uk/vol1/fastq/ERR137/099/ERR13765399/ERR13765399_1.fastq.gz;ftp.sra.ebi.ac.uk/vol1/fastq/ERR137/099/ERR13765399/ERR13765399_2.fastq.gz	2493711485;2557679939	2942fc03565376ac4e6f5dc4ad281cf4;c70fed053a2666be02d23edc67db2710	ftp.sra.ebi.ac.uk/vol1/err/ERR137/099/ERR13765399/ERR13765399.bam	4745412101	7121b377e977eccc26735f85546c9082	ftp.sra.ebi.ac.uk/vol1/run/ERR137/ERR13765399/W1236_R1.fastq.gz;ftp.sra.ebi.ac.uk/vol1/run/ERR137/ERR13765399/W1236_R2.fastq.gz	2615360381;2688398006	3950891e57fd5f89b50fff36a9c5538e;14bf859bc0daf55519185dff699dfdff			
ERR13765400	ftp.sra.ebi.ac.uk/vol1/fastq/ERR137/000/ERR13765400/ERR13765400_1.fastq.gz;ftp.sra.ebi.ac.uk/vol1/fastq/ERR137/000/ERR13765400/ERR13765400_2.fastq.gz	3132703810;3195550886	eeebbf53a6ed7b6f747fd6df07fe02c7;32cfe6a204bc88d796cb296bd15d0aa4	ftp.sra.ebi.ac.uk/vol1/err/ERR137/000/ERR13765400/ERR13765400.bam	5941003301	dd5f88f65e7d6db8e44b8aee002c3495	ftp.sra.ebi.ac.uk/vol1/run/ERR137/ERR13765400/W1292_R1.fastq.gz;ftp.sra.ebi.ac.uk/vol1/run/ERR137/ERR13765400/W1292_R2.fastq.gz	3284968409;3359166579	b4173aee904787fcd9e0e530f4f89573;87f73c57743d5328875cabb39f4de623			
ERR13765402	ftp.sra.ebi.ac.uk/vol1/fastq/ERR137/002/ERR13765402/ERR13765402_1.fastq.gz;ftp.sra.ebi.ac.uk/vol1/fastq/ERR137/002/ERR13765402/ERR13765402_2.fastq.gz	1862023882;1920651597	f1c143439b916922cc6b5eb9228917f3;ca4154e34e352ce587611788a8a20ef9	ftp.sra.ebi.ac.uk/vol1/err/ERR137/002/ERR13765402/ERR13765402.bam	3556793075	e45f97ef6e651c7a57839d737aae8e4d	ftp.sra.ebi.ac.uk/vol1/run/ERR137/ERR13765402/W1547_R1.fastq.gz;ftp.sra.ebi.ac.uk/vol1/run/ERR137/ERR13765402/W1547_R2.fastq.gz	1960371078;2026408613	1099bab8c7c37a1250f16ebe6861916c;e56651fa85cf622b0729bf557aa94f3f			
ERR13765407	ftp.sra.ebi.ac.uk/vol1/fastq/ERR137/007/ERR13765407/ERR13765407_1.fastq.gz;ftp.sra.ebi.ac.uk/vol1/fastq/ERR137/007/ERR13765407/ERR13765407_2.fastq.gz	2035070975;2107366098	11ad8393e9a205515eca35332295d2ce;d1467bfc6d2960aecb3544a21e3f6e42	ftp.sra.ebi.ac.uk/vol1/err/ERR137/007/ERR13765407/ERR13765407.bam	3898047983	cff1492a07717b064ceb85de80e1d92c	ftp.sra.ebi.ac.uk/vol1/run/ERR137/ERR13765407/W1557_R1.fastq.gz;ftp.sra.ebi.ac.uk/vol1/run/ERR137/ERR13765407/W1557_R2.fastq.gz	2142962539;2224411112	72e45c31ef7c281ffdd7ceb0fab66643;8322820e3a4699c298f0e2cf6ce643bf			
ERR13765410	ftp.sra.ebi.ac.uk/vol1/fastq/ERR137/010/ERR13765410/ERR13765410_1.fastq.gz;ftp.sra.ebi.ac.uk/vol1/fastq/ERR137/010/ERR13765410/ERR13765410_2.fastq.gz	1839048842;1889921925	2c0873d7ffffa232aa960aa3040a0cf3;f3d79663fa734d4198e1f818d8304159	ftp.sra.ebi.ac.uk/vol1/err/ERR137/010/ERR13765410/ERR13765410.bam	3504482281	bf2ef5612327f234ac78283390da08b8	ftp.sra.ebi.ac.uk/vol1/run/ERR137/ERR13765410/W1666_R1.fastq.gz;ftp.sra.ebi.ac.uk/vol1/run/ERR137/ERR13765410/W1666_R2.fastq.gz	1935256922;1992992719	1fd2c782b3f7c97eb45ba0e1b31ca442;e94a6a90540ead647741d2661f4a87b9			
ERR13765411	ftp.sra.ebi.ac.uk/vol1/fastq/ERR137/011/ERR13765411/ERR13765411_1.fastq.gz;ftp.sra.ebi.ac.uk/vol1/fastq/ERR137/011/ERR13765411/ERR13765411_2.fastq.gz	2040245282;2086433022	5389f4da85c9eb8ccddf7d3721d5c5c9;bfecd1357d47cb18d36df1a74d002023	ftp.sra.ebi.ac.uk/vol1/err/ERR137/011/ERR13765411/ERR13765411.bam	3878460142	7633ff6a51a79d60a6dc2f529eaa2ca8	ftp.sra.ebi.ac.uk/vol1/run/ERR137/ERR13765411/W1668_R1.fastq.gz;ftp.sra.ebi.ac.uk/vol1/run/ERR137/ERR13765411/W1668_R2.fastq.gz	2147675213;2200994719	43d45fdafe942a028db7be6c47aa4cf5;7b22fc4771454492684cd715ef62ba43			
ERR13765414	ftp.sra.ebi.ac.uk/vol1/fastq/ERR137/014/ERR13765414/ERR13765414_1.fastq.gz;ftp.sra.ebi.ac.uk/vol1/fastq/ERR137/014/ERR13765414/ERR13765414_2.fastq.gz	2762488694;2803354039	aa0b40d7b171f2606a866cff84f404a7;d72b9f7f238afcf971679af2c58a766a	ftp.sra.ebi.ac.uk/vol1/err/ERR137/014/ERR13765414/ERR13765414.bam	5221446129	ca795f54a05245f49dd051a629325ca0	ftp.sra.ebi.ac.uk/vol1/run/ERR137/ERR13765414/W1718_R1.fastq.gz;ftp.sra.ebi.ac.uk/vol1/run/ERR137/ERR13765414/W1718_R2.fastq.gz	2896275264;2945505831	006cc0e51f48a837da096e3701da197e;b902e1a3ee276c13bcc876554196ebc5			
ERR13765417	ftp.sra.ebi.ac.uk/vol1/fastq/ERR137/017/ERR13765417/ERR13765417_1.fastq.gz;ftp.sra.ebi.ac.uk/vol1/fastq/ERR137/017/ERR13765417/ERR13765417_2.fastq.gz	1960570668;2003873551	88eed614230ecc51144274c1bf05e3fe;da734c8f7308cb06f2bbc63398ab29e8	ftp.sra.ebi.ac.uk/vol1/err/ERR137/017/ERR13765417/ERR13765417.bam	3723976985	997026e9fa34d2ca2d94fc0030a51dd0	ftp.sra.ebi.ac.uk/vol1/run/ERR137/ERR13765417/W1725_R1.fastq.gz;ftp.sra.ebi.ac.uk/vol1/run/ERR137/ERR13765417/W1725_R2.fastq.gz	2063123975;2112864775	3f2a71678e4cfb88ccddab85fa58d7e6;1c46b3a191b52a56738ccb7b3f92cfc4			
ERR13765419	ftp.sra.ebi.ac.uk/vol1/fastq/ERR137/019/ERR13765419/ERR13765419_1.fastq.gz;ftp.sra.ebi.ac.uk/vol1/fastq/ERR137/019/ERR13765419/ERR13765419_2.fastq.gz	2105471659;2164966511	fd9882adc5d15d3182164a3cb78de5b4;5e90500980de386983ae86a34186e92d	ftp.sra.ebi.ac.uk/vol1/err/ERR137/019/ERR13765419/ERR13765419.bam	4012822880	92b043bfc62f97f7c264adeeaa261300	ftp.sra.ebi.ac.uk/vol1/run/ERR137/ERR13765419/W1731_R1.fastq.gz;ftp.sra.ebi.ac.uk/vol1/run/ERR137/ERR13765419/W1731_R2.fastq.gz	2211941193;2279399810	9b011de37ba87316e8ac1d0fe3842c0c;14353f45144f01d0b43e24477d809bb4			
ERR13765422	ftp.sra.ebi.ac.uk/vol1/fastq/ERR137/022/ERR13765422/ERR13765422_1.fastq.gz;ftp.sra.ebi.ac.uk/vol1/fastq/ERR137/022/ERR13765422/ERR13765422_2.fastq.gz	2451236216;2483796623	4bc9b6b15e8d56a54ef063fd945f212b;0f28e77be6a08efa4a9e87ee4d16a203	ftp.sra.ebi.ac.uk/vol1/err/ERR137/022/ERR13765422/ERR13765422.bam	4662486620	9b7e84ad686e9ce635a66a2d052d54a2	ftp.sra.ebi.ac.uk/vol1/run/ERR137/ERR13765422/W1736_R1.fastq.gz;ftp.sra.ebi.ac.uk/vol1/run/ERR137/ERR13765422/W1736_R2.fastq.gz	2649521942;2686611324	acc541fa7c1f5cf9cbdd5c41923a60ff;ba68683bd0dca10ea52adb5341c23d29			
ERR13765423	ftp.sra.ebi.ac.uk/vol1/fastq/ERR137/023/ERR13765423/ERR13765423_1.fastq.gz;ftp.sra.ebi.ac.uk/vol1/fastq/ERR137/023/ERR13765423/ERR13765423_2.fastq.gz	2208577383;2241319185	d5a16aae912612c2747743cc5fe8fafc;1419c572d208cf032619018c2e45103a	ftp.sra.ebi.ac.uk/vol1/err/ERR137/023/ERR13765423/ERR13765423.bam	4175303766	754027b72666f249ca648e94fd17a5ca	ftp.sra.ebi.ac.uk/vol1/run/ERR137/ERR13765423/W1737_R1.fastq.gz;ftp.sra.ebi.ac.uk/vol1/run/ERR137/ERR13765423/W1737_R2.fastq.gz	2318796257;2357968755	f0f01566f45325d9610c492fb210d685;112a7ffac687aa91c1d7c0b9cc598a92			
ERR13765424	ftp.sra.ebi.ac.uk/vol1/fastq/ERR137/024/ERR13765424/ERR13765424_1.fastq.gz;ftp.sra.ebi.ac.uk/vol1/fastq/ERR137/024/ERR13765424/ERR13765424_2.fastq.gz	2316884797;2411945853	d8df93ecd545ca7088782c8f1c29df0e;6286b2bf0c15fc905e09b5a94f3c36fa	ftp.sra.ebi.ac.uk/vol1/err/ERR137/024/ERR13765424/ERR13765424.bam	4447502061	ddb0d4df70f2cafc1613775a57f86829	ftp.sra.ebi.ac.uk/vol1/run/ERR137/ERR13765424/W1742_R1.fastq.gz;ftp.sra.ebi.ac.uk/vol1/run/ERR137/ERR13765424/W1742_R2.fastq.gz	2431930531;2537883053	1334d42759fb0d2ead11fcd18a1e5f6e;e45dca3db7ab8a50c7ab4767b63e5355			
ERR13765425	ftp.sra.ebi.ac.uk/vol1/fastq/ERR137/025/ERR13765425/ERR13765425_1.fastq.gz;ftp.sra.ebi.ac.uk/vol1/fastq/ERR137/025/ERR13765425/ERR13765425_2.fastq.gz	1383937768;1426211602	185caae88b2a980376bda251df69a7ed;2778cd76f3f44a1c7a927221f7887ca4	ftp.sra.ebi.ac.uk/vol1/err/ERR137/025/ERR13765425/ERR13765425.bam	2647840048	ccfef88f6734e85677c28f0a7c7da4ab	ftp.sra.ebi.ac.uk/vol1/run/ERR137/ERR13765425/W1748_R1.fastq.gz;ftp.sra.ebi.ac.uk/vol1/run/ERR137/ERR13765425/W1748_R2.fastq.gz	1463659726;1511084300	6a0c5c16d789a41c6c43d4a3ffc13b0d;dc12e9b7bba702365a64f23cd8396a9d			
ERR13765437	ftp.sra.ebi.ac.uk/vol1/fastq/ERR137/037/ERR13765437/ERR13765437_1.fastq.gz;ftp.sra.ebi.ac.uk/vol1/fastq/ERR137/037/ERR13765437/ERR13765437_2.fastq.gz	2031590686;2087878296	a3446ac148ce0c4d866004f0b79d72e9;ad9b6d672ca19777e07b09ee91e8fb0a	ftp.sra.ebi.ac.uk/vol1/err/ERR137/037/ERR13765437/ERR13765437.bam	3865798764	51959f65ebe55642607e44838f12e74e	ftp.sra.ebi.ac.uk/vol1/run/ERR137/ERR13765437/W1895_R1.fastq.gz;ftp.sra.ebi.ac.uk/vol1/run/ERR137/ERR13765437/W1895_R2.fastq.gz	2136779055;2201529193	95bdf6da938e49a7bd53578e786ef478;a3e30c90013c8653c7fe642aaf147497			
ERR13765438	ftp.sra.ebi.ac.uk/vol1/fastq/ERR137/038/ERR13765438/ERR13765438_1.fastq.gz;ftp.sra.ebi.ac.uk/vol1/fastq/ERR137/038/ERR13765438/ERR13765438_2.fastq.gz	1354479403;1392631759	771d275a2a81f8be53aab6a62b1b0e0a;d2eb45ef8612a0caa19ffd2121a9bce6	ftp.sra.ebi.ac.uk/vol1/err/ERR137/038/ERR13765438/ERR13765438.bam	2583548582	f8473cd0449d7176a82eb0245848e47c	ftp.sra.ebi.ac.uk/vol1/run/ERR137/ERR13765438/W1919_R1.fastq.gz;ftp.sra.ebi.ac.uk/vol1/run/ERR137/ERR13765438/W1919_R2.fastq.gz	1430444721;1473362481	2d2ce025c26ace6d8455f822c856391e;79346071de4fdf35db052311077309b1			
ERR13765439	ftp.sra.ebi.ac.uk/vol1/fastq/ERR137/039/ERR13765439/ERR13765439_1.fastq.gz;ftp.sra.ebi.ac.uk/vol1/fastq/ERR137/039/ERR13765439/ERR13765439_2.fastq.gz	2933809784;2855455450	878c1003f33d1d829f0e050b43a7eb62;fe40b1e5dbc78506517108b999fd1965	ftp.sra.ebi.ac.uk/vol1/err/ERR137/039/ERR13765439/ERR13765439.bam	5512583336	3f42aff3d70ae24a6b77bbf45e9ab6ae	ftp.sra.ebi.ac.uk/vol1/run/ERR137/ERR13765439/W1943_R1.fastq.gz;ftp.sra.ebi.ac.uk/vol1/run/ERR137/ERR13765439/W1943_R2.fastq.gz	2979845160;2898174097	d49058b02a56103259bd73948e76d03c;aec787a304dc832a024bab5f276d72d4			
ERR13765440	ftp.sra.ebi.ac.uk/vol1/fastq/ERR137/040/ERR13765440/ERR13765440_1.fastq.gz;ftp.sra.ebi.ac.uk/vol1/fastq/ERR137/040/ERR13765440/ERR13765440_2.fastq.gz	1944962376;1970641251	5940ffb4812055f0c66d76d418324f01;9ae19589d5db4a36efe9f74fa239c0d7	ftp.sra.ebi.ac.uk/vol1/err/ERR137/040/ERR13765440/ERR13765440.bam	3673209818	30732f317a3d9f97bdb9b8f86566a51d	ftp.sra.ebi.ac.uk/vol1/run/ERR137/ERR13765440/W1970_R1.fastq.gz;ftp.sra.ebi.ac.uk/vol1/run/ERR137/ERR13765440/W1970_R2.fastq.gz	2046352316;2077103844	baa3fee6d43976b646feb0ba03320ff5;761c83cb5903778882e155a4f380b78c			
ERR13765441	ftp.sra.ebi.ac.uk/vol1/fastq/ERR137/041/ERR13765441/ERR13765441_1.fastq.gz;ftp.sra.ebi.ac.uk/vol1/fastq/ERR137/041/ERR13765441/ERR13765441_2.fastq.gz	1302366925;1336635419	c232fa8d79d3d6cc2e0400c28aa40423;29e328660afe70b2f33c335d233f0425	ftp.sra.ebi.ac.uk/vol1/err/ERR137/041/ERR13765441/ERR13765441.bam	2483767452	db1d951b5231ddd089e130785f064485	ftp.sra.ebi.ac.uk/vol1/run/ERR137/ERR13765441/W1976_R1.fastq.gz;ftp.sra.ebi.ac.uk/vol1/run/ERR137/ERR13765441/W1976_R2.fastq.gz	1378789848;1417951994	2a1c22702a52b19303fc4106f247209e;bb851f3e66e31ad38c7d67c292771740			
ERR13765442	ftp.sra.ebi.ac.uk/vol1/fastq/ERR137/042/ERR13765442/ERR13765442_1.fastq.gz;ftp.sra.ebi.ac.uk/vol1/fastq/ERR137/042/ERR13765442/ERR13765442_2.fastq.gz	1813415119;1841284476	8292bf1413db69b39ae86c0324a0853b;9f3d9649a19dc5c10e26d03faa384ea4	ftp.sra.ebi.ac.uk/vol1/err/ERR137/042/ERR13765442/ERR13765442.bam	3431962125	5ad1fa6f4794679525f736bfc327658f	ftp.sra.ebi.ac.uk/vol1/run/ERR137/ERR13765442/W2005_R1.fastq.gz;ftp.sra.ebi.ac.uk/vol1/run/ERR137/ERR13765442/W2005_R2.fastq.gz	1912371137;1945158422	ebbd271eaf094dc99a4547e382318a5a;594b31153a5eaba4e85336cbbd83b588			
ERR13765444	ftp.sra.ebi.ac.uk/vol1/fastq/ERR137/044/ERR13765444/ERR13765444_1.fastq.gz;ftp.sra.ebi.ac.uk/vol1/fastq/ERR137/044/ERR13765444/ERR13765444_2.fastq.gz	2308336197;2382068738	d7f87463f4302d4277b65652e8361017;5b1bdb488c802429e7838722a59ab69f	ftp.sra.ebi.ac.uk/vol1/err/ERR137/044/ERR13765444/ERR13765444.bam	4408679680	c19602bffeaf56dca89873cd31b6c74f	ftp.sra.ebi.ac.uk/vol1/run/ERR137/ERR13765444/W2036_R1.fastq.gz;ftp.sra.ebi.ac.uk/vol1/run/ERR137/ERR13765444/W2036_R2.fastq.gz	2428691409;2512801378	332969897b378683c61925182c89b689;ecebeb6bb10e9df2a3c42ce1cf9bc479			
ERR13765447	ftp.sra.ebi.ac.uk/vol1/fastq/ERR137/047/ERR13765447/ERR13765447_1.fastq.gz;ftp.sra.ebi.ac.uk/vol1/fastq/ERR137/047/ERR13765447/ERR13765447_2.fastq.gz	2384294950;2464537964	d3732e98c6d0f3499dd50a2b86fb49e3;9afe8c2ec14cddf7329be710e75e6fab	ftp.sra.ebi.ac.uk/vol1/err/ERR137/047/ERR13765447/ERR13765447.bam	4553715683	76a2bb5b5e4e94a82481eed756bfe130	ftp.sra.ebi.ac.uk/vol1/run/ERR137/ERR13765447/W2064_R1.fastq.gz;ftp.sra.ebi.ac.uk/vol1/run/ERR137/ERR13765447/W2064_R2.fastq.gz	2503992180;2595857137	2a9a0e6094401f978b81f93bc2414790;3f09bb45539808ed5d538483a8eae9d1			
ERR13765449	ftp.sra.ebi.ac.uk/vol1/fastq/ERR137/049/ERR13765449/ERR13765449_1.fastq.gz;ftp.sra.ebi.ac.uk/vol1/fastq/ERR137/049/ERR13765449/ERR13765449_2.fastq.gz	1135633455;1160946386	ea6a74bd0636814105259f1042a760bd;ef974b84def804028bce4f345a6d45f0	ftp.sra.ebi.ac.uk/vol1/err/ERR137/049/ERR13765449/ERR13765449.bam	2163540812	f52dd49616f5c177d205fa5368b4bd2b	ftp.sra.ebi.ac.uk/vol1/run/ERR137/ERR13765449/W2099_R1.fastq.gz;ftp.sra.ebi.ac.uk/vol1/run/ERR137/ERR13765449/W2099_R2.fastq.gz	1206100471;1235296882	1672e9973ca8765de8e200ddca4e42c7;6ee8769e4de029863a9d98ba768ae4f5			
ERR13765450	ftp.sra.ebi.ac.uk/vol1/fastq/ERR137/050/ERR13765450/ERR13765450_1.fastq.gz;ftp.sra.ebi.ac.uk/vol1/fastq/ERR137/050/ERR13765450/ERR13765450_2.fastq.gz	1637579070;1686995212	4426ab2e0f331ead28c237f5962630d2;b2b1ce8ca2640e36463bd5aec96d3cd0	ftp.sra.ebi.ac.uk/vol1/err/ERR137/050/ERR13765450/ERR13765450.bam	3130195139	8f0ad0e23d02d8fb166a19eb16770c72	ftp.sra.ebi.ac.uk/vol1/run/ERR137/ERR13765450/W2108_R1.fastq.gz;ftp.sra.ebi.ac.uk/vol1/run/ERR137/ERR13765450/W2108_R2.fastq.gz	1733551107;1789599578	83eda2cc5f902f037560e5ccef2cc3b0;5c3ecf24cada4fcd5c3386fc0d65bfeb			
ERR13765451	ftp.sra.ebi.ac.uk/vol1/fastq/ERR137/051/ERR13765451/ERR13765451_1.fastq.gz;ftp.sra.ebi.ac.uk/vol1/fastq/ERR137/051/ERR13765451/ERR13765451_2.fastq.gz	2703348880;2728331542	2aeb9a024afca07655b4ad9eb2b020a1;edbde8dd50691d0b92d2f83a30924c05	ftp.sra.ebi.ac.uk/vol1/err/ERR137/051/ERR13765451/ERR13765451.bam	5094329134	a7ffb40831bb26fb6ac0d26513280de2	ftp.sra.ebi.ac.uk/vol1/run/ERR137/ERR13765451/W2197_R1.fastq.gz;ftp.sra.ebi.ac.uk/vol1/run/ERR137/ERR13765451/W2197_R2.fastq.gz	2835191156;2866205597	11e067659f535bee2f7a9153da413cd7;e4dddcba6d804f84e3443cf24c7e009f			
ERR13765453	ftp.sra.ebi.ac.uk/vol1/fastq/ERR137/053/ERR13765453/ERR13765453_1.fastq.gz;ftp.sra.ebi.ac.uk/vol1/fastq/ERR137/053/ERR13765453/ERR13765453_2.fastq.gz	2675150565;2738922335	e25e45e56ed87e83358706110deadcd2;2913939f443635d1b64f97e885178bb2	ftp.sra.ebi.ac.uk/vol1/err/ERR137/053/ERR13765453/ERR13765453.bam	5077659020	450ddc4136fb61196e3331cf195c203b	ftp.sra.ebi.ac.uk/vol1/run/ERR137/ERR13765453/W2275_R1.fastq.gz;ftp.sra.ebi.ac.uk/vol1/run/ERR137/ERR13765453/W2275_R2.fastq.gz	2805798335;2879731163	8d8e111fd71866872aff33a1191e262f;600ba4f0aa334441686f924095aed67d			
ERR13765458	ftp.sra.ebi.ac.uk/vol1/fastq/ERR137/058/ERR13765458/ERR13765458_1.fastq.gz;ftp.sra.ebi.ac.uk/vol1/fastq/ERR137/058/ERR13765458/ERR13765458_2.fastq.gz	1734201667;1793730781	b26a0303711d16c220bd3ce9f41658e0;2b4389a1328b8f176a6fdc49ca467906	ftp.sra.ebi.ac.uk/vol1/err/ERR137/058/ERR13765458/ERR13765458.bam	3319163421	042c34ba09d9dd97977e8bae645b7601	ftp.sra.ebi.ac.uk/vol1/run/ERR137/ERR13765458/W2311_R1.fastq.gz;ftp.sra.ebi.ac.uk/vol1/run/ERR137/ERR13765458/W2311_R2.fastq.gz	1829814352;1896110409	a4d1de53f80960fea3d561e1a2bd2a6b;f7b1b3ffa4cde08e9adaf73b6fab0c5b			
ERR13765459	ftp.sra.ebi.ac.uk/vol1/fastq/ERR137/059/ERR13765459/ERR13765459_1.fastq.gz;ftp.sra.ebi.ac.uk/vol1/fastq/ERR137/059/ERR13765459/ERR13765459_2.fastq.gz	1713263842;1765442405	a93b4cfedfee15ca1c4a7505c264681e;bd2e4c7a3f915c20580a0d90019ec647	ftp.sra.ebi.ac.uk/vol1/err/ERR137/059/ERR13765459/ERR13765459.bam	3274575821	d01b097d6f04ac2bf1021adf7638581d	ftp.sra.ebi.ac.uk/vol1/run/ERR137/ERR13765459/W2318_R1.fastq.gz;ftp.sra.ebi.ac.uk/vol1/run/ERR137/ERR13765459/W2318_R2.fastq.gz	1810886026;1869229752	93cf785f47a43d3ab3bd7e4bd40f8853;d84f7550d9a51301f2f1b7a8afe91163			
ERR13765468	ftp.sra.ebi.ac.uk/vol1/fastq/ERR137/068/ERR13765468/ERR13765468_1.fastq.gz;ftp.sra.ebi.ac.uk/vol1/fastq/ERR137/068/ERR13765468/ERR13765468_2.fastq.gz	1438082470;1489429003	102c5f5e7ba65e9bfe45ea3e9d8fc49b;70152358afecaff3f3b5c25bfa0e0b47	ftp.sra.ebi.ac.uk/vol1/err/ERR137/068/ERR13765468/ERR13765468.bam	2756875962	9881614a6c33cf5ec713d642d98602df	ftp.sra.ebi.ac.uk/vol1/run/ERR137/ERR13765468/W3029_R1.fastq.gz;ftp.sra.ebi.ac.uk/vol1/run/ERR137/ERR13765468/W3029_R2.fastq.gz	1521481951;1578408220	afad0d06f392f420fa3d7134329a0a92;11ff36aa0a6a3cac3c41be8485650bd4			
ERR13765470	ftp.sra.ebi.ac.uk/vol1/fastq/ERR137/070/ERR13765470/ERR13765470_1.fastq.gz;ftp.sra.ebi.ac.uk/vol1/fastq/ERR137/070/ERR13765470/ERR13765470_2.fastq.gz	2122512393;2183452889	05a4ddaf3a18f4e7054171c0c7e23d54;fe83f12ccdb9beeee7f36b737597df9d	ftp.sra.ebi.ac.uk/vol1/err/ERR137/070/ERR13765470/ERR13765470.bam	4046529261	a4664271f211c2f05c97314bdc7395e5	ftp.sra.ebi.ac.uk/vol1/run/ERR137/ERR13765470/W3035_R1.fastq.gz;ftp.sra.ebi.ac.uk/vol1/run/ERR137/ERR13765470/W3035_R2.fastq.gz	2234684385;2303232598	982b25f3876cd2dd6cb59907b61d07e1;2ecacdb83e0ef7ad6b2f93b0e18b8c32			
ERR13765475	ftp.sra.ebi.ac.uk/vol1/fastq/ERR137/075/ERR13765475/ERR13765475_1.fastq.gz;ftp.sra.ebi.ac.uk/vol1/fastq/ERR137/075/ERR13765475/ERR13765475_2.fastq.gz	2032011018;2089081536	40665ad2389427660b4547ab6220ca48;1a558c610878d47a54b44163fd88fcfb	ftp.sra.ebi.ac.uk/vol1/err/ERR137/075/ERR13765475/ERR13765475.bam	3874524706	e20212ed0357392280c99e081748557c	ftp.sra.ebi.ac.uk/vol1/run/ERR137/ERR13765475/W3047_R1.fastq.gz;ftp.sra.ebi.ac.uk/vol1/run/ERR137/ERR13765475/W3047_R2.fastq.gz	2142015956;2206078135	b79c715b5006a26ef4a0c25cb19a2379;5e8b3b6657b7916af21e83de4b664c5e			
ERR13765479	ftp.sra.ebi.ac.uk/vol1/fastq/ERR137/079/ERR13765479/ERR13765479_1.fastq.gz;ftp.sra.ebi.ac.uk/vol1/fastq/ERR137/079/ERR13765479/ERR13765479_2.fastq.gz	2278432719;2344264693	848054c1b96a3d9b04274bcc4d5abfb3;55b79d5cd52459a3d86a5bd90ed98d0b	ftp.sra.ebi.ac.uk/vol1/err/ERR137/079/ERR13765479/ERR13765479.bam	4342441480	f27aadda22fa5baef8f466b805faf828	ftp.sra.ebi.ac.uk/vol1/run/ERR137/ERR13765479/W3055_R1.fastq.gz;ftp.sra.ebi.ac.uk/vol1/run/ERR137/ERR13765479/W3055_R2.fastq.gz	2396349534;2470413794	e53a16ce57f4177491df47cba2bbff3d;ab11092724108db6021d650df13724a7			
ERR13765480	ftp.sra.ebi.ac.uk/vol1/fastq/ERR137/080/ERR13765480/ERR13765480_1.fastq.gz;ftp.sra.ebi.ac.uk/vol1/fastq/ERR137/080/ERR13765480/ERR13765480_2.fastq.gz	2280992462;2364894225	b331de6da3addb18c79f2152d2f880a9;f659d286b3da1473223a402290b411e7	ftp.sra.ebi.ac.uk/vol1/err/ERR137/080/ERR13765480/ERR13765480.bam	4370147667	de8619758e79bcfc9d6204f050f59a17	ftp.sra.ebi.ac.uk/vol1/run/ERR137/ERR13765480/W3063_R1.fastq.gz;ftp.sra.ebi.ac.uk/vol1/run/ERR137/ERR13765480/W3063_R2.fastq.gz	2401989309;2495807504	f1e565da74323f35999f8b0f22ef701e;f0e997bd9e052106dcadb0c0a00bae4a			
ERR13765481	ftp.sra.ebi.ac.uk/vol1/fastq/ERR137/081/ERR13765481/ERR13765481_1.fastq.gz;ftp.sra.ebi.ac.uk/vol1/fastq/ERR137/081/ERR13765481/ERR13765481_2.fastq.gz	1623965496;1695984422	0084290670a3d1bf55321a587fcff962;301318c8afce7ee45a7651ea4d24c897	ftp.sra.ebi.ac.uk/vol1/err/ERR137/081/ERR13765481/ERR13765481.bam	3129916721	66c55fecf10a59cda1bed8256726b93f	ftp.sra.ebi.ac.uk/vol1/run/ERR137/ERR13765481/W3066_R1.fastq.gz;ftp.sra.ebi.ac.uk/vol1/run/ERR137/ERR13765481/W3066_R2.fastq.gz	1718770308;1795454149	39de38c0d618ca27e5b5f059b7c461b6;4886e896e1c8b09dc82c60dfb94b8939			
ERR13765483	ftp.sra.ebi.ac.uk/vol1/fastq/ERR137/083/ERR13765483/ERR13765483_1.fastq.gz;ftp.sra.ebi.ac.uk/vol1/fastq/ERR137/083/ERR13765483/ERR13765483_2.fastq.gz	2263583564;2319095134	431d197aa8d67361be98e6ca72fb2a5e;af24595a055b145b0354626d85a6ea4a	ftp.sra.ebi.ac.uk/vol1/err/ERR137/083/ERR13765483/ERR13765483.bam	4306126350	9d400df234996d3cb3e19ac1bcf034a6	ftp.sra.ebi.ac.uk/vol1/run/ERR137/ERR13765483/W3074_R1.fastq.gz;ftp.sra.ebi.ac.uk/vol1/run/ERR137/ERR13765483/W3074_R2.fastq.gz	2384108055;2446529434	bdc9f2f06a6064028280178ee761b8fa;6573ab7e3e6e8cfcc831f2ef1dc834af			
ERR13765493	ftp.sra.ebi.ac.uk/vol1/fastq/ERR137/093/ERR13765493/ERR13765493_1.fastq.gz;ftp.sra.ebi.ac.uk/vol1/fastq/ERR137/093/ERR13765493/ERR13765493_2.fastq.gz	3062865470;3532051199	a0675a70b378ef2e9c3d3504f7ad13ab;991523ae5de7996fd9dab89087c07f29	ftp.sra.ebi.ac.uk/vol1/err/ERR137/093/ERR13765493/ERR13765493.bam	6500028037	65469ea44717192442abc4eb96f76ff2	ftp.sra.ebi.ac.uk/vol1/run/ERR137/ERR13765493/GP117_1.1.fastq.gz;ftp.sra.ebi.ac.uk/vol1/run/ERR137/ERR13765493/GP117_2.1.fastq.gz	2931506029;3395169968	28be762860aea842672b9a8f9d2b0a85;b0aa2b1b50d95e01c31b7f06d46856cf			
ERR13765498	ftp.sra.ebi.ac.uk/vol1/fastq/ERR137/098/ERR13765498/ERR13765498_1.fastq.gz;ftp.sra.ebi.ac.uk/vol1/fastq/ERR137/098/ERR13765498/ERR13765498_2.fastq.gz	2946030399;3437345069	065cae6c821b14e0c06b05eee0e60b91;7143e795a7a9c6ee30ba6a21570dfd17	ftp.sra.ebi.ac.uk/vol1/err/ERR137/098/ERR13765498/ERR13765498.bam	6277863338	9913363e71bed2dcd894c922d4deb8eb	ftp.sra.ebi.ac.uk/vol1/run/ERR137/ERR13765498/GP543_1.1.fastq.gz;ftp.sra.ebi.ac.uk/vol1/run/ERR137/ERR13765498/GP543_2.1.fastq.gz	2807784410;3294701591	45eb82338e3dc3ee145a226fb805741b;46e5aa54456a903065576f7056a15d03			
ERR13765499	ftp.sra.ebi.ac.uk/vol1/fastq/ERR137/099/ERR13765499/ERR13765499_1.fastq.gz;ftp.sra.ebi.ac.uk/vol1/fastq/ERR137/099/ERR13765499/ERR13765499_2.fastq.gz	3047814077;3491609341	883f55b414e4a71a8af7d411edbcfdd4;f86f53f430f7bb08d1a57db0f8d3f500	ftp.sra.ebi.ac.uk/vol1/err/ERR137/099/ERR13765499/ERR13765499.bam	6444074970	27eb598c05ed619c614c614363aa609d	ftp.sra.ebi.ac.uk/vol1/run/ERR137/ERR13765499/GP58_1.1.fastq.gz;ftp.sra.ebi.ac.uk/vol1/run/ERR137/ERR13765499/GP58_2.1.fastq.gz	2912329709;3351982287	3ea497fb71be2d18216a5c9f1145a938;d9aa07da42b4325b9b541fee47bb639d			
ERR13765500	ftp.sra.ebi.ac.uk/vol1/fastq/ERR137/000/ERR13765500/ERR13765500_1.fastq.gz;ftp.sra.ebi.ac.uk/vol1/fastq/ERR137/000/ERR13765500/ERR13765500_2.fastq.gz	2947776192;3438098026	ed32adb9aaa8a6653c1c2b3b9c115287;c4feabdcd72524fec8dd04f13292bc62	ftp.sra.ebi.ac.uk/vol1/err/ERR137/000/ERR13765500/ERR13765500.bam	6283096562	0651b026526f312ab3fd9866d81ee601	ftp.sra.ebi.ac.uk/vol1/run/ERR137/ERR13765500/GP622_1.1.fastq.gz;ftp.sra.ebi.ac.uk/vol1/run/ERR137/ERR13765500/GP622_2.1.fastq.gz	2807767863;3293751161	7ea85cdd9b789d970cce3ed691b191b6;06f14b096a2e4dc6dc9bc8c291cf11db			
ERR13765501	ftp.sra.ebi.ac.uk/vol1/fastq/ERR137/001/ERR13765501/ERR13765501_1.fastq.gz;ftp.sra.ebi.ac.uk/vol1/fastq/ERR137/001/ERR13765501/ERR13765501_2.fastq.gz	2977607802;3503370296	2cda5426fd6eb8154da1abf81b45151c;abc754f6f3e2a94f86862178136fac1d	ftp.sra.ebi.ac.uk/vol1/err/ERR137/001/ERR13765501/ERR13765501.bam	6388146399	b25758ff4e0a317101092d00f853f494	ftp.sra.ebi.ac.uk/vol1/run/ERR137/ERR13765501/GP635_1.1.fastq.gz;ftp.sra.ebi.ac.uk/vol1/run/ERR137/ERR13765501/GP635_2.1.fastq.gz	2845586375;3365262340	d9867708a2957d9e49000278a756f0c5;76588811bfc77bbc48caad13ae73a3bf			
ERR13765502	ftp.sra.ebi.ac.uk/vol1/fastq/ERR137/002/ERR13765502/ERR13765502_1.fastq.gz;ftp.sra.ebi.ac.uk/vol1/fastq/ERR137/002/ERR13765502/ERR13765502_2.fastq.gz	2923084234;3444321934	06bf1ae2787a838733aad459413cf323;8044b083ffbaebeb419064801b699f97	ftp.sra.ebi.ac.uk/vol1/err/ERR137/002/ERR13765502/ERR13765502.bam	6253263487	9639e7ab4f747c5933230464f2430170	ftp.sra.ebi.ac.uk/vol1/run/ERR137/ERR13765502/GP680_1.1.fastq.gz;ftp.sra.ebi.ac.uk/vol1/run/ERR137/ERR13765502/GP680_2.1.fastq.gz	2781615283;3298076965	b46a414aaceda0b291433dde71343e61;385fe3f0f70bb9b6302499269b7e2d46			
ERR13765504	ftp.sra.ebi.ac.uk/vol1/fastq/ERR137/004/ERR13765504/ERR13765504_1.fastq.gz;ftp.sra.ebi.ac.uk/vol1/fastq/ERR137/004/ERR13765504/ERR13765504_2.fastq.gz	2932590951;3508625016	a2e1c238cb0e45a3a81453c62bcdeade;864dccbb83ce336b1b63efccfbb006d3	ftp.sra.ebi.ac.uk/vol1/err/ERR137/004/ERR13765504/ERR13765504.bam	6346673125	e8ca62c5f5e9cecc9599449f6949e5b5	ftp.sra.ebi.ac.uk/vol1/run/ERR137/ERR13765504/HP519_1.1.fastq.gz;ftp.sra.ebi.ac.uk/vol1/run/ERR137/ERR13765504/HP519_2.1.fastq.gz	2788714572;3359372699	4ba8185fa7b055e42897890fb0bf7a0d;8073bec392869996a405aa23d752fdbd			
ERR13765508	ftp.sra.ebi.ac.uk/vol1/fastq/ERR137/008/ERR13765508/ERR13765508_1.fastq.gz;ftp.sra.ebi.ac.uk/vol1/fastq/ERR137/008/ERR13765508/ERR13765508_2.fastq.gz	16774074971;14805638275	9c2615d1301bc9cf8bc0d9aade643a31;75e4ce3804350ffb854d07bfa21cacb8	ftp.sra.ebi.ac.uk/vol1/err/ERR137/008/ERR13765508/ERR13765508.bam	31053507091	670d1e9411ce792ffa7bb2dd251e216c	ftp.sra.ebi.ac.uk/vol1/run/ERR137/ERR13765508/W0135_HIC_R1.fastq.gz;ftp.sra.ebi.ac.uk/vol1/run/ERR137/ERR13765508/W0135_HIC_R2.fastq.gz	17286692721;15603670945	0299b679f59a42e310953ebff8fd7973;20434783527142d3d5d7957c074f7e36			
ERR13765510	ftp.sra.ebi.ac.uk/vol1/fastq/ERR137/010/ERR13765510/ERR13765510_1.fastq.gz;ftp.sra.ebi.ac.uk/vol1/fastq/ERR137/010/ERR13765510/ERR13765510_2.fastq.gz	17419214342;15554378678	32fa955cacca41d5d50797801a78e651;e42f85129f3c85ca65a6cfe38b876ef9	ftp.sra.ebi.ac.uk/vol1/err/ERR137/010/ERR13765510/ERR13765510.bam	32424314574	0dafae305c6ca0fcf295b8c7b2f36ac7	ftp.sra.ebi.ac.uk/vol1/run/ERR137/ERR13765510/W0179_HIC_R1.fastq.gz;ftp.sra.ebi.ac.uk/vol1/run/ERR137/ERR13765510/W0179_HIC_R2.fastq.gz	17948046849;16366357999	c3cbd91dae63f0f37558435a6a655d91;c3348a743eb36fd32c883657c033a953			
ERR13765515	ftp.sra.ebi.ac.uk/vol1/fastq/ERR137/015/ERR13765515/ERR13765515_1.fastq.gz;ftp.sra.ebi.ac.uk/vol1/fastq/ERR137/015/ERR13765515/ERR13765515_2.fastq.gz	20321077050;17972430992	15d4ff42c5d38f0a456f542a1fc20eac;1a25319d924bd2c5dd36679394e42f1a	ftp.sra.ebi.ac.uk/vol1/err/ERR137/015/ERR13765515/ERR13765515.bam	37666354431	4a6353de10583cf46858096a50f0fcb6	ftp.sra.ebi.ac.uk/vol1/run/ERR137/ERR13765515/W1236_HIC_R1.fastq.gz;ftp.sra.ebi.ac.uk/vol1/run/ERR137/ERR13765515/W1236_HIC_R2.fastq.gz	20909957437;18908585131	4c4091ac24f7af9873e4ed473e44111e;527ba27c0cfa080b952d6ecf7e274f51			
ERR13765516	ftp.sra.ebi.ac.uk/vol1/fastq/ERR137/016/ERR13765516/ERR13765516_1.fastq.gz;ftp.sra.ebi.ac.uk/vol1/fastq/ERR137/016/ERR13765516/ERR13765516_2.fastq.gz	19528523427;17410975823	d7796b3d17605636d8443e52aec75fc1;1947deb0da46e1c59a3f0ddd813aaece	ftp.sra.ebi.ac.uk/vol1/err/ERR137/016/ERR13765516/ERR13765516.bam	36334268173	51739b99bfaf6d46843293d025c115f9	ftp.sra.ebi.ac.uk/vol1/run/ERR137/ERR13765516/W1677_HIC_R1.fastq.gz;ftp.sra.ebi.ac.uk/vol1/run/ERR137/ERR13765516/W1677_HIC_R2.fastq.gz	20144825648;18345543009	636dcd1d43b23c60b5a69be3613e1abe;c4f6f40399794a0dcefe44da042ec152			
ERR13765520	ftp.sra.ebi.ac.uk/vol1/fastq/ERR137/020/ERR13765520/ERR13765520_1.fastq.gz;ftp.sra.ebi.ac.uk/vol1/fastq/ERR137/020/ERR13765520/ERR13765520_2.fastq.gz	17858647609;16627008402	8722ff97473d11c3298d46eccda13395;32e26cfee046a64ed5dff5d6c15a2bd4	ftp.sra.ebi.ac.uk/vol1/err/ERR137/020/ERR13765520/ERR13765520.bam	33905797689	a5e76a695412cc9fd656a07e7da00898	ftp.sra.ebi.ac.uk/vol1/run/ERR137/ERR13765520/W1777_HIC_R1.fastq.gz;ftp.sra.ebi.ac.uk/vol1/run/ERR137/ERR13765520/W1777_HIC_R2.fastq.gz	18417562768;17424505285	bc9063bf0d81cde62c7913c7296194fa;723f7a700da4101d99e71b10816faded			
ERR13765523	ftp.sra.ebi.ac.uk/vol1/fastq/ERR137/023/ERR13765523/ERR13765523_1.fastq.gz;ftp.sra.ebi.ac.uk/vol1/fastq/ERR137/023/ERR13765523/ERR13765523_2.fastq.gz	22257609135;20464349269	162daf77f1e67483dc87faec7bc8dbd9;ec264190da6fe25b4bc4510083fa0352	ftp.sra.ebi.ac.uk/vol1/err/ERR137/023/ERR13765523/ERR13765523.bam	42006766531	e3881f2ede1892df676aa898c8b106a2	ftp.sra.ebi.ac.uk/vol1/run/ERR137/ERR13765523/W1919_HIC_R1.fastq.gz;ftp.sra.ebi.ac.uk/vol1/run/ERR137/ERR13765523/W1919_HIC_R2.fastq.gz	22893068506;21423026659	44ba8367ebdae694e149d9b698597eb5;667ca73312855f8a9780177363032b4a			
ERR13765524	ftp.sra.ebi.ac.uk/vol1/fastq/ERR137/024/ERR13765524/ERR13765524_1.fastq.gz;ftp.sra.ebi.ac.uk/vol1/fastq/ERR137/024/ERR13765524/ERR13765524_2.fastq.gz	34930098833;36377184714	0ffa028a704716d9f9d334769e0ab471;694d859d6b20f4adf17501d23166ec26	ftp.sra.ebi.ac.uk/vol1/err/ERR137/024/ERR13765524/ERR13765524.bam	67949577930	6ab71320ad5bc4f7fb050e955b34d1ee	ftp.sra.ebi.ac.uk/vol1/run/ERR137/ERR13765524/W1943_HIC_R1.fastq.gz;ftp.sra.ebi.ac.uk/vol1/run/ERR137/ERR13765524/W1943_HIC_R2.fastq.gz	33373969329;34837527096	b296403409f5670e81fe9a6a10956285;22c9e1ede092d9558224978534a9cd68			
ERR13765526	ftp.sra.ebi.ac.uk/vol1/fastq/ERR137/026/ERR13765526/ERR13765526_1.fastq.gz;ftp.sra.ebi.ac.uk/vol1/fastq/ERR137/026/ERR13765526/ERR13765526_2.fastq.gz	17172509745;17830040101	cadccb911b2a92b5471d17f4554a0c23;66baa9bf28c260db94be6afeebff9dcf	ftp.sra.ebi.ac.uk/vol1/err/ERR137/026/ERR13765526/ERR13765526.bam	34419108735	b3429025689012cc9f4818bfaf3a21d3	ftp.sra.ebi.ac.uk/vol1/run/ERR137/ERR13765526/W2197_HIC_R1.fastq.gz;ftp.sra.ebi.ac.uk/vol1/run/ERR137/ERR13765526/W2197_HIC_R2.fastq.gz	17764112728;18512505813	d23d885cfa1eccffb04de81340b69e01;3a11dbb34bc5c337b586885e33aad434			
ERR13765530	ftp.sra.ebi.ac.uk/vol1/fastq/ERR137/030/ERR13765530/ERR13765530_1.fastq.gz;ftp.sra.ebi.ac.uk/vol1/fastq/ERR137/030/ERR13765530/ERR13765530_2.fastq.gz	20330926718;18645807497	afdeae7b306f82a3d6db02808579a577;41476e5b5a01890fc2e539dfab84735d	ftp.sra.ebi.ac.uk/vol1/err/ERR137/030/ERR13765530/ERR13765530.bam	38330864083	d682b796945ef19796f534e9018fcc9d	ftp.sra.ebi.ac.uk/vol1/run/ERR137/ERR13765530/W3046_HIC_R1.fastq.gz;ftp.sra.ebi.ac.uk/vol1/run/ERR137/ERR13765530/W3046_HIC_R2.fastq.gz	20939005961;19552581961	1e3b71d455acd9e4c62d5d2b7686d9ed;e0d414fa699a73cbe8a921158c276ac5			
ERR13765531	ftp.sra.ebi.ac.uk/vol1/fastq/ERR137/031/ERR13765531/ERR13765531_1.fastq.gz;ftp.sra.ebi.ac.uk/vol1/fastq/ERR137/031/ERR13765531/ERR13765531_2.fastq.gz	17852305914;16479865871	b1becba555cd4281ba10e4f3057ace5c;e2a7cd3c48c14801a5d6ab0e387665c9	ftp.sra.ebi.ac.uk/vol1/err/ERR137/031/ERR13765531/ERR13765531.bam	33763569762	beb0242c6f74ae1e9f018921e6d8c623	ftp.sra.ebi.ac.uk/vol1/run/ERR137/ERR13765531/W3052_HIC_R1.fastq.gz;ftp.sra.ebi.ac.uk/vol1/run/ERR137/ERR13765531/W3052_HIC_R2.fastq.gz	18364946295;17240660100	2fe65adebfe4c7965d4d1bc2b6a30efc;4bddf1d9044b108f9875f3bef951cb7b			
ERR13765533	ftp.sra.ebi.ac.uk/vol1/fastq/ERR137/033/ERR13765533/ERR13765533_1.fastq.gz;ftp.sra.ebi.ac.uk/vol1/fastq/ERR137/033/ERR13765533/ERR13765533_2.fastq.gz	20299049963;18610945514	7189192420e96e0fd9fbe880b16ce8e0;cb331267f57b63d5a541943c1c5aa98f	ftp.sra.ebi.ac.uk/vol1/err/ERR137/033/ERR13765533/ERR13765533.bam	38260549224	72c0632fc0aee71f8276f54802df4f74	ftp.sra.ebi.ac.uk/vol1/run/ERR137/ERR13765533/W3082_HIC_R1.fastq.gz;ftp.sra.ebi.ac.uk/vol1/run/ERR137/ERR13765533/W3082_HIC_R2.fastq.gz	20861917041;19471522578	efd60a29e02d72852088e19e379542ae;3d75f045dd982bca6a555124c4a5ad20			
ERR13336041	ftp.sra.ebi.ac.uk/vol1/fastq/ERR133/041/ERR13336041/ERR13336041.fastq.gz	46231226113	462af6842fdfcd9961dedce55521307e	ftp.sra.ebi.ac.uk/vol1/err/ERR133/041/ERR13336041/ERR13336041.bam	44608431530	ac0983acb1b18afe1cf55f8b5f751805	ftp.sra.ebi.ac.uk/vol1/run/ERR133/ERR13336041/GP523.ont.fastq.gz	46124659805	8f7456845fe25431580389a6602fafcf			
ERR13336042	ftp.sra.ebi.ac.uk/vol1/fastq/ERR133/042/ERR13336042/ERR13336042.fastq.gz	40528425895	8d92ef0e474a7551d68d4857998ee515	ftp.sra.ebi.ac.uk/vol1/err/ERR133/042/ERR13336042/ERR13336042.bam	39119264476	f941e4c8cb4c511389fcb64791d75353	ftp.sra.ebi.ac.uk/vol1/run/ERR133/ERR13336042/GP543.ont.fastq.gz	40438765897	3bdb8d0d736b86fba926b7ced2e6efaa			
ERR13336045	ftp.sra.ebi.ac.uk/vol1/fastq/ERR133/045/ERR13336045/ERR13336045.fastq.gz	52777313761	197179af4f14b639767d98d63d8097de	ftp.sra.ebi.ac.uk/vol1/err/ERR133/045/ERR13336045/ERR13336045.bam	50931597703	fce412dff47669d5c7100eda7c569625	ftp.sra.ebi.ac.uk/vol1/run/ERR133/ERR13336045/GP680.ont.fastq.gz	52657592923	d5b941d2d8908015a49a4ac54aee6616			
ERR13336046	ftp.sra.ebi.ac.uk/vol1/fastq/ERR133/046/ERR13336046/ERR13336046.fastq.gz	54610340590	2c92acad232c489ab6a2f00bad9803da	ftp.sra.ebi.ac.uk/vol1/err/ERR133/046/ERR13336046/ERR13336046.bam	52709024233	f352e594d8689b11275b3102838e668d	ftp.sra.ebi.ac.uk/vol1/run/ERR133/ERR13336046/HP519.ont.fastq.gz	54490272881	d1ec0dbbde62d9e7c2cfa37bc862b44c			
ERR13336050	ftp.sra.ebi.ac.uk/vol1/fastq/ERR133/050/ERR13336050/ERR13336050.fastq.gz	31746502405	1ce1c28537789208b502705189266f05	ftp.sra.ebi.ac.uk/vol1/err/ERR133/050/ERR13336050/ERR13336050.bam	30643559657	c314dd977c9e4aa6b635bee42257fcb5	ftp.sra.ebi.ac.uk/vol1/run/ERR133/ERR13336050/W1748.ont.fastq.gz	31679626825	5afae83676b5604899bcb07c0814a767			
ERR13336056	ftp.sra.ebi.ac.uk/vol1/fastq/ERR133/056/ERR13336056/ERR13336056.fastq.gz	10243025577	cd52a4ae408002486bbe6b632d381b20	ftp.sra.ebi.ac.uk/vol1/err/ERR133/056/ERR13336056/ERR13336056.bam	10039341531	ec00011bbdc65f18569d7e3345a522e6	ftp.sra.ebi.ac.uk/vol1/run/ERR133/ERR13336056/534M.hifi.fastq.gz	10222152617	d4f20b2e0a5d1fface5567e679a7f150			
ERR13336057	ftp.sra.ebi.ac.uk/vol1/fastq/ERR133/057/ERR13336057/ERR13336057.fastq.gz	8413520137	67e1fb4b2e513b357a8fe71329a5e158	ftp.sra.ebi.ac.uk/vol1/err/ERR133/057/ERR13336057/ERR13336057.bam	8247733766	825de570083b2e8b7c77c44c217e57bd	ftp.sra.ebi.ac.uk/vol1/run/ERR133/ERR13336057/Gla4.hifi.fastq.gz	8390123574	e1405ed76fce72ef5d28008a68e82f8b			
ERR13336061	ftp.sra.ebi.ac.uk/vol1/fastq/ERR133/061/ERR13336061/ERR13336061.fastq.gz	13251682055	c504959873a08dd7317b65968e9f411b	ftp.sra.ebi.ac.uk/vol1/err/ERR133/061/ERR13336061/ERR13336061.bam	13024772846	34633f9c3708a882f4132dceb0528102	ftp.sra.ebi.ac.uk/vol1/run/ERR133/ERR13336061/GP524.hifi.fastq.gz	13218777039	946cc617007f1b45a505444595ac140e			
ERR13336062	ftp.sra.ebi.ac.uk/vol1/fastq/ERR133/062/ERR13336062/ERR13336062.fastq.gz	14631259185	d99bb57e93e375c5b75a8c4d727388b0	ftp.sra.ebi.ac.uk/vol1/err/ERR133/062/ERR13336062/ERR13336062.bam	14416045405	d712b1789b090d6ced730bb858762c97	ftp.sra.ebi.ac.uk/vol1/run/ERR133/ERR13336062/GP58.hifi.fastq.gz	14597117858	9a1d5c3dafe1d396eabd78bc3473b22f			
ERR13336063	ftp.sra.ebi.ac.uk/vol1/fastq/ERR133/063/ERR13336063/ERR13336063.fastq.gz	5374332469	6c2ab2abcbb65f14df56991d19d1284e	ftp.sra.ebi.ac.uk/vol1/err/ERR133/063/ERR13336063/ERR13336063.bam	5311257008	746eb423a3ce57a037263b27aee0fb5a	ftp.sra.ebi.ac.uk/vol1/run/ERR133/ERR13336063/HP436.hifi.fastq.gz	5363646176	0b866153a9986186272ffef002e3dbcc			
ERR13336065	ftp.sra.ebi.ac.uk/vol1/fastq/ERR133/065/ERR13336065/ERR13336065.fastq.gz	7826683059	56da3f87dd77567f6ac87d0935ac964b	ftp.sra.ebi.ac.uk/vol1/err/ERR133/065/ERR13336065/ERR13336065.bam	7672060459	916b5e28ccd2c3434f87442ec83fd7e1	ftp.sra.ebi.ac.uk/vol1/run/ERR133/ERR13336065/OL2296.hifi.fastq.gz	7804305898	592dd19e4e220779302305a6faa79581			
ERR13336066	ftp.sra.ebi.ac.uk/vol1/fastq/ERR133/066/ERR13336066/ERR13336066.fastq.gz	8985213887	feeab542d3c28b18075182008507f1d9	ftp.sra.ebi.ac.uk/vol1/err/ERR133/066/ERR13336066/ERR13336066.bam	8768397790	36b65bc37a5bc723ec12d155b967b152	ftp.sra.ebi.ac.uk/vol1/run/ERR133/ERR13336066/OL3101.hifi.fastq.gz	8960523827	744b836a1001a9898ee646ebfdee9f33			
ERR13336068	ftp.sra.ebi.ac.uk/vol1/fastq/ERR133/068/ERR13336068/ERR13336068.fastq.gz	8595733552	0db0c38adaea66ec8ccced3b5292d7ef	ftp.sra.ebi.ac.uk/vol1/err/ERR133/068/ERR13336068/ERR13336068.bam	8431543726	ae039b2d3bdead29c8f5d115be58b2be	ftp.sra.ebi.ac.uk/vol1/run/ERR133/ERR13336068/W0103.hifi.fastq.gz	8574372239	47e04b30fbf2a52aface7b1f56472bb8			
ERR13336070	ftp.sra.ebi.ac.uk/vol1/fastq/ERR133/070/ERR13336070/ERR13336070.fastq.gz	7923279061	a8336ebc23e1f996d7647c2f72f03097	ftp.sra.ebi.ac.uk/vol1/err/ERR133/070/ERR13336070/ERR13336070.bam	7756030448	84f93b042c09e8442a413288ad8a2b72	ftp.sra.ebi.ac.uk/vol1/run/ERR133/ERR13336070/W0108.hifi.fastq.gz	7902027362	56bf08aaf1e9086bde895b0c2b8d77a3			
ERR13336072	ftp.sra.ebi.ac.uk/vol1/fastq/ERR133/072/ERR13336072/ERR13336072.fastq.gz	7312401877	f176f54b38ed54332215db7543ebf8db	ftp.sra.ebi.ac.uk/vol1/err/ERR133/072/ERR13336072/ERR13336072.bam	7180522963	1c9462e9c7ee9d94acbe427906db229f	ftp.sra.ebi.ac.uk/vol1/run/ERR133/ERR13336072/W0135.hifi.fastq.gz	7293169521	f5f9538359e516d9b62009e585ed3ec4			
ERR13336073	ftp.sra.ebi.ac.uk/vol1/fastq/ERR133/073/ERR13336073/ERR13336073.fastq.gz	7938620468	b2812566dc43e8769ce332e2ed738914	ftp.sra.ebi.ac.uk/vol1/err/ERR133/073/ERR13336073/ERR13336073.bam	7789558085	2a11af7cb788fb03d17cff5b43ab092c	ftp.sra.ebi.ac.uk/vol1/run/ERR133/ERR13336073/W0136.hifi.fastq.gz	7921073188	3f0bfb993dbe672928b261c10abbbb6b			
ERR13336076	ftp.sra.ebi.ac.uk/vol1/fastq/ERR133/076/ERR13336076/ERR13336076.fastq.gz	8008249494	af454b4a4b83122491afa6af3513d429	ftp.sra.ebi.ac.uk/vol1/err/ERR133/076/ERR13336076/ERR13336076.bam	7837911555	340f57d647a014b98b9b76e3315a2ca8	ftp.sra.ebi.ac.uk/vol1/run/ERR133/ERR13336076/W0145.hifi.fastq.gz	7986581559	c0e88f696a571d1108492a90dcc0fbcb			
ERR13336077	ftp.sra.ebi.ac.uk/vol1/fastq/ERR133/077/ERR13336077/ERR13336077.fastq.gz	8407989932	942788cf161d9790f330d7547ff7e11f	ftp.sra.ebi.ac.uk/vol1/err/ERR133/077/ERR13336077/ERR13336077.bam	8259389448	70764c1f1ed8fd66d66f0f146a1a59b9	ftp.sra.ebi.ac.uk/vol1/run/ERR133/ERR13336077/W0147.hifi.fastq.gz	8385676679	f689b7987576f75f0348e22e64a67e86			
ERR13336078	ftp.sra.ebi.ac.uk/vol1/fastq/ERR133/078/ERR13336078/ERR13336078.fastq.gz	6841551418	c65465dd48b32dd351cc3239265cbef5	ftp.sra.ebi.ac.uk/vol1/err/ERR133/078/ERR13336078/ERR13336078.bam	6730632331	e9be2b97cfaac9ddae712e5efb6ab920	ftp.sra.ebi.ac.uk/vol1/run/ERR133/ERR13336078/W0149.hifi.fastq.gz	6822421817	580004e467a2fdd1d4c2b9b37720e513			
ERR13336082	ftp.sra.ebi.ac.uk/vol1/fastq/ERR133/082/ERR13336082/ERR13336082.fastq.gz	7622339265	5e6db00aaae174df69466abdff46777b	ftp.sra.ebi.ac.uk/vol1/err/ERR133/082/ERR13336082/ERR13336082.bam	7455005862	aa25a64cd798a95486675ebaf22c3564	ftp.sra.ebi.ac.uk/vol1/run/ERR133/ERR13336082/W0169.hifi.fastq.gz	7603550800	68c68a3af29b8dbad2343596feb050f6			
ERR13336084	ftp.sra.ebi.ac.uk/vol1/fastq/ERR133/084/ERR13336084/ERR13336084.fastq.gz	6764504874	526268c45c7f93ce80e40b68bd0dfa3e	ftp.sra.ebi.ac.uk/vol1/err/ERR133/084/ERR13336084/ERR13336084.bam	6649991402	eda5a41e716fb57bef29ba6746c199cf	ftp.sra.ebi.ac.uk/vol1/run/ERR133/ERR13336084/W0179.hifi.fastq.gz	6741185576	829c0890b3eabe396f0975c5f0a928a1			
ERR13336085	ftp.sra.ebi.ac.uk/vol1/fastq/ERR133/085/ERR13336085/ERR13336085.fastq.gz	7654519638	2fd4f2f18f082a24c77b0fca10e2e607	ftp.sra.ebi.ac.uk/vol1/err/ERR133/085/ERR13336085/ERR13336085.bam	7523064286	8a564aab25a1534b8b1dd0449b4babcb	ftp.sra.ebi.ac.uk/vol1/run/ERR133/ERR13336085/W0180.hifi.fastq.gz	7633652524	3401cc88477e10a5393fc00f26ab9c38			
ERR13336089	ftp.sra.ebi.ac.uk/vol1/fastq/ERR133/089/ERR13336089/ERR13336089.fastq.gz	9185635458	40f586a757e5cb031aea26b984690c57	ftp.sra.ebi.ac.uk/vol1/err/ERR133/089/ERR13336089/ERR13336089.bam	8993284505	31e0cd1d3bb0be47151dfb3c74826837	ftp.sra.ebi.ac.uk/vol1/run/ERR133/ERR13336089/W0594.hifi.fastq.gz	9160840171	b1014a714d908ca89b25847b2002e3f3			
ERR13336092	ftp.sra.ebi.ac.uk/vol1/fastq/ERR133/092/ERR13336092/ERR13336092.fastq.gz	9390203013	3dd62c1c57e12ce1336e317ff9bcf972	ftp.sra.ebi.ac.uk/vol1/err/ERR133/092/ERR13336092/ERR13336092.bam	9192360649	62c597bba98635b3ba319a380520c3ed	ftp.sra.ebi.ac.uk/vol1/run/ERR133/ERR13336092/W0627.hifi.fastq.gz	9365462853	9cf1f2277b91b582316fa82373a6a681			
ERR13336094	ftp.sra.ebi.ac.uk/vol1/fastq/ERR133/094/ERR13336094/ERR13336094.fastq.gz	8043331682	13bf5a2c8a7d35779fac1df7c7610bd9	ftp.sra.ebi.ac.uk/vol1/err/ERR133/094/ERR13336094/ERR13336094.bam	7879963515	fbc39db6becace19a4ac544cc6d67c4e	ftp.sra.ebi.ac.uk/vol1/run/ERR133/ERR13336094/W0632.hifi.fastq.gz	8021642606	0d7efa441d8b88f70fab97eb0e9d85f3			
ERR13336098	ftp.sra.ebi.ac.uk/vol1/fastq/ERR133/098/ERR13336098/ERR13336098.fastq.gz	9603297636	58875ee57b6899f6b52d7875937bf4b3	ftp.sra.ebi.ac.uk/vol1/err/ERR133/098/ERR13336098/ERR13336098.bam	9400100315	338bee66adae8129789f907981267dfc	ftp.sra.ebi.ac.uk/vol1/run/ERR133/ERR13336098/W1093.hifi.fastq.gz	9578810350	ab6ecc6bb62554b4dcec5850f9e5acdf			
ERR13336100	ftp.sra.ebi.ac.uk/vol1/fastq/ERR133/000/ERR13336100/ERR13336100.fastq.gz	7680198790	22a97a96ef5aa033408486f5a10262cc	ftp.sra.ebi.ac.uk/vol1/err/ERR133/000/ERR13336100/ERR13336100.bam	7546683046	ce08043e93b5428840a9f220f4d9f4b0	ftp.sra.ebi.ac.uk/vol1/run/ERR133/ERR13336100/W1117.hifi.fastq.gz	7658435267	4388e7014717801be809943602ad3d23			
ERR13336106	ftp.sra.ebi.ac.uk/vol1/fastq/ERR133/006/ERR13336106/ERR13336106.fastq.gz	8131613284	5cd0e8d6edf5ee44f03f66d2bd1c3a28	ftp.sra.ebi.ac.uk/vol1/err/ERR133/006/ERR13336106/ERR13336106.bam	7978452353	d78d0444a5e055fa3b51c6e46346c45d	ftp.sra.ebi.ac.uk/vol1/run/ERR133/ERR13336106/W1536.hifi.fastq.gz	8109614774	863d16386b8b9d5fe654debc72a9d4e1			
ERR13336107	ftp.sra.ebi.ac.uk/vol1/fastq/ERR133/007/ERR13336107/ERR13336107.fastq.gz	7386414710	757b5ab2e86c1a5290603ba244011547	ftp.sra.ebi.ac.uk/vol1/err/ERR133/007/ERR13336107/ERR13336107.bam	7253536142	30dba79b25011547d884fe092fd2b996	ftp.sra.ebi.ac.uk/vol1/run/ERR133/ERR13336107/W1547.hifi.fastq.gz	7366492966	ec99fbbb31c38e78d747c921556a4147			
ERR13336111	ftp.sra.ebi.ac.uk/vol1/fastq/ERR133/011/ERR13336111/ERR13336111.fastq.gz	7632334045	7268d0e345a39b038368a8d96050a5e8	ftp.sra.ebi.ac.uk/vol1/err/ERR133/011/ERR13336111/ERR13336111.bam	7483980397	e25f8452166a0345136153aa2e169f7b	ftp.sra.ebi.ac.uk/vol1/run/ERR133/ERR13336111/W1556.hifi.fastq.gz	7612010376	3691f6538691119dddc3a9da6b5ed825			
ERR13336113	ftp.sra.ebi.ac.uk/vol1/fastq/ERR133/013/ERR13336113/ERR13336113.fastq.gz	7140825045	9fb8af811babc160e21367de4c04aaa6	ftp.sra.ebi.ac.uk/vol1/err/ERR133/013/ERR13336113/ERR13336113.bam	7009532101	3871025f0dfebf0e81894f8214518188	ftp.sra.ebi.ac.uk/vol1/run/ERR133/ERR13336113/W1559.hifi.fastq.gz	7121734385	86e2f5cee8312ec70f752b1083081b5e			
ERR13336115	ftp.sra.ebi.ac.uk/vol1/fastq/ERR133/015/ERR13336115/ERR13336115.fastq.gz	8429812901	3ac47338c061c4169cfc38c7f6697ef0	ftp.sra.ebi.ac.uk/vol1/err/ERR133/015/ERR13336115/ERR13336115.bam	8269142992	0dbfa80817394027b02be9f18bd62314	ftp.sra.ebi.ac.uk/vol1/run/ERR133/ERR13336115/W1666.hifi.fastq.gz	8405991816	898ae9adee79fbcfa0a093a2df2f056d			
ERR13336116	ftp.sra.ebi.ac.uk/vol1/fastq/ERR133/016/ERR13336116/ERR13336116.fastq.gz	7669795898	6797aada0f18c5bc6fce5e440c0fa70a	ftp.sra.ebi.ac.uk/vol1/err/ERR133/016/ERR13336116/ERR13336116.bam	7532075005	89741ac6261c284b0f705e035627071b	ftp.sra.ebi.ac.uk/vol1/run/ERR133/ERR13336116/W1668.hifi.fastq.gz	7649241874	42f96616b437b63e919e94188016e527			
ERR13336119	ftp.sra.ebi.ac.uk/vol1/fastq/ERR133/019/ERR13336119/ERR13336119.fastq.gz	8593561419	5962dbc1cea458a7de541436d5617b15	ftp.sra.ebi.ac.uk/vol1/err/ERR133/019/ERR13336119/ERR13336119.bam	8436094337	d5f00842af7f016e31597d0abbae3abc	ftp.sra.ebi.ac.uk/vol1/run/ERR133/ERR13336119/W1718.hifi.fastq.gz	8569784991	ba26e30fc9a035fd49982c8cc812a30f			
ERR13336123	ftp.sra.ebi.ac.uk/vol1/fastq/ERR133/023/ERR13336123/ERR13336123.fastq.gz	9816269652	67da5d23bec8b83c7b9f8ae618ced15d	ftp.sra.ebi.ac.uk/vol1/err/ERR133/023/ERR13336123/ERR13336123.bam	9603673232	03e006c8a49ad4e809fc872593a5a08c	ftp.sra.ebi.ac.uk/vol1/run/ERR133/ERR13336123/W1731.hifi.fastq.gz	9790115704	2881521745ae805f234b98ec1f42340a			
ERR13336126	ftp.sra.ebi.ac.uk/vol1/fastq/ERR133/026/ERR13336126/ERR13336126.fastq.gz	7766732466	a562c87af35d792ca77d6788d7156c7e	ftp.sra.ebi.ac.uk/vol1/err/ERR133/026/ERR13336126/ERR13336126.bam	7614484957	dc65eaacb92916eeee78de2cd9865477	ftp.sra.ebi.ac.uk/vol1/run/ERR133/ERR13336126/W1736.hifi.fastq.gz	7744969714	cd586c8fc53ed8db4cbce9779a3ad5c6			
ERR13336129	ftp.sra.ebi.ac.uk/vol1/fastq/ERR133/029/ERR13336129/ERR13336129.fastq.gz	7453170053	12727516eeca6b89da35d67174fa2c96	ftp.sra.ebi.ac.uk/vol1/err/ERR133/029/ERR13336129/ERR13336129.bam	7318070599	16d66b7010918a7acc98102f50caefa1	ftp.sra.ebi.ac.uk/vol1/run/ERR133/ERR13336129/W1750.hifi.fastq.gz	7430781440	71a9abc21d6082fb44b453c491d721ee			
ERR13336132	ftp.sra.ebi.ac.uk/vol1/fastq/ERR133/032/ERR13336132/ERR13336132.fastq.gz	8449936006	5430a304801af0dbb6782b8de27a74c5	ftp.sra.ebi.ac.uk/vol1/err/ERR133/032/ERR13336132/ERR13336132.bam	8275841860	11ac2969987a6f5fb574081f26de6a5a	ftp.sra.ebi.ac.uk/vol1/run/ERR133/ERR13336132/W1787.hifi.fastq.gz	8426625077	ca0f3431ce063d3fc807ce1a5b8ea0c1			
ERR13336133	ftp.sra.ebi.ac.uk/vol1/fastq/ERR133/033/ERR13336133/ERR13336133.fastq.gz	6774172525	62cf5fabca88e2f9f254ff6cc3cde7d1	ftp.sra.ebi.ac.uk/vol1/err/ERR133/033/ERR13336133/ERR13336133.bam	6631569125	97e199f933f51836d9f21769c6251ca2	ftp.sra.ebi.ac.uk/vol1/run/ERR133/ERR13336133/W1809.hifi.fastq.gz	6756028782	3736ade20445735024e71e4a28c34221			
ERR13336134	ftp.sra.ebi.ac.uk/vol1/fastq/ERR133/034/ERR13336134/ERR13336134.fastq.gz	9454298289	e37a9709b4c79fd8986d5e7b8e71d907	ftp.sra.ebi.ac.uk/vol1/err/ERR133/034/ERR13336134/ERR13336134.bam	9260811822	37ed2b847ae35e84f0305d084c706f3d	ftp.sra.ebi.ac.uk/vol1/run/ERR133/ERR13336134/W1810.hifi.fastq.gz	9428814779	687b2a4a9e6ba3111ac0381e3b752c46			
ERR13336136	ftp.sra.ebi.ac.uk/vol1/fastq/ERR133/036/ERR13336136/ERR13336136.fastq.gz	8834827092	50bbd1e85bb515e7720d1335ec80a7fa	ftp.sra.ebi.ac.uk/vol1/err/ERR133/036/ERR13336136/ERR13336136.bam	8650783651	617efa39d5a84e3377b4884c6eb18377	ftp.sra.ebi.ac.uk/vol1/run/ERR133/ERR13336136/W1839.hifi.fastq.gz	8810987004	473e76d417210ee18c0e8c296e26394e			
ERR13336140	ftp.sra.ebi.ac.uk/vol1/fastq/ERR133/040/ERR13336140/ERR13336140.fastq.gz	8905325896	a9a9053bdc825b8d49cfc8cd4507dce7	ftp.sra.ebi.ac.uk/vol1/err/ERR133/040/ERR13336140/ERR13336140.bam	8723697183	093459e0bcc79bf642f82384ccd9451d	ftp.sra.ebi.ac.uk/vol1/run/ERR133/ERR13336140/W1890.hifi.fastq.gz	8880970116	ecf2a3314aaac8929fb5e921b39c49b9			
ERR13336145	ftp.sra.ebi.ac.uk/vol1/fastq/ERR133/045/ERR13336145/ERR13336145.fastq.gz	8949061860	fb25098eea2ae7eabf0fc632d77567e9	ftp.sra.ebi.ac.uk/vol1/err/ERR133/045/ERR13336145/ERR13336145.bam	8758647427	13c6502f6e830006ca486408c0fb3dc7	ftp.sra.ebi.ac.uk/vol1/run/ERR133/ERR13336145/W1976.hifi.fastq.gz	8924362346	3e046c6b7a7ce03264e3949fe0466d23			
ERR13336146	ftp.sra.ebi.ac.uk/vol1/fastq/ERR133/046/ERR13336146/ERR13336146.fastq.gz	7995366120	029fa1d113d4c70ce954afa296bd2145	ftp.sra.ebi.ac.uk/vol1/err/ERR133/046/ERR13336146/ERR13336146.bam	7830267327	dd3be365347c9f1033b7a8dba70cd9c3	ftp.sra.ebi.ac.uk/vol1/run/ERR133/ERR13336146/W2005.hifi.fastq.gz	7973769189	210065582f84fa429e51163310428b5a			
ERR13336147	ftp.sra.ebi.ac.uk/vol1/fastq/ERR133/047/ERR13336147/ERR13336147.fastq.gz	8661808023	05ca36fb6f94bc956eec203fb4fb2746	ftp.sra.ebi.ac.uk/vol1/err/ERR133/047/ERR13336147/ERR13336147.bam	8479058834	7fe4c4b8ba4a3080abaaf24dbbddbbbe	ftp.sra.ebi.ac.uk/vol1/run/ERR133/ERR13336147/W2022.hifi.fastq.gz	8638606936	61ff852dd6c5d5514b81c69501148bd6			
ERR13336151	ftp.sra.ebi.ac.uk/vol1/fastq/ERR133/051/ERR13336151/ERR13336151.fastq.gz	8142568503	1b86d9743e8f497eb9b6ad3c285a91a4	ftp.sra.ebi.ac.uk/vol1/err/ERR133/051/ERR13336151/ERR13336151.bam	7966321965	f1ed67bdb2acc4f9832b261446db8a58	ftp.sra.ebi.ac.uk/vol1/run/ERR133/ERR13336151/W2066.hifi.fastq.gz	8121419383	8ff4e6a7c04cd3a41125f06b702125c8			
ERR13336152	ftp.sra.ebi.ac.uk/vol1/fastq/ERR133/052/ERR13336152/ERR13336152.fastq.gz	12685401377	f8b0831e65de1a05fe11764112cb9af3	ftp.sra.ebi.ac.uk/vol1/err/ERR133/052/ERR13336152/ERR13336152.bam	12491804163	7e82ae05d3939c402b9413620ddaec24	ftp.sra.ebi.ac.uk/vol1/run/ERR133/ERR13336152/W2099.hifi.fastq.gz	12658057805	a47c3f2a8bae62106fda17690229e15c			
ERR13336154	ftp.sra.ebi.ac.uk/vol1/fastq/ERR133/054/ERR13336154/ERR13336154.fastq.gz	8853861170	3f62b2ec8db45305d566719994b7af32	ftp.sra.ebi.ac.uk/vol1/err/ERR133/054/ERR13336154/ERR13336154.bam	8643214631	492253f22dfd27d20dfc466c5e7ab5e3	ftp.sra.ebi.ac.uk/vol1/run/ERR133/ERR13336154/W2197.hifi.fastq.gz	8830627667	6dca8de30c5e3e85a2bf187cbd87f51c			
ERR13336156	ftp.sra.ebi.ac.uk/vol1/fastq/ERR133/056/ERR13336156/ERR13336156.fastq.gz	9638108192	4dcadfcc0cf65b12f836721559574cb8	ftp.sra.ebi.ac.uk/vol1/err/ERR133/056/ERR13336156/ERR13336156.bam	9463102505	9f60ec8f48de290e7b821b101314252e	ftp.sra.ebi.ac.uk/vol1/run/ERR133/ERR13336156/W2275.hifi.fastq.gz	9610815554	3ef1bd97f90236f3799580eacac49d3a			
ERR13336162	ftp.sra.ebi.ac.uk/vol1/fastq/ERR133/062/ERR13336162/ERR13336162.fastq.gz	8445705024	418917f3d163f956bd9bab313d0d890e	ftp.sra.ebi.ac.uk/vol1/err/ERR133/062/ERR13336162/ERR13336162.bam	8253943930	d403cb2548c6e612b13fac6f26929161	ftp.sra.ebi.ac.uk/vol1/run/ERR133/ERR13336162/W2319.hifi.fastq.gz	8421828857	c48b1f9a9b9e04fd28df04940356458d			
ERR13336163	ftp.sra.ebi.ac.uk/vol1/fastq/ERR133/063/ERR13336163/ERR13336163.fastq.gz	7863559767	60eb1be1283b77a62e5baee47e5d8de0	ftp.sra.ebi.ac.uk/vol1/err/ERR133/063/ERR13336163/ERR13336163.bam	7725650114	5a815b0cc93a004007b4c46ca005b6b5	ftp.sra.ebi.ac.uk/vol1/run/ERR133/ERR13336163/W2320.hifi.fastq.gz	7843097487	a85130bf9bbee1e6967ba34e90e0dc4d			
ERR13336170	ftp.sra.ebi.ac.uk/vol1/fastq/ERR133/070/ERR13336170/ERR13336170.fastq.gz	7247568065	6bdbdb0432969c51e3abc3b48c5a9d10	ftp.sra.ebi.ac.uk/vol1/err/ERR133/070/ERR13336170/ERR13336170.bam	7129456725	f7876c04d640e1bf23aba71d279b77dc	ftp.sra.ebi.ac.uk/vol1/run/ERR133/ERR13336170/W3033.hifi.fastq.gz	7229286279	e43b03857a092ad82f9afeaa04ea6b70			
ERR13336174	ftp.sra.ebi.ac.uk/vol1/fastq/ERR133/074/ERR13336174/ERR13336174.fastq.gz	9708665092	f7149f157125f26c41648e19d6223132	ftp.sra.ebi.ac.uk/vol1/err/ERR133/074/ERR13336174/ERR13336174.bam	9533438583	27936551f78fc5d6003009f27d80d2c3	ftp.sra.ebi.ac.uk/vol1/run/ERR133/ERR13336174/W3047.hifi.fastq.gz	9684546720	d98da73dd94e4f7aa0c65b74e169edca			
ERR13336178	ftp.sra.ebi.ac.uk/vol1/fastq/ERR133/078/ERR13336178/ERR13336178.fastq.gz	7835897840	99469e05b32143253b9ee1d860d0a1c1	ftp.sra.ebi.ac.uk/vol1/err/ERR133/078/ERR13336178/ERR13336178.bam	7696664899	d83e15d37322023115113fa5fcf14bc0	ftp.sra.ebi.ac.uk/vol1/run/ERR133/ERR13336178/W3055.hifi.fastq.gz	7815849924	144579181874676872ba6ce3d8fc252b			
ERR13336181	ftp.sra.ebi.ac.uk/vol1/fastq/ERR133/081/ERR13336181/ERR13336181.fastq.gz	8061105317	08938153d7e2ecaaee4f295d7c4adeb7	ftp.sra.ebi.ac.uk/vol1/err/ERR133/081/ERR13336181/ERR13336181.bam	7914876672	525a8aba89cd7e9835276a08319167d3	ftp.sra.ebi.ac.uk/vol1/run/ERR133/ERR13336181/W3071.hifi.fastq.gz	8037710373	f7f7aff15a8861295b98b6bcc38f7296			
ERR13336183	ftp.sra.ebi.ac.uk/vol1/fastq/ERR133/083/ERR13336183/ERR13336183.fastq.gz	6088341169	e0f2e8b043bb33435f502a51df7de94c	ftp.sra.ebi.ac.uk/vol1/err/ERR133/083/ERR13336183/ERR13336183.bam	5966177781	f02d89087325de81a5b8a6af21baf077	ftp.sra.ebi.ac.uk/vol1/run/ERR133/ERR13336183/W3082.hifi.fastq.gz	6070227000	ed874a5efa0d403eb836de202001ad9e			
ERR13336186	ftp.sra.ebi.ac.uk/vol1/fastq/ERR133/086/ERR13336186/ERR13336186.fastq.gz	9055591979	19994ab95f6f86c7d255455b884f2652	ftp.sra.ebi.ac.uk/vol1/err/ERR133/086/ERR13336186/ERR13336186.bam	8879981954	05dc1f3fa3dd1b226bc9e696c50a485b	ftp.sra.ebi.ac.uk/vol1/run/ERR133/ERR13336186/W3090.hifi.fastq.gz	9032504341	f6f29e8fbaf15a599578921e97a8997f			
ERR13336187	ftp.sra.ebi.ac.uk/vol1/fastq/ERR133/087/ERR13336187/ERR13336187.fastq.gz	8163143390	5662b2854af2e3f4d625df5be19aa827	ftp.sra.ebi.ac.uk/vol1/err/ERR133/087/ERR13336187/ERR13336187.bam	8011203477	73aec64da7441061a7789eeba2191afb	ftp.sra.ebi.ac.uk/vol1/run/ERR133/ERR13336187/W3092.hifi.fastq.gz	8140245709	527eb98ba68a7543b2b720897d7517c4			
ERR13336189	ftp.sra.ebi.ac.uk/vol1/fastq/ERR133/089/ERR13336189/ERR13336189_1.fastq.gz;ftp.sra.ebi.ac.uk/vol1/fastq/ERR133/089/ERR13336189/ERR13336189_2.fastq.gz	29934554575;31364374729	544b32127fb023048ad52ac6c0e69895;f9857b64cb54d9034efb3c3a7d7b73b1	ftp.sra.ebi.ac.uk/vol1/err/ERR133/089/ERR13336189/ERR13336189.bam	58441954312	a75d01e28b9d69e4afb95872e896dfa0	ftp.sra.ebi.ac.uk/vol1/run/ERR133/ERR13336189/Gla4_HIC_R1.fastq.gz;ftp.sra.ebi.ac.uk/vol1/run/ERR133/ERR13336189/Gla4_HIC_R2.fastq.gz	28618190385;30058968849	c99814c0ba35ffcf94cf22deb4e0fb80;5f2b2a482e5dcbef85e81cdeb808f80b			
ERR13336194	ftp.sra.ebi.ac.uk/vol1/fastq/ERR133/094/ERR13336194/ERR13336194_1.fastq.gz;ftp.sra.ebi.ac.uk/vol1/fastq/ERR133/094/ERR13336194/ERR13336194_2.fastq.gz	3612204389;3735846651	c138207d24978e3a87d489790253cf13;c23c09fa2182cfb6a0d1aab742d3f893	ftp.sra.ebi.ac.uk/vol1/err/ERR133/094/ERR13336194/ERR13336194.bam	7245161285	e57ca42725d9bf2cde09c7a7a5ed018e	ftp.sra.ebi.ac.uk/vol1/run/ERR133/ERR13336194/GP117_fringe_clean_1.fastq.gz;ftp.sra.ebi.ac.uk/vol1/run/ERR133/ERR13336194/GP117_fringe_clean_2.fastq.gz	3485566821;3605419581	853ec0e5b82d96d57badc23c3b0c8823;37aac845a434235a2f25fc17bbf4ca96			
ERR13336197	ftp.sra.ebi.ac.uk/vol1/fastq/ERR133/097/ERR13336197/ERR13336197_1.fastq.gz;ftp.sra.ebi.ac.uk/vol1/fastq/ERR133/097/ERR13336197/ERR13336197_2.fastq.gz	4515009836;4789000707	03ccb3fb57a8f6d2f4c9d8567afac17b;0c380e2c604544c1d2ca6c583544e269	ftp.sra.ebi.ac.uk/vol1/err/ERR133/097/ERR13336197/ERR13336197.bam	9150555892	c09de6fcc9c2c00119c8e88777baab24	ftp.sra.ebi.ac.uk/vol1/run/ERR133/ERR13336197/GP523_fringe_clean_1.fastq.gz;ftp.sra.ebi.ac.uk/vol1/run/ERR133/ERR13336197/GP523_fringe_clean_2.fastq.gz	4354406354;4623387785	2a7604583c32097cd3d7bdd0bd332a99;96354da00c6abdbc3f9878a6b2d3c983			
ERR13336199	ftp.sra.ebi.ac.uk/vol1/fastq/ERR133/099/ERR13336199/ERR13336199_1.fastq.gz;ftp.sra.ebi.ac.uk/vol1/fastq/ERR133/099/ERR13336199/ERR13336199_2.fastq.gz	5331623170;5592162481	adbff8f71d5d5a592406b737e595e079;f2a6f564a847c985629b9b9f87390fc4	ftp.sra.ebi.ac.uk/vol1/err/ERR133/099/ERR13336199/ERR13336199.bam	10758462913	7d1be49bc6ff19fc2d38b93528ae0e91	ftp.sra.ebi.ac.uk/vol1/run/ERR133/ERR13336199/GP543_fringe_clean_1.fastq.gz;ftp.sra.ebi.ac.uk/vol1/run/ERR133/ERR13336199/GP543_fringe_clean_2.fastq.gz	5144328538;5399373012	7e25bd2f504a93ea3beb3f3025ffc343;d7208b74622bdb44a9eea0ade6f753f1			
ERR13336212	ftp.sra.ebi.ac.uk/vol1/fastq/ERR133/012/ERR13336212/ERR13336212_1.fastq.gz;ftp.sra.ebi.ac.uk/vol1/fastq/ERR133/012/ERR13336212/ERR13336212_2.fastq.gz	2927712896;3155916354	5bc0b4f221441a6bf31d404bab2ac457;ebc83b215f86ef852dde8efe5b9641c5	ftp.sra.ebi.ac.uk/vol1/err/ERR133/012/ERR13336212/ERR13336212.bam	5986294979	0a5def3a0d9eae37b0cdecb3f483a049	ftp.sra.ebi.ac.uk/vol1/run/ERR133/ERR13336212/W0135_fringe_clean_1.fastq.gz;ftp.sra.ebi.ac.uk/vol1/run/ERR133/ERR13336212/W0135_fringe_clean_2.fastq.gz	2805870434;3035783974	3f6116672efa30614ddd10097c566a20;f110c4d7e8b2a67df41cc55e2d9561e7			
ERR13336214	ftp.sra.ebi.ac.uk/vol1/fastq/ERR133/014/ERR13336214/ERR13336214_1.fastq.gz;ftp.sra.ebi.ac.uk/vol1/fastq/ERR133/014/ERR13336214/ERR13336214_2.fastq.gz	2825260614;3037742617	d199b9a2e8e9fd834d19573233602216;236b9c51ff66270fa3d0e8df6fc4daca	ftp.sra.ebi.ac.uk/vol1/err/ERR133/014/ERR13336214/ERR13336214.bam	5757913227	f9934ebebe98e7fb3364bed5ee6b5c5f	ftp.sra.ebi.ac.uk/vol1/run/ERR133/ERR13336214/W0137_fringe_clean_1.fastq.gz;ftp.sra.ebi.ac.uk/vol1/run/ERR133/ERR13336214/W0137_fringe_clean_2.fastq.gz	2713691383;2928275649	0ab57a8b64c18af836caf3baedd2e5f6;451390a2dd0984c94e26a7801de225c3			
ERR13336216	ftp.sra.ebi.ac.uk/vol1/fastq/ERR133/016/ERR13336216/ERR13336216_1.fastq.gz;ftp.sra.ebi.ac.uk/vol1/fastq/ERR133/016/ERR13336216/ERR13336216_2.fastq.gz	2816751845;2836928998	2471b975647873477e5bcc8dc6fb2bb0;3fd2ca8128933c8151392d340458ad6f	ftp.sra.ebi.ac.uk/vol1/err/ERR133/016/ERR13336216/ERR13336216.bam	5445840311	bece0dec8b911aeedf8cb4e37b27e391	ftp.sra.ebi.ac.uk/vol1/run/ERR133/ERR13336216/W0147_fringe_clean_1.fastq.gz;ftp.sra.ebi.ac.uk/vol1/run/ERR133/ERR13336216/W0147_fringe_clean_2.fastq.gz	2687274088;2707208063	2cb18eba4b044c4e2bc048049310dc23;74f7265ae017fa92a62f052e17611024			
ERR13336217	ftp.sra.ebi.ac.uk/vol1/fastq/ERR133/017/ERR13336217/ERR13336217_1.fastq.gz;ftp.sra.ebi.ac.uk/vol1/fastq/ERR133/017/ERR13336217/ERR13336217_2.fastq.gz	2204423770;2242287599	0ff95cfc43477832e7d25a41f83dbb3c;ad49a35b3f623ecefd7dd6345638fd43	ftp.sra.ebi.ac.uk/vol1/err/ERR133/017/ERR13336217/ERR13336217.bam	4245279946	cab8c7b1566bc19ad0be3c159a3b2255	ftp.sra.ebi.ac.uk/vol1/run/ERR133/ERR13336217/W0149_fringe_clean_1.fastq.gz;ftp.sra.ebi.ac.uk/vol1/run/ERR133/ERR13336217/W0149_fringe_clean_2.fastq.gz	2079144719;2117508876	745ff0a5fe390c99f3583482ab30f587;dd2e7d786fd09ec49a33fa596f8496a0			
ERR13336218	ftp.sra.ebi.ac.uk/vol1/fastq/ERR133/018/ERR13336218/ERR13336218_1.fastq.gz;ftp.sra.ebi.ac.uk/vol1/fastq/ERR133/018/ERR13336218/ERR13336218_2.fastq.gz	2975005431;3324546666	d68fc7c88c3e382545943bbe57656e37;73873f5190a9049161ba54136d2646b8	ftp.sra.ebi.ac.uk/vol1/err/ERR133/018/ERR13336218/ERR13336218.bam	6192940318	2e03cb7faf5b4101828473d044f52be4	ftp.sra.ebi.ac.uk/vol1/run/ERR133/ERR13336218/W0157_fringe_clean_1.fastq.gz;ftp.sra.ebi.ac.uk/vol1/run/ERR133/ERR13336218/W0157_fringe_clean_2.fastq.gz	2852876770;3206087917	4168b4ba54c258ec0099769f324120c8;8ccca831dcae572c6c719d9da10cf052			
ERR13336226	ftp.sra.ebi.ac.uk/vol1/fastq/ERR133/026/ERR13336226/ERR13336226_1.fastq.gz;ftp.sra.ebi.ac.uk/vol1/fastq/ERR133/026/ERR13336226/ERR13336226_2.fastq.gz	2669984993;2951391842	c1948fae2990fec7cfdb63ec06af3b7b;908d914423a990c072c0be716c41e9fe	ftp.sra.ebi.ac.uk/vol1/err/ERR133/026/ERR13336226/ERR13336226.bam	5563219533	ed230e6fcb362084f12e81e34c281b32	ftp.sra.ebi.ac.uk/vol1/run/ERR133/ERR13336226/W0573_fringe_clean_1.fastq.gz;ftp.sra.ebi.ac.uk/vol1/run/ERR133/ERR13336226/W0573_fringe_clean_2.fastq.gz	2571535447;2854546688	b24c40db9cdf51d827bac5472ad88999;6fb221bca00b9b928b2e54d9ce337465			
ERR13336227	ftp.sra.ebi.ac.uk/vol1/fastq/ERR133/027/ERR13336227/ERR13336227_1.fastq.gz;ftp.sra.ebi.ac.uk/vol1/fastq/ERR133/027/ERR13336227/ERR13336227_2.fastq.gz	2554391457;2846758894	dbb325eb99ce99abe89c6db66929ad95;62c85df7bda8a66187deaee4331b82cb	ftp.sra.ebi.ac.uk/vol1/err/ERR133/027/ERR13336227/ERR13336227.bam	5296687118	2687d9b373722329cd7dbbd102dc583d	ftp.sra.ebi.ac.uk/vol1/run/ERR133/ERR13336227/W0590_fringe_clean_1.fastq.gz;ftp.sra.ebi.ac.uk/vol1/run/ERR133/ERR13336227/W0590_fringe_clean_2.fastq.gz	2437462479;2732396401	334437d44cb3cca3f1054586bbcef6c5;cd82503693a348163ab66db333f9b0ec			
ERR13336228	ftp.sra.ebi.ac.uk/vol1/fastq/ERR133/028/ERR13336228/ERR13336228_1.fastq.gz;ftp.sra.ebi.ac.uk/vol1/fastq/ERR133/028/ERR13336228/ERR13336228_2.fastq.gz	5123391781;5341855449	f7f88ad54946a5b3d06ce55ce4bcba84;3e944c047d4a41457149bc26ba330f4b	ftp.sra.ebi.ac.uk/vol1/err/ERR133/028/ERR13336228/ERR13336228.bam	10374403131	02e0ec6ebff96457b3575b066de407df	ftp.sra.ebi.ac.uk/vol1/run/ERR133/ERR13336228/W0594_fringe_clean_1.fastq.gz;ftp.sra.ebi.ac.uk/vol1/run/ERR133/ERR13336228/W0594_fringe_clean_2.fastq.gz	4985608439;5203307857	070d2385f6ad4e10726fe012dc9989ee;24e50a6002e92b30930b19054efa0b87			
ERR13336229	ftp.sra.ebi.ac.uk/vol1/fastq/ERR133/029/ERR13336229/ERR13336229_1.fastq.gz;ftp.sra.ebi.ac.uk/vol1/fastq/ERR133/029/ERR13336229/ERR13336229_2.fastq.gz	3039001104;3044322097	a60fc341418f04e063e9664779d69be6;b766a53e9bf7e1a48f159546cbf42fa2	ftp.sra.ebi.ac.uk/vol1/err/ERR133/029/ERR13336229/ERR13336229.bam	6052333654	b1b7ce16c47eb649141371dbe3fade90	ftp.sra.ebi.ac.uk/vol1/run/ERR133/ERR13336229/W0596_fringe_clean_1.fastq.gz;ftp.sra.ebi.ac.uk/vol1/run/ERR133/ERR13336229/W0596_fringe_clean_2.fastq.gz	2931870527;2942207207	81362b1ae27b1602a62ad50fc614bf77;aa3e3721f6ffa074e67eb6e977397741			
ERR13336230	ftp.sra.ebi.ac.uk/vol1/fastq/ERR133/030/ERR13336230/ERR13336230_1.fastq.gz;ftp.sra.ebi.ac.uk/vol1/fastq/ERR133/030/ERR13336230/ERR13336230_2.fastq.gz	2335211957;2603207840	952e20562bfab33203042989745043ad;d4c80b5a0e8e7f05d696ffb84754ae49	ftp.sra.ebi.ac.uk/vol1/err/ERR133/030/ERR13336230/ERR13336230.bam	4850725863	769ade57aa922c77aae4b282f45c3633	ftp.sra.ebi.ac.uk/vol1/run/ERR133/ERR13336230/W0600_fringe_clean_1.fastq.gz;ftp.sra.ebi.ac.uk/vol1/run/ERR133/ERR13336230/W0600_fringe_clean_2.fastq.gz	2229859508;2501893410	6d24e4d1685306ed161f9458a7604b17;295bf3bc9d32af1ad60a8ee9c0413ab7			
ERR13336240	ftp.sra.ebi.ac.uk/vol1/fastq/ERR133/040/ERR13336240/ERR13336240_1.fastq.gz;ftp.sra.ebi.ac.uk/vol1/fastq/ERR133/040/ERR13336240/ERR13336240_2.fastq.gz	2185389554;2341311337	2c9d8e62630783d76914c077ebe6b4be;885788a643d36e5c1dcdc8e3eeee5394	ftp.sra.ebi.ac.uk/vol1/err/ERR133/040/ERR13336240/ERR13336240.bam	4493986187	088e708e7661f8b81d42862c6689c566	ftp.sra.ebi.ac.uk/vol1/run/ERR133/ERR13336240/W1547_fringe_clean_1.fastq.gz;ftp.sra.ebi.ac.uk/vol1/run/ERR133/ERR13336240/W1547_fringe_clean_2.fastq.gz	2105212289;2266583688	f8da5d7e4a71d049288c18cfbce708a9;2aa2d49b5eb5de9b7cd80c2e82255f3e			
ERR13336245	ftp.sra.ebi.ac.uk/vol1/fastq/ERR133/045/ERR13336245/ERR13336245_1.fastq.gz;ftp.sra.ebi.ac.uk/vol1/fastq/ERR133/045/ERR13336245/ERR13336245_2.fastq.gz	2715731517;3031051711	2a2356dee725aea9a0029fa60a5d7372;e81100435f4ba048eaa0d034932c21d6	ftp.sra.ebi.ac.uk/vol1/err/ERR133/045/ERR13336245/ERR13336245.bam	5699949118	63e7422dc034c0ba76613383b9ba55ef	ftp.sra.ebi.ac.uk/vol1/run/ERR133/ERR13336245/W1559_fringe_clean_1.fastq.gz;ftp.sra.ebi.ac.uk/vol1/run/ERR133/ERR13336245/W1559_fringe_clean_2.fastq.gz	2601351295;2919500556	795e4070eaec5d5c8e3147747692f195;3af17f4b63fb4eb47ab78d8482a50ead			
ERR13336249	ftp.sra.ebi.ac.uk/vol1/fastq/ERR133/049/ERR13336249/ERR13336249_1.fastq.gz;ftp.sra.ebi.ac.uk/vol1/fastq/ERR133/049/ERR13336249/ERR13336249_2.fastq.gz	2874225044;2963026379	f262b0f15a6a90a3c82b464ed8ae1036;66d4f6efad75a03d2a87e8680a48e5ca	ftp.sra.ebi.ac.uk/vol1/err/ERR133/049/ERR13336249/ERR13336249.bam	5776507565	30ad50800e882177e3e2b8358726ff0c	ftp.sra.ebi.ac.uk/vol1/run/ERR133/ERR13336249/W1679_fringe_clean_1.fastq.gz;ftp.sra.ebi.ac.uk/vol1/run/ERR133/ERR13336249/W1679_fringe_clean_2.fastq.gz	2788346825;2876186303	06900dc0bef622b005f782552447d507;5d35ea29199b00544babd6f35e5fac27			
ERR13336255	ftp.sra.ebi.ac.uk/vol1/fastq/ERR133/055/ERR13336255/ERR13336255_1.fastq.gz;ftp.sra.ebi.ac.uk/vol1/fastq/ERR133/055/ERR13336255/ERR13336255_2.fastq.gz	3112406357;3136406953	82ce54bc27c5bd20d33a3fb853fcdce6;77ec4367231271e6938c5059f8414f4d	ftp.sra.ebi.ac.uk/vol1/err/ERR133/055/ERR13336255/ERR13336255.bam	6068999407	248f63240b22250eb22d4ae8580dee15	ftp.sra.ebi.ac.uk/vol1/run/ERR133/ERR13336255/W1732_fringe_clean_1.fastq.gz;ftp.sra.ebi.ac.uk/vol1/run/ERR133/ERR13336255/W1732_fringe_clean_2.fastq.gz	2943205418;2967996873	9ddc0e811f4792bda734f0d10506eeb1;f8a396229263919493ed9ed6d55477e6			
ERR13336256	ftp.sra.ebi.ac.uk/vol1/fastq/ERR133/056/ERR13336256/ERR13336256_1.fastq.gz;ftp.sra.ebi.ac.uk/vol1/fastq/ERR133/056/ERR13336256/ERR13336256_2.fastq.gz	3246931985;3083252563	5cc1a6ad83321e02ce16947784e24e09;2936355a7b0b26f5f5746bb37c92d2a4	ftp.sra.ebi.ac.uk/vol1/err/ERR133/056/ERR13336256/ERR13336256.bam	6304214967	78fb052a6998186c09031c6a470a7ad8	ftp.sra.ebi.ac.uk/vol1/run/ERR133/ERR13336256/W1735_fringe_clean_1.fastq.gz;ftp.sra.ebi.ac.uk/vol1/run/ERR133/ERR13336256/W1735_fringe_clean_2.fastq.gz	3152065483;2986161861	ffefef496fd02c5c3717a6031b15f0bb;a0f21e8bfc698a1e006a79751b60c75c			
ERR13336258	ftp.sra.ebi.ac.uk/vol1/fastq/ERR133/058/ERR13336258/ERR13336258_1.fastq.gz;ftp.sra.ebi.ac.uk/vol1/fastq/ERR133/058/ERR13336258/ERR13336258_2.fastq.gz	2313071137;2290982381	7aab62274854d0d615b1dec08bad1764;957f93de14541b9bba02b86c2962aa85	ftp.sra.ebi.ac.uk/vol1/err/ERR133/058/ERR13336258/ERR13336258.bam	4542862711	a706210c865a0cb7775f34b0d6c7ff67	ftp.sra.ebi.ac.uk/vol1/run/ERR133/ERR13336258/W1737_fringe_clean_1.fastq.gz;ftp.sra.ebi.ac.uk/vol1/run/ERR133/ERR13336258/W1737_fringe_clean_2.fastq.gz	2240760606;2214888988	b38599dbebbfe56ebc96aeffb2c23ccd;2f2aad2283e8f4fff61dd5e8e4d3e4bd			
ERR13336261	ftp.sra.ebi.ac.uk/vol1/fastq/ERR133/061/ERR13336261/ERR13336261_1.fastq.gz;ftp.sra.ebi.ac.uk/vol1/fastq/ERR133/061/ERR13336261/ERR13336261_2.fastq.gz	4088488176;3921258658	42538b06ee2438d37600c5f089d5f142;27633b78731b507ff63109fabb0d2112	ftp.sra.ebi.ac.uk/vol1/err/ERR133/061/ERR13336261/ERR13336261.bam	7978385143	0fb354149864ce34302d3143e8496140	ftp.sra.ebi.ac.uk/vol1/run/ERR133/ERR13336261/W1750_fringe_clean_1.fastq.gz;ftp.sra.ebi.ac.uk/vol1/run/ERR133/ERR13336261/W1750_fringe_clean_2.fastq.gz	3943524854;3759330571	856497b97c304da2aa119c023d424d1e;e2654a83af26e15a52160f8fccb104de			
ERR13336267	ftp.sra.ebi.ac.uk/vol1/fastq/ERR133/067/ERR13336267/ERR13336267_1.fastq.gz;ftp.sra.ebi.ac.uk/vol1/fastq/ERR133/067/ERR13336267/ERR13336267_2.fastq.gz	2514553923;2568526329	9f70f87d1fd58df8fcbafd05683aef25;157a8458bda9e149f5987aefbdfb1d4f	ftp.sra.ebi.ac.uk/vol1/err/ERR133/067/ERR13336267/ERR13336267.bam	4848857602	bf495d15005f1d6a22d1443a753fe58c	ftp.sra.ebi.ac.uk/vol1/run/ERR133/ERR13336267/W1825_fringe_clean_1.fastq.gz;ftp.sra.ebi.ac.uk/vol1/run/ERR133/ERR13336267/W1825_fringe_clean_2.fastq.gz	2373180590;2427411149	b1f8a62d96c6d8905b979f538755024a;d24a784a3253ffde5f0263b9e2748bf4			
ERR13336273	ftp.sra.ebi.ac.uk/vol1/fastq/ERR133/073/ERR13336273/ERR13336273_1.fastq.gz;ftp.sra.ebi.ac.uk/vol1/fastq/ERR133/073/ERR13336273/ERR13336273_2.fastq.gz	2298512075;2627040095	a7c4af94345dbcee5956281ee7b2a867;be8e4c656cad839abb3775201373b4dd	ftp.sra.ebi.ac.uk/vol1/err/ERR133/073/ERR13336273/ERR13336273.bam	4904362092	8fef70bd5b4bb2d0ca7da565e2b8c355	ftp.sra.ebi.ac.uk/vol1/run/ERR133/ERR13336273/W1970_fringe_clean_1.fastq.gz;ftp.sra.ebi.ac.uk/vol1/run/ERR133/ERR13336273/W1970_fringe_clean_2.fastq.gz	2197899237;2532090433	8511457df5ef4512063c65a1ad8e5f4f;358afd18e9d4d1761b520c37b948ed42			
ERR13336275	ftp.sra.ebi.ac.uk/vol1/fastq/ERR133/075/ERR13336275/ERR13336275_1.fastq.gz;ftp.sra.ebi.ac.uk/vol1/fastq/ERR133/075/ERR13336275/ERR13336275_2.fastq.gz	2656531423;2649932262	34a73e60509d1dda2ea49801b49cfee3;bd580ba86e6d28cfd35083157446465e	ftp.sra.ebi.ac.uk/vol1/err/ERR133/075/ERR13336275/ERR13336275.bam	5141497148	20c5c3399c165b17250366ee9966a94c	ftp.sra.ebi.ac.uk/vol1/run/ERR133/ERR13336275/W2005_fringe_clean_1.fastq.gz;ftp.sra.ebi.ac.uk/vol1/run/ERR133/ERR13336275/W2005_fringe_clean_2.fastq.gz	2532570102;2525796069	11cb0e5835a3b00784b5c9162e409ebf;a1180c665b98109276f3e79baae22b71			
ERR13336277	ftp.sra.ebi.ac.uk/vol1/fastq/ERR133/077/ERR13336277/ERR13336277_1.fastq.gz;ftp.sra.ebi.ac.uk/vol1/fastq/ERR133/077/ERR13336277/ERR13336277_2.fastq.gz	2610186213;2879846562	38eed2929605c2887081e1ddf6904ffb;fc4427ccd3a802cd1065ad7cb707a1e3	ftp.sra.ebi.ac.uk/vol1/err/ERR133/077/ERR13336277/ERR13336277.bam	5466323642	1f693c3294b540ad52a2ddd62f8afb1a	ftp.sra.ebi.ac.uk/vol1/run/ERR133/ERR13336277/W2036_fringe_clean_1.fastq.gz;ftp.sra.ebi.ac.uk/vol1/run/ERR133/ERR13336277/W2036_fringe_clean_2.fastq.gz	2520826552;2783752933	ed8c46b2fa4222be2d07da882ce94756;7cac58671b1446a4e580a3a5442dc0be			
ERR13336279	ftp.sra.ebi.ac.uk/vol1/fastq/ERR133/079/ERR13336279/ERR13336279_1.fastq.gz;ftp.sra.ebi.ac.uk/vol1/fastq/ERR133/079/ERR13336279/ERR13336279_2.fastq.gz	5075962060;5294319252	5d33ac8fd40085200267ad2849a07184;89cada4226276a247801f88ed764bf2b	ftp.sra.ebi.ac.uk/vol1/err/ERR133/079/ERR13336279/ERR13336279.bam	10163429170	216168cc2e70bea54a750a91bc2ed253	ftp.sra.ebi.ac.uk/vol1/run/ERR133/ERR13336279/W2053_fringe_clean_1.fastq.gz;ftp.sra.ebi.ac.uk/vol1/run/ERR133/ERR13336279/W2053_fringe_clean_2.fastq.gz	4898080768;5112741169	498606ea7e12a94ec7c9a1477721be8c;03bc5f260c8daf897317616cb81a6298			
ERR13336283	ftp.sra.ebi.ac.uk/vol1/fastq/ERR133/083/ERR13336283/ERR13336283_1.fastq.gz;ftp.sra.ebi.ac.uk/vol1/fastq/ERR133/083/ERR13336283/ERR13336283_2.fastq.gz	3053508740;3395682000	4385adddb5a5d3de997ac9e315afc26d;e559390e7303e28681effd16f358b1d5	ftp.sra.ebi.ac.uk/vol1/err/ERR133/083/ERR13336283/ERR13336283.bam	6392768189	3ec03070a5d18c251006e831abd3e3ac	ftp.sra.ebi.ac.uk/vol1/run/ERR133/ERR13336283/W2108_fringe_clean_1.fastq.gz;ftp.sra.ebi.ac.uk/vol1/run/ERR133/ERR13336283/W2108_fringe_clean_2.fastq.gz	2928319255;3272127407	5c92ebaf9f2f4896574ec3ac4973dc50;1db461331ca33fe0e532daa9c3b6e5c5			
ERR13336284	ftp.sra.ebi.ac.uk/vol1/fastq/ERR133/084/ERR13336284/ERR13336284_1.fastq.gz;ftp.sra.ebi.ac.uk/vol1/fastq/ERR133/084/ERR13336284/ERR13336284_2.fastq.gz	2047747359;2230221559	17b92d124fa688c920e1601d5cc14c3a;89c981e35966932821dc6eaa4be3accc	ftp.sra.ebi.ac.uk/vol1/err/ERR133/084/ERR13336284/ERR13336284.bam	4234223116	2cff51ec4cf844ea1b43614f98be651c	ftp.sra.ebi.ac.uk/vol1/run/ERR133/ERR13336284/W2267_fringe_clean_1.fastq.gz;ftp.sra.ebi.ac.uk/vol1/run/ERR133/ERR13336284/W2267_fringe_clean_2.fastq.gz	1963501594;2147386303	61ed0c1b56b41d131c77959d9f9f5062;0abe45ce07d60e74f21300582e84aea3			
ERR13336286	ftp.sra.ebi.ac.uk/vol1/fastq/ERR133/086/ERR13336286/ERR13336286_1.fastq.gz;ftp.sra.ebi.ac.uk/vol1/fastq/ERR133/086/ERR13336286/ERR13336286_2.fastq.gz	2687245486;2948192293	30741a5b582ec4fd697f4d59ab27f993;a0c304b28ccb24f0984f4686e9f4f592	ftp.sra.ebi.ac.uk/vol1/err/ERR133/086/ERR13336286/ERR13336286.bam	5598765844	af282f6ae1c2bb31e64ec80f8a409e4c	ftp.sra.ebi.ac.uk/vol1/run/ERR133/ERR13336286/W2283_fringe_clean_1.fastq.gz;ftp.sra.ebi.ac.uk/vol1/run/ERR133/ERR13336286/W2283_fringe_clean_2.fastq.gz	2572905752;2835870842	e91f6701cf6b6fd180e072842d3d55bc;84148838c9dcc1a3155d8c38cf08107c			
ERR13336288	ftp.sra.ebi.ac.uk/vol1/fastq/ERR133/088/ERR13336288/ERR13336288_1.fastq.gz;ftp.sra.ebi.ac.uk/vol1/fastq/ERR133/088/ERR13336288/ERR13336288_2.fastq.gz	2147639326;2400160522	b47c53884c79ae0f65862db633ee4fdc;9b579a6ba731bfb9823317c1595796f3	ftp.sra.ebi.ac.uk/vol1/err/ERR133/088/ERR13336288/ERR13336288.bam	4506043468	01e258588d1fe7833d62281e8f339fcf	ftp.sra.ebi.ac.uk/vol1/run/ERR133/ERR13336288/W2308_fringe_clean_1.fastq.gz;ftp.sra.ebi.ac.uk/vol1/run/ERR133/ERR13336288/W2308_fringe_clean_2.fastq.gz	2059082228;2313550098	6e76310936a3d9ec6c6f78444943e85a;c943d19d555d0f649fff83095e7123de			
ERR13336293	ftp.sra.ebi.ac.uk/vol1/fastq/ERR133/093/ERR13336293/ERR13336293_1.fastq.gz;ftp.sra.ebi.ac.uk/vol1/fastq/ERR133/093/ERR13336293/ERR13336293_2.fastq.gz	2526436872;2771290812	cad141864a6a866b9a5136308a51bd69;bfd8ffffe5e4750e36b22a5857f3ad43	ftp.sra.ebi.ac.uk/vol1/err/ERR133/093/ERR13336293/ERR13336293.bam	5253509178	461849082911962b2fc196da25e0cdf2	ftp.sra.ebi.ac.uk/vol1/run/ERR133/ERR13336293/W2321_fringe_clean_1.fastq.gz;ftp.sra.ebi.ac.uk/vol1/run/ERR133/ERR13336293/W2321_fringe_clean_2.fastq.gz	2418955952;2665821310	dabaf278a75f2fff54cbef717a94419d;a819a7ef09539ec4bf3a633e47dde55b			
ERR13336295	ftp.sra.ebi.ac.uk/vol1/fastq/ERR133/095/ERR13336295/ERR13336295_1.fastq.gz;ftp.sra.ebi.ac.uk/vol1/fastq/ERR133/095/ERR13336295/ERR13336295_2.fastq.gz	5036455145;5227051794	288646e1a8093b912a0c348cdbd10496;cdb449c63eed6c6cb4060bff07396aea	ftp.sra.ebi.ac.uk/vol1/err/ERR133/095/ERR13336295/ERR13336295.bam	10082603388	31411777613d8126856ac2072413ceeb	ftp.sra.ebi.ac.uk/vol1/run/ERR133/ERR13336295/W3007_fringe_clean_1.fastq.gz;ftp.sra.ebi.ac.uk/vol1/run/ERR133/ERR13336295/W3007_fringe_clean_2.fastq.gz	4858662414;5045533481	88447f72fa5d636becf65b65ff0db20b;7c650d8683235fcda4e3e80720bbf9a3			
ERR13336297	ftp.sra.ebi.ac.uk/vol1/fastq/ERR133/097/ERR13336297/ERR13336297_1.fastq.gz;ftp.sra.ebi.ac.uk/vol1/fastq/ERR133/097/ERR13336297/ERR13336297_2.fastq.gz	3477909789;3848797919	a9c76411a59c68feb72afb8648128fbd;bac2811243bdbf3eb906eed78854687e	ftp.sra.ebi.ac.uk/vol1/err/ERR133/097/ERR13336297/ERR13336297.bam	7264576515	1d5d8530d96ccc492060d3d24203cddd	ftp.sra.ebi.ac.uk/vol1/run/ERR133/ERR13336297/W3012_fringe_clean_1.fastq.gz;ftp.sra.ebi.ac.uk/vol1/run/ERR133/ERR13336297/W3012_fringe_clean_2.fastq.gz	3329611376;3704551140	efc315a2ed267bfabd97ca7d28d727d9;868b1af64defa349aeb7c07964912238			
ERR13336309	ftp.sra.ebi.ac.uk/vol1/fastq/ERR133/009/ERR13336309/ERR13336309_1.fastq.gz;ftp.sra.ebi.ac.uk/vol1/fastq/ERR133/009/ERR13336309/ERR13336309_2.fastq.gz	2668730209;3006298402	5cf50e9ead7f865924be5688df23993c;37b4bb115f5ea52e56f35ea82629e67a	ftp.sra.ebi.ac.uk/vol1/err/ERR133/009/ERR13336309/ERR13336309.bam	5613188604	081f344baf8e7dbe748608c4e1dda67c	ftp.sra.ebi.ac.uk/vol1/run/ERR133/ERR13336309/W3071_fringe_clean_1.fastq.gz;ftp.sra.ebi.ac.uk/vol1/run/ERR133/ERR13336309/W3071_fringe_clean_2.fastq.gz	2572336998;2915239118	a06e5752ccafb4d00b1ee9008bf9e48b;839809c1c51844c071d2e06683656578			
ERR13336311	ftp.sra.ebi.ac.uk/vol1/fastq/ERR133/011/ERR13336311/ERR13336311_1.fastq.gz;ftp.sra.ebi.ac.uk/vol1/fastq/ERR133/011/ERR13336311/ERR13336311_2.fastq.gz	2961421754;2947212704	935002606ba352d7477740b0cddae9b7;0bd84e98eeb435660ef5d014e3a6c726	ftp.sra.ebi.ac.uk/vol1/err/ERR133/011/ERR13336311/ERR13336311.bam	5935124595	f169b441e4b074ae3b8b1221c3582278	ftp.sra.ebi.ac.uk/vol1/run/ERR133/ERR13336311/W3088_fringe_clean_1.fastq.gz;ftp.sra.ebi.ac.uk/vol1/run/ERR133/ERR13336311/W3088_fringe_clean_2.fastq.gz	2842114841;2824016209	3b64d2ab683028695cb6659dc02a36cd;63e4cdab2537967c2a8360de46bef878			
ERR13336312	ftp.sra.ebi.ac.uk/vol1/fastq/ERR133/012/ERR13336312/ERR13336312_1.fastq.gz;ftp.sra.ebi.ac.uk/vol1/fastq/ERR133/012/ERR13336312/ERR13336312_2.fastq.gz	3733346361;3789079152	71ae9c5b67fce54cd9832f3de6843e51;45b4e3acdb6210f5d501ec23c5c84d58	ftp.sra.ebi.ac.uk/vol1/err/ERR133/012/ERR13336312/ERR13336312.bam	7318703659	21cba4f6d3aa500f53bfb112f4623f9a	ftp.sra.ebi.ac.uk/vol1/run/ERR133/ERR13336312/W3096_fringe_clean_1.fastq.gz;ftp.sra.ebi.ac.uk/vol1/run/ERR133/ERR13336312/W3096_fringe_clean_2.fastq.gz	3540985115;3597945693	6469c6c9ca3a36b82aa58af82afbd0e0;d2eba48dcfd8e32c202f4403a41f94dc			
ERR13336314	ftp.sra.ebi.ac.uk/vol1/fastq/ERR133/014/ERR13336314/ERR13336314_1.fastq.gz;ftp.sra.ebi.ac.uk/vol1/fastq/ERR133/014/ERR13336314/ERR13336314_2.fastq.gz	4349397145;4438717522	92f4f86312af1bb2522e7008ca1266ac;52bdb6f9383599549fce34d184334612	ftp.sra.ebi.ac.uk/vol1/err/ERR133/014/ERR13336314/ERR13336314.bam	8625010079	7fa1fe58929df91ef0195762c7470d9c	ftp.sra.ebi.ac.uk/vol1/run/ERR133/ERR13336314/Gla4_seedling_clean_1.fastq.gz;ftp.sra.ebi.ac.uk/vol1/run/ERR133/ERR13336314/Gla4_seedling_clean_2.fastq.gz	4252082558;4341120466	93d9128639dbc4ff1302a3baf8b1c251;cb4cfbcf92e906a4d35dc3e67a76af4d			
ERR13336320	ftp.sra.ebi.ac.uk/vol1/fastq/ERR133/020/ERR13336320/ERR13336320_1.fastq.gz;ftp.sra.ebi.ac.uk/vol1/fastq/ERR133/020/ERR13336320/ERR13336320_2.fastq.gz	3178021375;3362896364	783a4ecd6b009867d3ee3534c4370a35;438a1f3aa88c507a264c98ef32329be9	ftp.sra.ebi.ac.uk/vol1/err/ERR133/020/ERR13336320/ERR13336320.bam	6423332924	7c1c4fe8444ac08af7ac85366ed8a1e0	ftp.sra.ebi.ac.uk/vol1/run/ERR133/ERR13336320/GP524_seedling_clean_1.fastq.gz;ftp.sra.ebi.ac.uk/vol1/run/ERR133/ERR13336320/GP524_seedling_clean_2.fastq.gz	3078190441;3261819020	1ff457278326566062400c7365c83865;ab94709423c05962f63a794988f3caba			
ERR13336321	ftp.sra.ebi.ac.uk/vol1/fastq/ERR133/021/ERR13336321/ERR13336321_1.fastq.gz;ftp.sra.ebi.ac.uk/vol1/fastq/ERR133/021/ERR13336321/ERR13336321_2.fastq.gz	4760207517;4993063024	04dd40d7e503cecd77a3759b0596658d;c2a1c5727f583519bff5de8b214c1114	ftp.sra.ebi.ac.uk/vol1/err/ERR133/021/ERR13336321/ERR13336321.bam	9556007147	55864ba49bb4ba16390db5194c2adc8f	ftp.sra.ebi.ac.uk/vol1/run/ERR133/ERR13336321/GP543_seedling_clean_1.fastq.gz;ftp.sra.ebi.ac.uk/vol1/run/ERR133/ERR13336321/GP543_seedling_clean_2.fastq.gz	4592374030;4821346005	004a323f4f313841247e95f86c032dbe;5744cacfb87921054ba6fc7ed4b69022			
ERR13336322	ftp.sra.ebi.ac.uk/vol1/fastq/ERR133/022/ERR13336322/ERR13336322_1.fastq.gz;ftp.sra.ebi.ac.uk/vol1/fastq/ERR133/022/ERR13336322/ERR13336322_2.fastq.gz	5523442303;5778480107	671170bcd32070a4f8d6789da4963f41;7688e04f06d6d1f8b3b8f8b66ec714f3	ftp.sra.ebi.ac.uk/vol1/err/ERR133/022/ERR13336322/ERR13336322.bam	11173750071	ced7c83ca65bcf2e08e496394064f51a	ftp.sra.ebi.ac.uk/vol1/run/ERR133/ERR13336322/GP58_seedling_clean_1.fastq.gz;ftp.sra.ebi.ac.uk/vol1/run/ERR133/ERR13336322/GP58_seedling_clean_2.fastq.gz	5337553624;5588945654	e523d01cadab91560b30cd700d1f764d;378410f25a0a7e4c0603abe320371517			
ERR13336323	ftp.sra.ebi.ac.uk/vol1/fastq/ERR133/023/ERR13336323/ERR13336323_1.fastq.gz;ftp.sra.ebi.ac.uk/vol1/fastq/ERR133/023/ERR13336323/ERR13336323_2.fastq.gz	4208401966;4472774677	84834dc71ef2e16e7f3bc1c4ebfea52d;31a3512d52af3ffa64265c6b4e385ce7	ftp.sra.ebi.ac.uk/vol1/err/ERR133/023/ERR13336323/ERR13336323.bam	8519071841	c1f0b16620d31c87bb53c76e070fc8c5	ftp.sra.ebi.ac.uk/vol1/run/ERR133/ERR13336323/GP622_seedling_clean_1.fastq.gz;ftp.sra.ebi.ac.uk/vol1/run/ERR133/ERR13336323/GP622_seedling_clean_2.fastq.gz	4057513884;4317894887	ed1e6299525c2b291fe021a832214c09;0c4ee2345c539d6e898919e46626428d			
ERR13336328	ftp.sra.ebi.ac.uk/vol1/fastq/ERR133/028/ERR13336328/ERR13336328_1.fastq.gz;ftp.sra.ebi.ac.uk/vol1/fastq/ERR133/028/ERR13336328/ERR13336328_2.fastq.gz	3941916728;4041572252	71121d2d55a21ca6bedb3880eb8ff793;1bd1fe4d8ee9410ed513954f213dd6e4	ftp.sra.ebi.ac.uk/vol1/err/ERR133/028/ERR13336328/ERR13336328.bam	7854898431	fbc78953b29018c49bed58a3b71dc8a8	ftp.sra.ebi.ac.uk/vol1/run/ERR133/ERR13336328/Nip_hifi_seedling_clean_1.fastq.gz;ftp.sra.ebi.ac.uk/vol1/run/ERR133/ERR13336328/Nip_hifi_seedling_clean_2.fastq.gz	3805950134;3901530767	3e66015884dc9430055125a75788d7d5;830cea3afe0e28cb9cae53576cd5a512			
ERR13336330	ftp.sra.ebi.ac.uk/vol1/fastq/ERR133/030/ERR13336330/ERR13336330_1.fastq.gz;ftp.sra.ebi.ac.uk/vol1/fastq/ERR133/030/ERR13336330/ERR13336330_2.fastq.gz	4478875387;4736032094	ba3686377ee83e44f2e3490b600a11b9;8ef4313743973fffd056edb964400e59	ftp.sra.ebi.ac.uk/vol1/err/ERR133/030/ERR13336330/ERR13336330.bam	9094058028	9227d81d5830d95e00c67462b2cf316c	ftp.sra.ebi.ac.uk/vol1/run/ERR133/ERR13336330/OM1952_seedling_clean_1.fastq.gz;ftp.sra.ebi.ac.uk/vol1/run/ERR133/ERR13336330/OM1952_seedling_clean_2.fastq.gz	4317480787;4570423475	0e2de15893f70760ad2d5c6a20a516a8;cab1e27a1b5cc2720fb9cc91937bf9a1			
ERR13336331	ftp.sra.ebi.ac.uk/vol1/fastq/ERR133/031/ERR13336331/ERR13336331_1.fastq.gz;ftp.sra.ebi.ac.uk/vol1/fastq/ERR133/031/ERR13336331/ERR13336331_2.fastq.gz	2376294709;2546080996	a81be80a840a0d3c5c8fff407d5df50c;d1b52d3d2b28add086f172168315e751	ftp.sra.ebi.ac.uk/vol1/err/ERR133/031/ERR13336331/ERR13336331.bam	4822523229	ddda6971f4c76ca6f9e00b14aca3c9b8	ftp.sra.ebi.ac.uk/vol1/run/ERR133/ERR13336331/W0103_seedling_clean_1.fastq.gz;ftp.sra.ebi.ac.uk/vol1/run/ERR133/ERR13336331/W0103_seedling_clean_2.fastq.gz	2298547782;2469146605	c30455747556200b1bf7f5eec4220d88;955e372ad4ff7a96f0d56f84a0828430			
ERR13336336	ftp.sra.ebi.ac.uk/vol1/fastq/ERR133/036/ERR13336336/ERR13336336_1.fastq.gz;ftp.sra.ebi.ac.uk/vol1/fastq/ERR133/036/ERR13336336/ERR13336336_2.fastq.gz	2720136610;2797435016	c1c895d5c718d8790dc5458768ecb6df;1751a7dbd808b3db68a674ec4209f73f	ftp.sra.ebi.ac.uk/vol1/err/ERR133/036/ERR13336336/ERR13336336.bam	5286103785	164c07b433f5a7df8e1e70410bc5bedb	ftp.sra.ebi.ac.uk/vol1/run/ERR133/ERR13336336/W0136_seedling_clean_1.fastq.gz;ftp.sra.ebi.ac.uk/vol1/run/ERR133/ERR13336336/W0136_seedling_clean_2.fastq.gz	2569897969;2647612863	9d0ea97810becd787cd035db14b57ca8;be11ed0425950f8fc9534a37f302c3e9			
ERR13336342	ftp.sra.ebi.ac.uk/vol1/fastq/ERR133/042/ERR13336342/ERR13336342_1.fastq.gz;ftp.sra.ebi.ac.uk/vol1/fastq/ERR133/042/ERR13336342/ERR13336342_2.fastq.gz	2830764081;3336247388	0fdcd318f7ff69eb26f396b291c3255e;06c40175a7c8cca7beeb8091a803ebc9	ftp.sra.ebi.ac.uk/vol1/err/ERR133/042/ERR13336342/ERR13336342.bam	6111000612	9fb621f11309bb68129180f47c13004b	ftp.sra.ebi.ac.uk/vol1/run/ERR133/ERR13336342/W0164_seedling_clean_1.fastq.gz;ftp.sra.ebi.ac.uk/vol1/run/ERR133/ERR13336342/W0164_seedling_clean_2.fastq.gz	2727602900;3233652331	0d125746d4d38dc5bd91cefe220bab4e;c46fdd8bda2e72dc2ed3597d9a44b967			
ERR13336343	ftp.sra.ebi.ac.uk/vol1/fastq/ERR133/043/ERR13336343/ERR13336343_1.fastq.gz;ftp.sra.ebi.ac.uk/vol1/fastq/ERR133/043/ERR13336343/ERR13336343_2.fastq.gz	2927703775;3495191772	f63d5e7ce45658da5f75f5dd1cf1c3f1;05a57912890a21d21e87826aa93e2af6	ftp.sra.ebi.ac.uk/vol1/err/ERR133/043/ERR13336343/ERR13336343.bam	6355820372	6fa1cb8449aa0d86c27e65a5474a7fa6	ftp.sra.ebi.ac.uk/vol1/run/ERR133/ERR13336343/W0166_seedling_clean_1.fastq.gz;ftp.sra.ebi.ac.uk/vol1/run/ERR133/ERR13336343/W0166_seedling_clean_2.fastq.gz	2818342438;3386604690	8c5046f149e3f98c6bea8676d6d9b212;fe4b5562fdd284c9f72521d4dd9cc815			
ERR13336345	ftp.sra.ebi.ac.uk/vol1/fastq/ERR133/045/ERR13336345/ERR13336345_1.fastq.gz;ftp.sra.ebi.ac.uk/vol1/fastq/ERR133/045/ERR13336345/ERR13336345_2.fastq.gz	2561912389;2509933048	5848c196b3569ced44d676d4f912b2dd;ceaa86ebc3f5ddc9c70b922febcc8295	ftp.sra.ebi.ac.uk/vol1/err/ERR133/045/ERR13336345/ERR13336345.bam	5066859147	76163f1dc91ab989e408829604bb9b14	ftp.sra.ebi.ac.uk/vol1/run/ERR133/ERR13336345/W0171_seedling_clean_1.fastq.gz;ftp.sra.ebi.ac.uk/vol1/run/ERR133/ERR13336345/W0171_seedling_clean_2.fastq.gz	2465624367;2411555629	665e778a21a2d73d743da3d237194834;9da081bca7bb95075ded66ffc945fc5a			
ERR13336346	ftp.sra.ebi.ac.uk/vol1/fastq/ERR133/046/ERR13336346/ERR13336346_1.fastq.gz;ftp.sra.ebi.ac.uk/vol1/fastq/ERR133/046/ERR13336346/ERR13336346_2.fastq.gz	2251174850;2509750349	633714b78503034c21269047facac7fc;9e6f293417285df1913faa11d799e88a	ftp.sra.ebi.ac.uk/vol1/err/ERR133/046/ERR13336346/ERR13336346.bam	4689194703	b69e4e89f8f06c76c5d8e2f7e04ab24d	ftp.sra.ebi.ac.uk/vol1/run/ERR133/ERR13336346/W0179_seedling_clean_1.fastq.gz;ftp.sra.ebi.ac.uk/vol1/run/ERR133/ERR13336346/W0179_seedling_clean_2.fastq.gz	2157201883;2416095016	fb6d1f723a23a8320087128fa0140e5e;e0c90d8cccd05c75d87a7a0f797b9af4			
ERR13336349	ftp.sra.ebi.ac.uk/vol1/fastq/ERR133/049/ERR13336349/ERR13336349_1.fastq.gz;ftp.sra.ebi.ac.uk/vol1/fastq/ERR133/049/ERR13336349/ERR13336349_2.fastq.gz	3550213038;3688838052	6dbf3c91bd52c274e4478b526e4822f7;40dbb743f8b979527a442f15e0910ca2	ftp.sra.ebi.ac.uk/vol1/err/ERR133/049/ERR13336349/ERR13336349.bam	7168364566	16fad1b0bd0450274e08d08a7a88fdd0	ftp.sra.ebi.ac.uk/vol1/run/ERR133/ERR13336349/W0573_seedling_clean_1.fastq.gz;ftp.sra.ebi.ac.uk/vol1/run/ERR133/ERR13336349/W0573_seedling_clean_2.fastq.gz	3445686725;3582840851	c92f1f810a7a2c254c4ebdddc8467d2c;7af6f825e3bfdf359b64a93cdad8c85f			
ERR13336353	ftp.sra.ebi.ac.uk/vol1/fastq/ERR133/053/ERR13336353/ERR13336353_1.fastq.gz;ftp.sra.ebi.ac.uk/vol1/fastq/ERR133/053/ERR13336353/ERR13336353_2.fastq.gz	2351788346;2325599584	9759e71a7be938b34fb0442df77ccaaa;82ef68e85733092c4eeba71b9e1b3112	ftp.sra.ebi.ac.uk/vol1/err/ERR133/053/ERR13336353/ERR13336353.bam	4673139837	2ef9ddb7fc16494b8c2a4146f925aafc	ftp.sra.ebi.ac.uk/vol1/run/ERR133/ERR13336353/W0600_seedling_clean_1.fastq.gz;ftp.sra.ebi.ac.uk/vol1/run/ERR133/ERR13336353/W0600_seedling_clean_2.fastq.gz	2258128302;2230200198	405e479a2b2efe7a181257f3c84ad95d;cfa42b3a3df9b4f3fce34700c360f647			
ERR13336355	ftp.sra.ebi.ac.uk/vol1/fastq/ERR133/055/ERR13336355/ERR13336355_1.fastq.gz;ftp.sra.ebi.ac.uk/vol1/fastq/ERR133/055/ERR13336355/ERR13336355_2.fastq.gz	2014339055;2053164627	0422996b2ea606ad87364342c8b7b5c1;85091b84b7aadf6ecf664429ea7ccb1e	ftp.sra.ebi.ac.uk/vol1/err/ERR133/055/ERR13336355/ERR13336355.bam	3889879341	16439d8392db562820e09c51e9416c47	ftp.sra.ebi.ac.uk/vol1/run/ERR133/ERR13336355/W0630_seedling_clean_1.fastq.gz;ftp.sra.ebi.ac.uk/vol1/run/ERR133/ERR13336355/W0630_seedling_clean_2.fastq.gz	1900390575;1939413342	7eb2adcdcae16d4748c1eabaa98752dc;a70c7eb4ac429829710caabe56474a51			
ERR13336358	ftp.sra.ebi.ac.uk/vol1/fastq/ERR133/058/ERR13336358/ERR13336358_1.fastq.gz;ftp.sra.ebi.ac.uk/vol1/fastq/ERR133/058/ERR13336358/ERR13336358_2.fastq.gz	2346447581;2419882066	f42297940089f818cc723c65eb9f862f;8fba14fb660a55a6527263017ab1743b	ftp.sra.ebi.ac.uk/vol1/err/ERR133/058/ERR13336358/ERR13336358.bam	4540498491	a75159ede319616fac54b1460e3943a5	ftp.sra.ebi.ac.uk/vol1/run/ERR133/ERR13336358/W0639_seedling_clean_1.fastq.gz;ftp.sra.ebi.ac.uk/vol1/run/ERR133/ERR13336358/W0639_seedling_clean_2.fastq.gz	2216570572;2290422284	c6116025499e2a2616af4a914ad64593;f7dc164fd2df70d69fcf64f3bd306d63			
ERR13336361	ftp.sra.ebi.ac.uk/vol1/fastq/ERR133/061/ERR13336361/ERR13336361_1.fastq.gz;ftp.sra.ebi.ac.uk/vol1/fastq/ERR133/061/ERR13336361/ERR13336361_2.fastq.gz	2402735318;2670470290	c3bb897e965659668ec0197a204fa5f9;e24259b6ae0d6b17fe98bd6325ff33eb	ftp.sra.ebi.ac.uk/vol1/err/ERR133/061/ERR13336361/ERR13336361.bam	4990076192	9d614ba1e51fbd7a1b328b4d86662bda	ftp.sra.ebi.ac.uk/vol1/run/ERR133/ERR13336361/W1093_seedling_clean_1.fastq.gz;ftp.sra.ebi.ac.uk/vol1/run/ERR133/ERR13336361/W1093_seedling_clean_2.fastq.gz	2298000542;2566522507	6386fa63051b901307757a6ecaf2e2d3;8abb93bbd1b20ecb2d9429107ccbdade			
ERR13336362	ftp.sra.ebi.ac.uk/vol1/fastq/ERR133/062/ERR13336362/ERR13336362_1.fastq.gz;ftp.sra.ebi.ac.uk/vol1/fastq/ERR133/062/ERR13336362/ERR13336362_2.fastq.gz	2018613415;2099346156	6ad6ce68ceeb6292f758bb2b34e6e917;1b837fffbdde9930a50421de394a88c7	ftp.sra.ebi.ac.uk/vol1/err/ERR133/062/ERR13336362/ERR13336362.bam	4062663487	39e2fdc99e74c4cd7e67fc2c81dfad69	ftp.sra.ebi.ac.uk/vol1/run/ERR133/ERR13336362/W1107_seedling_clean_1.fastq.gz;ftp.sra.ebi.ac.uk/vol1/run/ERR133/ERR13336362/W1107_seedling_clean_2.fastq.gz	1956401949;2036711560	759ecdf8dbaf21a238174c043d7287b5;1294181595cf4ff2a0114833c78d7001			
ERR13336363	ftp.sra.ebi.ac.uk/vol1/fastq/ERR133/063/ERR13336363/ERR13336363_1.fastq.gz;ftp.sra.ebi.ac.uk/vol1/fastq/ERR133/063/ERR13336363/ERR13336363_2.fastq.gz	2824551399;2921560591	9f5b9b4ea82420347a287608150229b1;d6822e6b4ab4147aadfe560599694cfe	ftp.sra.ebi.ac.uk/vol1/err/ERR133/063/ERR13336363/ERR13336363.bam	5493951604	cdc0034b8be00b9d0f88f5bd5c00a8e2	ftp.sra.ebi.ac.uk/vol1/run/ERR133/ERR13336363/W1117_seedling_clean_1.fastq.gz;ftp.sra.ebi.ac.uk/vol1/run/ERR133/ERR13336363/W1117_seedling_clean_2.fastq.gz	2668487180;2766117140	614ba7db8ba6881356d6bad7ef1d8e52;de8b239f8b8117bfadfd89c8b4dbcafa			
ERR13336369	ftp.sra.ebi.ac.uk/vol1/fastq/ERR133/069/ERR13336369/ERR13336369_1.fastq.gz;ftp.sra.ebi.ac.uk/vol1/fastq/ERR133/069/ERR13336369/ERR13336369_2.fastq.gz	1864069740;1894014638	9c8f7215d4373958eb9e94e8c6eb9f70;ee2dd5798efa21b67730cfd7e76f6ec2	ftp.sra.ebi.ac.uk/vol1/err/ERR133/069/ERR13336369/ERR13336369.bam	3596838652	42d9210af2e314f38b8fee1e374ccb20	ftp.sra.ebi.ac.uk/vol1/run/ERR133/ERR13336369/W1536_seedling_clean_1.fastq.gz;ftp.sra.ebi.ac.uk/vol1/run/ERR133/ERR13336369/W1536_seedling_clean_2.fastq.gz	1757967521;1788049941	14059979562ab7c7e2e80839efc278a6;1cfdb6d7c5e97cd5928e96bb6aed03a3			
ERR13336376	ftp.sra.ebi.ac.uk/vol1/fastq/ERR133/076/ERR13336376/ERR13336376_1.fastq.gz;ftp.sra.ebi.ac.uk/vol1/fastq/ERR133/076/ERR13336376/ERR13336376_2.fastq.gz	2681880596;2758191829	5b598a8606176b1aa227681a1942f969;157e000793640f1442bca5e45d0b7d99	ftp.sra.ebi.ac.uk/vol1/err/ERR133/076/ERR13336376/ERR13336376.bam	5194926285	2a0e8327f71d9ca7190c670ab2738461	ftp.sra.ebi.ac.uk/vol1/run/ERR133/ERR13336376/W1559_seedling_clean_1.fastq.gz;ftp.sra.ebi.ac.uk/vol1/run/ERR133/ERR13336376/W1559_seedling_clean_2.fastq.gz	2532719731;2609543460	3d14e2e79cc36a6fbbf3ba0618b026c5;37714e50bb8b180149c8643dc6c941dd			
ERR13336378	ftp.sra.ebi.ac.uk/vol1/fastq/ERR133/078/ERR13336378/ERR13336378_1.fastq.gz;ftp.sra.ebi.ac.uk/vol1/fastq/ERR133/078/ERR13336378/ERR13336378_2.fastq.gz	2740296935;2796859112	e41220ee868fe549601a9be244153c9d;ffc817a914d9653f238fd0fe0d7fb577	ftp.sra.ebi.ac.uk/vol1/err/ERR133/078/ERR13336378/ERR13336378.bam	5269333097	032f1314ec8fca0c74672ba43404a99e	ftp.sra.ebi.ac.uk/vol1/run/ERR133/ERR13336378/W1666_seedling_clean_1.fastq.gz;ftp.sra.ebi.ac.uk/vol1/run/ERR133/ERR13336378/W1666_seedling_clean_2.fastq.gz	2589723486;2646839600	379908dfc09c34b634b5eb9690f813b1;fbb021233d0d5c34d9d44cfdf08c5c76			
ERR13336381	ftp.sra.ebi.ac.uk/vol1/fastq/ERR133/081/ERR13336381/ERR13336381_1.fastq.gz;ftp.sra.ebi.ac.uk/vol1/fastq/ERR133/081/ERR13336381/ERR13336381_2.fastq.gz	2410841664;2453987251	2b425e1daf6e320239bb5e6e52d04f01;de376e8c908042ef2c355d9e72989236	ftp.sra.ebi.ac.uk/vol1/err/ERR133/081/ERR13336381/ERR13336381.bam	4645585705	82593f2d02f456608d61880a41a4afa9	ftp.sra.ebi.ac.uk/vol1/run/ERR133/ERR13336381/W1719_seedling_clean_1.fastq.gz;ftp.sra.ebi.ac.uk/vol1/run/ERR133/ERR13336381/W1719_seedling_clean_2.fastq.gz	2277149804;2320489895	0a5f01ef58e07f356d49fc868eb8bda3;33c2cd190a507027ed8a3fa299b3c6f4			
ERR13336382	ftp.sra.ebi.ac.uk/vol1/fastq/ERR133/082/ERR13336382/ERR13336382.fastq.gz;ftp.sra.ebi.ac.uk/vol1/fastq/ERR133/082/ERR13336382/ERR13336382_1.fastq.gz;ftp.sra.ebi.ac.uk/vol1/fastq/ERR133/082/ERR13336382/ERR13336382_2.fastq.gz	942402276;2196420012;2343004539	94bc45d814b30e928ec958bdab640f29;cb2685d13e39fe0831eeae8c7279b063;6e83ddc27ebb7c418586e5fea38da42b	ftp.sra.ebi.ac.uk/vol1/err/ERR133/082/ERR13336382/ERR13336382.bam	5354899591	35918b5ba71538ac3a24c69105c2db8e	ftp.sra.ebi.ac.uk/vol1/run/ERR133/ERR13336382/W1723_seedling_clean_1.fastq.gz;ftp.sra.ebi.ac.uk/vol1/run/ERR133/ERR13336382/W1723_seedling_clean_2.fastq.gz	2520458472;2741512726	9923e697d3e1b59ec4b8c70869eb8709;2a98016489458d7a5d4918258ed6f547			
ERR13336384	ftp.sra.ebi.ac.uk/vol1/fastq/ERR133/084/ERR13336384/ERR13336384_1.fastq.gz;ftp.sra.ebi.ac.uk/vol1/fastq/ERR133/084/ERR13336384/ERR13336384_2.fastq.gz	2632086872;2707532275	0ae2339f0412f840455eaa2af5732736;62e133249ace27aac4e276afcb731030	ftp.sra.ebi.ac.uk/vol1/err/ERR133/084/ERR13336384/ERR13336384.bam	5080117144	f2fcc3f9f481e279a2afe0b8209a6d50	ftp.sra.ebi.ac.uk/vol1/run/ERR133/ERR13336384/W1726_seedling_clean_1.fastq.gz;ftp.sra.ebi.ac.uk/vol1/run/ERR133/ERR13336384/W1726_seedling_clean_2.fastq.gz	2487644325;2563742436	ce4a4a07907532e467142b57b6df8841;e4f59c5fa0a0c00c74fe290f17e3e051			
ERR13336392	ftp.sra.ebi.ac.uk/vol1/fastq/ERR133/092/ERR13336392/ERR13336392_1.fastq.gz;ftp.sra.ebi.ac.uk/vol1/fastq/ERR133/092/ERR13336392/ERR13336392_2.fastq.gz	3194474552;3162382932	07796cc67a6b2b5d2a94452fd0dd1fd4;46aed77398b2fb802bda7ac1f54fae83	ftp.sra.ebi.ac.uk/vol1/err/ERR133/092/ERR13336392/ERR13336392.bam	6337780605	3eafe216f9c7ca72ec204bde191838f4	ftp.sra.ebi.ac.uk/vol1/run/ERR133/ERR13336392/W1777_seedling_clean_1.fastq.gz;ftp.sra.ebi.ac.uk/vol1/run/ERR133/ERR13336392/W1777_seedling_clean_2.fastq.gz	3096454667;3057006719	7baacd95b88647945e31ae2dc8025dab;a00ea5e33a499f8c29765f413a3e2819			
ERR13336393	ftp.sra.ebi.ac.uk/vol1/fastq/ERR133/093/ERR13336393/ERR13336393_1.fastq.gz;ftp.sra.ebi.ac.uk/vol1/fastq/ERR133/093/ERR13336393/ERR13336393_2.fastq.gz	2321561720;2394693044	e6de6c4cbc05ff9b5b96ec9f5cc0c283;a8518567fee43a8dd2e9d2e3abab436b	ftp.sra.ebi.ac.uk/vol1/err/ERR133/093/ERR13336393/ERR13336393.bam	4481156580	1c590ee62b0c09bebdaefa954daabe71	ftp.sra.ebi.ac.uk/vol1/run/ERR133/ERR13336393/W1783_seedling_clean_1.fastq.gz;ftp.sra.ebi.ac.uk/vol1/run/ERR133/ERR13336393/W1783_seedling_clean_2.fastq.gz	2193555888;2267137343	1a6f30f1c3bd5d973122d297e6b6f65c;8dcaa0bd1649b3a72debcb38e4eb2dc4			
ERR13336397	ftp.sra.ebi.ac.uk/vol1/fastq/ERR133/097/ERR13336397/ERR13336397_1.fastq.gz;ftp.sra.ebi.ac.uk/vol1/fastq/ERR133/097/ERR13336397/ERR13336397_2.fastq.gz	2989861435;3473605403	cc21d3932e80927f62d5fd98d9c7ce51;a5e1202c54555781ecd03eaa1a7b11b7	ftp.sra.ebi.ac.uk/vol1/err/ERR133/097/ERR13336397/ERR13336397.bam	6427236090	93202271290f9633c78d91e7ea036d23	ftp.sra.ebi.ac.uk/vol1/run/ERR133/ERR13336397/W1825_seedling_clean_1.fastq.gz;ftp.sra.ebi.ac.uk/vol1/run/ERR133/ERR13336397/W1825_seedling_clean_2.fastq.gz	2882794873;3365328427	6b09d9efb6515768b1fa634fec198c79;a7a5f208cb598457f0f16c3529cb1294			
ERR13336399	ftp.sra.ebi.ac.uk/vol1/fastq/ERR133/099/ERR13336399/ERR13336399_1.fastq.gz;ftp.sra.ebi.ac.uk/vol1/fastq/ERR133/099/ERR13336399/ERR13336399_2.fastq.gz	2407831663;2473666163	e21346392bdc3d3a489d9de1292a50b2;397b35f7ea152e6b06bb7a94e6398b81	ftp.sra.ebi.ac.uk/vol1/err/ERR133/099/ERR13336399/ERR13336399.bam	4681565921	29382d1e7d0f6104b77279993c92d81e	ftp.sra.ebi.ac.uk/vol1/run/ERR133/ERR13336399/W1859_seedling_clean_1.fastq.gz;ftp.sra.ebi.ac.uk/vol1/run/ERR133/ERR13336399/W1859_seedling_clean_2.fastq.gz	2271858716;2338178287	39988a9b2c35ea8892276df5b74e2c26;92b4877db5214ecd5ca885a84a9b13fd			
ERR13336405	ftp.sra.ebi.ac.uk/vol1/fastq/ERR133/005/ERR13336405/ERR13336405_1.fastq.gz;ftp.sra.ebi.ac.uk/vol1/fastq/ERR133/005/ERR13336405/ERR13336405_2.fastq.gz	2508284239;2557724675	dec81b144f38c520d4083e7f04790672;b9e71cda8607475901e3a8301d118dfc	ftp.sra.ebi.ac.uk/vol1/err/ERR133/005/ERR13336405/ERR13336405.bam	4836313221	0f5aa86b6f677c2d3f1248aef81aa774	ftp.sra.ebi.ac.uk/vol1/run/ERR133/ERR13336405/W1976_seedling_clean_1.fastq.gz;ftp.sra.ebi.ac.uk/vol1/run/ERR133/ERR13336405/W1976_seedling_clean_2.fastq.gz	2367881411;2417880126	1d65620f60239a086761b00bfac3474a;87eac44727c9f58b4d0df61c6c89d63e			
ERR13336411	ftp.sra.ebi.ac.uk/vol1/fastq/ERR133/011/ERR13336411/ERR13336411_1.fastq.gz;ftp.sra.ebi.ac.uk/vol1/fastq/ERR133/011/ERR13336411/ERR13336411_2.fastq.gz	2208318926;2244996744	b01443cd0937306b39f93db88e2c5735;a78f37f8004cc8ac857695924da72cf3	ftp.sra.ebi.ac.uk/vol1/err/ERR133/011/ERR13336411/ERR13336411.bam	4262648688	be54c0d67f41db27d9bbe125ca7bdebc	ftp.sra.ebi.ac.uk/vol1/run/ERR133/ERR13336411/W2064_seedling_clean_1.fastq.gz;ftp.sra.ebi.ac.uk/vol1/run/ERR133/ERR13336411/W2064_seedling_clean_2.fastq.gz	2083843978;2120897132	b9206f8cd7ee6b067bb63118138fd6ad;fa680b36318916ae52e391d315f42e73			
ERR13336413							ftp.sra.ebi.ac.uk/vol1/run/ERR133/ERR13336413/W2099_seedling_clean_1.fastq.gz;ftp.sra.ebi.ac.uk/vol1/run/ERR133/ERR13336413/W2099_seedling_clean_2.fastq.gz	3052530089;3113222830	2d92cfc1811811138613a9e5ab56175e;0f53724f78ce18857daa6dbc0341e363			
ERR13336417	ftp.sra.ebi.ac.uk/vol1/fastq/ERR133/017/ERR13336417/ERR13336417_1.fastq.gz;ftp.sra.ebi.ac.uk/vol1/fastq/ERR133/017/ERR13336417/ERR13336417_2.fastq.gz	2602008016;2713521889	9b2b3e36ce97f77579def2e2fe0b5258;48186a71e54090729b53cd5c2c23a4b8	ftp.sra.ebi.ac.uk/vol1/err/ERR133/017/ERR13336417/ERR13336417.bam	5070616599	acff2ee2cdb7c5b4f5fe54eeee780202	ftp.sra.ebi.ac.uk/vol1/run/ERR133/ERR13336417/W2283_seedling_clean_1.fastq.gz;ftp.sra.ebi.ac.uk/vol1/run/ERR133/ERR13336417/W2283_seedling_clean_2.fastq.gz	2458328383;2570327771	c6503cd48297e2d82601572368f8a25b;098a326e5c8bb07955a40658e6ba1933			
ERR13336420	ftp.sra.ebi.ac.uk/vol1/fastq/ERR133/020/ERR13336420/ERR13336420_1.fastq.gz;ftp.sra.ebi.ac.uk/vol1/fastq/ERR133/020/ERR13336420/ERR13336420_2.fastq.gz	2465039071;2525165442	2631ef3fc52cc353ed684940c07ced25;7c2db5163b536ce63d844de6221fa5ff	ftp.sra.ebi.ac.uk/vol1/err/ERR133/020/ERR13336420/ERR13336420.bam	4757556981	56225529e099fc90d07074879460495a	ftp.sra.ebi.ac.uk/vol1/run/ERR133/ERR13336420/W2310_seedling_clean_1.fastq.gz;ftp.sra.ebi.ac.uk/vol1/run/ERR133/ERR13336420/W2310_seedling_clean_2.fastq.gz	2329741679;2390416115	1ee40c45311120f5be037b847dd2c764;11eb011a6adfbcc6fdacd2e287686d28			
ERR13336425	ftp.sra.ebi.ac.uk/vol1/fastq/ERR133/025/ERR13336425/ERR13336425_1.fastq.gz;ftp.sra.ebi.ac.uk/vol1/fastq/ERR133/025/ERR13336425/ERR13336425_2.fastq.gz	2843974276;2918292329	dcdf281f0cca4d0fcaa8e1d144e2d860;64249fd850c214fd362109084d9b2b90	ftp.sra.ebi.ac.uk/vol1/err/ERR133/025/ERR13336425/ERR13336425.bam	5495790285	9e509d111f26679a4c93af65ca08b6d0	ftp.sra.ebi.ac.uk/vol1/run/ERR133/ERR13336425/W2321_seedling_clean_1.fastq.gz;ftp.sra.ebi.ac.uk/vol1/run/ERR133/ERR13336425/W2321_seedling_clean_2.fastq.gz	2688814919;2763715701	df85d69294f870c04448df5e99c83954;e7448292401402cbf3c6f3c51caf95f0			
ERR13336428	ftp.sra.ebi.ac.uk/vol1/fastq/ERR133/028/ERR13336428/ERR13336428_1.fastq.gz;ftp.sra.ebi.ac.uk/vol1/fastq/ERR133/028/ERR13336428/ERR13336428_2.fastq.gz	2664390265;2814934045	43e8fe9e5dd0e1e76388cbc91d6ffe64;8f068664a8324d977293196710930edc	ftp.sra.ebi.ac.uk/vol1/err/ERR133/028/ERR13336428/ERR13336428.bam	5343673423	760627c6045442cd624656611208e808	ftp.sra.ebi.ac.uk/vol1/run/ERR133/ERR13336428/W3007_seedling_clean_1.fastq.gz;ftp.sra.ebi.ac.uk/vol1/run/ERR133/ERR13336428/W3007_seedling_clean_2.fastq.gz	2558840900;2706743905	10672dfa619abbd46c55d23160d31e91;57c4ac6863637d857eec5f343d1e23a1			
ERR13336433	ftp.sra.ebi.ac.uk/vol1/fastq/ERR133/033/ERR13336433/ERR13336433_1.fastq.gz;ftp.sra.ebi.ac.uk/vol1/fastq/ERR133/033/ERR13336433/ERR13336433_2.fastq.gz	1836003771;2061612623	c89ea56248b30ce2f53c12bdc8a299ba;d5992be51f738819e0c0f63fd30300c9	ftp.sra.ebi.ac.uk/vol1/err/ERR133/033/ERR13336433/ERR13336433.bam	3849379630	86eaf77b56915b1667fe3d81bd00bc06	ftp.sra.ebi.ac.uk/vol1/run/ERR133/ERR13336433/W3037_seedling_clean_1.fastq.gz;ftp.sra.ebi.ac.uk/vol1/run/ERR133/ERR13336433/W3037_seedling_clean_2.fastq.gz	1741830408;1967345219	72f9df0f69a16240af3c33d6646613a7;fd3255e01b85abd2bcc8973eb5cf86cb			
ERR13336434	ftp.sra.ebi.ac.uk/vol1/fastq/ERR133/034/ERR13336434/ERR13336434_1.fastq.gz;ftp.sra.ebi.ac.uk/vol1/fastq/ERR133/034/ERR13336434/ERR13336434_2.fastq.gz	2394326091;2434276436	8b55ef73a7fafe5c8db9f103c0016e83;5bb28aa52aa884ddc396b05c5553beef	ftp.sra.ebi.ac.uk/vol1/err/ERR133/034/ERR13336434/ERR13336434.bam	4613245534	69f4da83e77fd827843dcd0e3888a3f7	ftp.sra.ebi.ac.uk/vol1/run/ERR133/ERR13336434/W3038_seedling_clean_1.fastq.gz;ftp.sra.ebi.ac.uk/vol1/run/ERR133/ERR13336434/W3038_seedling_clean_2.fastq.gz	2260946344;2301067845	cf8dc8a2bf55fc82267973e95f9126f9;950b540fe3c588f018250fc33582b0b0			
ERR13336437	ftp.sra.ebi.ac.uk/vol1/fastq/ERR133/037/ERR13336437/ERR13336437_1.fastq.gz;ftp.sra.ebi.ac.uk/vol1/fastq/ERR133/037/ERR13336437/ERR13336437_2.fastq.gz	2224097017;2295964663	e1e38d9616afa2f365ec7aa137a478ab;f6411a43f70113cc20a4e99b7f6b9342	ftp.sra.ebi.ac.uk/vol1/err/ERR133/037/ERR13336437/ERR13336437.bam	4330283184	be3e27120764c0ddfba30a5f66b7e96f	ftp.sra.ebi.ac.uk/vol1/run/ERR133/ERR13336437/W3047_seedling_clean_1.fastq.gz;ftp.sra.ebi.ac.uk/vol1/run/ERR133/ERR13336437/W3047_seedling_clean_2.fastq.gz	2098067665;2170338490	c5658b26891dfdbb5dcc479930cddf1c;59e50708ccb5adc12e863bce1c7796bd			
ERR13336441	ftp.sra.ebi.ac.uk/vol1/fastq/ERR133/041/ERR13336441/ERR13336441_1.fastq.gz;ftp.sra.ebi.ac.uk/vol1/fastq/ERR133/041/ERR13336441/ERR13336441_2.fastq.gz	2613615269;2780413508	9548be89f3a92d76b27b7bb03ed8e07f;a40df7e573abf5a8ee7aeb61a5c03ad9	ftp.sra.ebi.ac.uk/vol1/err/ERR133/041/ERR13336441/ERR13336441.bam	5322123385	be66f446f47a1008694139053b9d9698	ftp.sra.ebi.ac.uk/vol1/run/ERR133/ERR13336441/W3063_seedling_clean_1.fastq.gz;ftp.sra.ebi.ac.uk/vol1/run/ERR133/ERR13336441/W3063_seedling_clean_2.fastq.gz	2536337358;2701512633	336982b180b8bfcda37a1d1071f11643;8bea938772b976a3916bff417ab55924			
ERR13336442	ftp.sra.ebi.ac.uk/vol1/fastq/ERR133/042/ERR13336442/ERR13336442_1.fastq.gz;ftp.sra.ebi.ac.uk/vol1/fastq/ERR133/042/ERR13336442/ERR13336442_2.fastq.gz	2299463738;2368248702	9fa9191bab7dfa2376dd2d04c751dcf0;1e76c4ccc914b4eaa86b28647f555b17	ftp.sra.ebi.ac.uk/vol1/err/ERR133/042/ERR13336442/ERR13336442.bam	4454035986	00a402b7c8e7c63debbcc98fa2beeb8e	ftp.sra.ebi.ac.uk/vol1/run/ERR133/ERR13336442/W3066_seedling_clean_1.fastq.gz;ftp.sra.ebi.ac.uk/vol1/run/ERR133/ERR13336442/W3066_seedling_clean_2.fastq.gz	2170128639;2239330567	0becf355d99dd3373f36d90110bdef45;240b300177ae6332e759c0595e526db5			
ERR13336445	ftp.sra.ebi.ac.uk/vol1/fastq/ERR133/045/ERR13336445/ERR13336445_1.fastq.gz;ftp.sra.ebi.ac.uk/vol1/fastq/ERR133/045/ERR13336445/ERR13336445_2.fastq.gz	2892784258;2991436759	feedeca41fb6901757a2c08567ee6cae;0403a6e9676f36d9cd7a214d596d7743	ftp.sra.ebi.ac.uk/vol1/err/ERR133/045/ERR13336445/ERR13336445.bam	5605398790	11abaa170f9254d3139c124a2b7ca8c4	ftp.sra.ebi.ac.uk/vol1/run/ERR133/ERR13336445/W3086_seedling_clean_1.fastq.gz;ftp.sra.ebi.ac.uk/vol1/run/ERR133/ERR13336445/W3086_seedling_clean_2.fastq.gz	2734034252;2833352731	118c74793ed8a7f609b5a9b4fe97744b;a5cbfa75fce914be1dfaebddbda6bf33			
ERR13336446	ftp.sra.ebi.ac.uk/vol1/fastq/ERR133/046/ERR13336446/ERR13336446_1.fastq.gz;ftp.sra.ebi.ac.uk/vol1/fastq/ERR133/046/ERR13336446/ERR13336446_2.fastq.gz	2851479224;3356913290	167bd003a93880b572d31fe55f208599;b858df4177b8477494ce72b32fba2e65	ftp.sra.ebi.ac.uk/vol1/err/ERR133/046/ERR13336446/ERR13336446.bam	6120548005	c1ca3e0c3b96b12d074e2c7ac9e7219c	ftp.sra.ebi.ac.uk/vol1/run/ERR133/ERR13336446/W3088_seedling_clean_1.fastq.gz;ftp.sra.ebi.ac.uk/vol1/run/ERR133/ERR13336446/W3088_seedling_clean_2.fastq.gz	2743342641;3252608184	dc156c32da5c8d87f122151a20997de7;6333b9739212054da801a4383d76e78f			
ERR13336453	ftp.sra.ebi.ac.uk/vol1/fastq/ERR133/053/ERR13336453/ERR13336453_1.fastq.gz;ftp.sra.ebi.ac.uk/vol1/fastq/ERR133/053/ERR13336453/ERR13336453_2.fastq.gz	3011105659;3154888653	e6bc2feea53af11f5ee1cde48a62695a;77ef8e4633fba74b0289d147aef150a0	ftp.sra.ebi.ac.uk/vol1/err/ERR133/053/ERR13336453/ERR13336453.bam	6133542746	16436377e1b3783f868c4b8fdd9e791f	ftp.sra.ebi.ac.uk/vol1/run/ERR133/ERR13336453/GP117_leaf_clean_1.fastq.gz;ftp.sra.ebi.ac.uk/vol1/run/ERR133/ERR13336453/GP117_leaf_clean_2.fastq.gz	2921420473;3063509359	ad667d01a81ec5437db00c4287494c2d;cdcd38d5dda62805d56b71d0fd9725da			
ERR13336454	ftp.sra.ebi.ac.uk/vol1/fastq/ERR133/054/ERR13336454/ERR13336454_1.fastq.gz;ftp.sra.ebi.ac.uk/vol1/fastq/ERR133/054/ERR13336454/ERR13336454_2.fastq.gz	2238768158;2266974684	42177ff49e17c8f9cacd0ebb5df3c018;07613478c097e77800b1ed3595c664e1	ftp.sra.ebi.ac.uk/vol1/err/ERR133/054/ERR13336454/ERR13336454.bam	4452777425	d14d95a756d215445f2d9fee7e338acf	ftp.sra.ebi.ac.uk/vol1/run/ERR133/ERR13336454/GP119_leaf_clean_1.fastq.gz;ftp.sra.ebi.ac.uk/vol1/run/ERR133/ERR13336454/GP119_leaf_clean_2.fastq.gz	2167695824;2191319062	07410286969595694cb1b7933359f61c;717bc0b40d1243974cffda87469f546f			
ERR13336457	ftp.sra.ebi.ac.uk/vol1/fastq/ERR133/057/ERR13336457/ERR13336457_1.fastq.gz;ftp.sra.ebi.ac.uk/vol1/fastq/ERR133/057/ERR13336457/ERR13336457_2.fastq.gz	3712606889;3929728489	30468241cd54134443a77731c3183a47;88b4bdf4ef4e62e6c7e86c7d9ca58c88	ftp.sra.ebi.ac.uk/vol1/err/ERR133/057/ERR13336457/ERR13336457.bam	7524389580	9b8596b96d302dc61f7909206f52c369	ftp.sra.ebi.ac.uk/vol1/run/ERR133/ERR13336457/GP524_leaf_clean_1.fastq.gz;ftp.sra.ebi.ac.uk/vol1/run/ERR133/ERR13336457/GP524_leaf_clean_2.fastq.gz	3597709151;3812768052	ce48d4ffa1b1e82484395a9bc24d9236;96eaae4e9dbad780567991fd4d8d4c2d			
ERR13336458	ftp.sra.ebi.ac.uk/vol1/fastq/ERR133/058/ERR13336458/ERR13336458_1.fastq.gz;ftp.sra.ebi.ac.uk/vol1/fastq/ERR133/058/ERR13336458/ERR13336458_2.fastq.gz	3741642834;3933709299	2cca48525ddc1bd957f6be82c6e55ee0;5e00ed8ea75e9fb09b422454b2562554	ftp.sra.ebi.ac.uk/vol1/err/ERR133/058/ERR13336458/ERR13336458.bam	7544015093	86679c7305621e2aca9fd3a2d9aba391	ftp.sra.ebi.ac.uk/vol1/run/ERR133/ERR13336458/GP543_leaf_clean_1.fastq.gz;ftp.sra.ebi.ac.uk/vol1/run/ERR133/ERR13336458/GP543_leaf_clean_2.fastq.gz	3600512929;3787683295	4c915ad7a9d855f8caabb8e20ae02797;72fa945384c0b4cff7206defd0e49b72			
ERR13336459	ftp.sra.ebi.ac.uk/vol1/fastq/ERR133/059/ERR13336459/ERR13336459_1.fastq.gz;ftp.sra.ebi.ac.uk/vol1/fastq/ERR133/059/ERR13336459/ERR13336459_2.fastq.gz	3348930577;3535866943	fbae8e8be3f655627875ccc05ed8d01d;9f4fe7cf988829af650b78fd29108641	ftp.sra.ebi.ac.uk/vol1/err/ERR133/059/ERR13336459/ERR13336459.bam	6755910200	6b4fdad0cbd9c8332eb070a6eca33065	ftp.sra.ebi.ac.uk/vol1/run/ERR133/ERR13336459/GP58_leaf_clean_1.fastq.gz;ftp.sra.ebi.ac.uk/vol1/run/ERR133/ERR13336459/GP58_leaf_clean_2.fastq.gz	3244792433;3430644322	11441bdf0495f9ed841ea999108a4743;92e46c4c3b6f311a2e06cc1048eef258			
ERR13336462	ftp.sra.ebi.ac.uk/vol1/fastq/ERR133/062/ERR13336462/ERR13336462_1.fastq.gz;ftp.sra.ebi.ac.uk/vol1/fastq/ERR133/062/ERR13336462/ERR13336462_2.fastq.gz	4787760667;5020094367	f6f81535399b261053dac639fe4214f2;3b058c21766b0c65ff69d4bdac1f4ea1	ftp.sra.ebi.ac.uk/vol1/err/ERR133/062/ERR13336462/ERR13336462.bam	9659475398	eb0ffe86f69d6ed342db1c57208a4df5	ftp.sra.ebi.ac.uk/vol1/run/ERR133/ERR13336462/GP680_leaf_clean_1.fastq.gz;ftp.sra.ebi.ac.uk/vol1/run/ERR133/ERR13336462/GP680_leaf_clean_2.fastq.gz	4625489292;4852768995	10de8d75d6f9c15a21c5ecb8529d920a;821b47998f99f09f46c82a2793da1d24			
ERR13336463	ftp.sra.ebi.ac.uk/vol1/fastq/ERR133/063/ERR13336463/ERR13336463_1.fastq.gz;ftp.sra.ebi.ac.uk/vol1/fastq/ERR133/063/ERR13336463/ERR13336463_2.fastq.gz	4008221183;4180241409	725618aa2f5354fc70508245958de51d;de48bbb7615226c7a6173e162f2130c1	ftp.sra.ebi.ac.uk/vol1/err/ERR133/063/ERR13336463/ERR13336463.bam	8069233765	89864a9ddcb1af3ad6bc80078a72ca87	ftp.sra.ebi.ac.uk/vol1/run/ERR133/ERR13336463/HP436_leaf_clean_1.fastq.gz;ftp.sra.ebi.ac.uk/vol1/run/ERR133/ERR13336463/HP436_leaf_clean_2.fastq.gz	3884225508;4054423466	b40904eae87396fc6a4a178d581dcd12;400f42a014159a74104e4999123b15d7			
ERR13336464	ftp.sra.ebi.ac.uk/vol1/fastq/ERR133/064/ERR13336464/ERR13336464_1.fastq.gz;ftp.sra.ebi.ac.uk/vol1/fastq/ERR133/064/ERR13336464/ERR13336464_2.fastq.gz	5713843224;5978603926	cdada5ffaa47d69ca2f50a5aef29c8c5;11bf4a2b72d41fbcde9b50ce51ffdec4	ftp.sra.ebi.ac.uk/vol1/err/ERR133/064/ERR13336464/ERR13336464.bam	11530533332	211b6e8335565531e05b684ddbc112fb	ftp.sra.ebi.ac.uk/vol1/run/ERR133/ERR13336464/HP519_leaf_clean_1.fastq.gz;ftp.sra.ebi.ac.uk/vol1/run/ERR133/ERR13336464/HP519_leaf_clean_2.fastq.gz	5516839292;5778797146	ac0ffa4a85a543df2bb3b576a5bf4d14;34b8daad91a71f41d05ab5514120910e			
ERR13336467	ftp.sra.ebi.ac.uk/vol1/fastq/ERR133/067/ERR13336467/ERR13336467_1.fastq.gz;ftp.sra.ebi.ac.uk/vol1/fastq/ERR133/067/ERR13336467/ERR13336467_2.fastq.gz	2452425027;2759281032	0632b19a8342a3e14a4609baa04b8a68;c0954f5152ebba30dbc4ecceca20fdc1	ftp.sra.ebi.ac.uk/vol1/err/ERR133/067/ERR13336467/ERR13336467.bam	5176232759	9a65d0ff7a180aca7427a03924f579b7	ftp.sra.ebi.ac.uk/vol1/run/ERR133/ERR13336467/OL3101_leaf_clean_1.fastq.gz;ftp.sra.ebi.ac.uk/vol1/run/ERR133/ERR13336467/OL3101_leaf_clean_2.fastq.gz	2355834501;2664842752	27011ad75b6e33e7d3171de6daf70588;9892fb95843a3df8c88d2eb2c4974f22			
ERR13336469	ftp.sra.ebi.ac.uk/vol1/fastq/ERR133/069/ERR13336469/ERR13336469_1.fastq.gz;ftp.sra.ebi.ac.uk/vol1/fastq/ERR133/069/ERR13336469/ERR13336469_2.fastq.gz	2551883747;2657304257	797e67e8c96c177162f6ef5b1fae20f8;2d782d7cdd41385b9c16fc8fbaeffc68	ftp.sra.ebi.ac.uk/vol1/err/ERR133/069/ERR13336469/ERR13336469.bam	5104849499	c342208258eff796f3fe59cb7779b965	ftp.sra.ebi.ac.uk/vol1/run/ERR133/ERR13336469/OM1952_leaf_clean_1.fastq.gz;ftp.sra.ebi.ac.uk/vol1/run/ERR133/ERR13336469/OM1952_leaf_clean_2.fastq.gz	2452728936;2555775178	8fa0dcdef0d5b0a3117725c4c6d54fa3;e3342a2feb046acf816ad33ba8174781			
ERR13336470	ftp.sra.ebi.ac.uk/vol1/fastq/ERR133/070/ERR13336470/ERR13336470_1.fastq.gz;ftp.sra.ebi.ac.uk/vol1/fastq/ERR133/070/ERR13336470/ERR13336470_2.fastq.gz	2559480784;2609806647	31a3995b4432e6985283ffa9f6df220e;93a91bd8c0625fc6acfad04758af6529	ftp.sra.ebi.ac.uk/vol1/err/ERR133/070/ERR13336470/ERR13336470.bam	4928245865	9ff10e96658f0e379ea0b5a514aacfbd	ftp.sra.ebi.ac.uk/vol1/run/ERR133/ERR13336470/W0103_leaf_clean_1.fastq.gz;ftp.sra.ebi.ac.uk/vol1/run/ERR133/ERR13336470/W0103_leaf_clean_2.fastq.gz	2416999318;2467343415	584baa2d0b03cae001c784bbddbb9722;584b7f71215262be05d6b1cb01f978e1			
ERR13336471	ftp.sra.ebi.ac.uk/vol1/fastq/ERR133/071/ERR13336471/ERR13336471_1.fastq.gz;ftp.sra.ebi.ac.uk/vol1/fastq/ERR133/071/ERR13336471/ERR13336471_2.fastq.gz	2334396554;2408605221	347af502ec4d91c4457ac1a9d6a77f19;261728ddaeceea948c83c72cf4786f22	ftp.sra.ebi.ac.uk/vol1/err/ERR133/071/ERR13336471/ERR13336471.bam	4520298546	89a18df2b9a5236f27f401da62b7272f	ftp.sra.ebi.ac.uk/vol1/run/ERR133/ERR13336471/W0107_leaf_clean_1.fastq.gz;ftp.sra.ebi.ac.uk/vol1/run/ERR133/ERR13336471/W0107_leaf_clean_2.fastq.gz	2203989782;2278558651	74cd81687124e963772a8481751e92b5;7f0eff37ddb11df190f871a047496450			
ERR13336475	ftp.sra.ebi.ac.uk/vol1/fastq/ERR133/075/ERR13336475/ERR13336475_1.fastq.gz;ftp.sra.ebi.ac.uk/vol1/fastq/ERR133/075/ERR13336475/ERR13336475_2.fastq.gz	2322307923;2416799177	d7289ef9e73d152e08588c62b16d31ca;b0c5df0d27194158404481f259ba6988	ftp.sra.ebi.ac.uk/vol1/err/ERR133/075/ERR13336475/ERR13336475.bam	4515950837	43c6b087408349d6e5b1c77eed6f2f7e	ftp.sra.ebi.ac.uk/vol1/run/ERR133/ERR13336475/W0136_leaf_clean_1.fastq.gz;ftp.sra.ebi.ac.uk/vol1/run/ERR133/ERR13336475/W0136_leaf_clean_2.fastq.gz	2191531248;2286390590	bdb277941ca0a5b09766c9fdfcb9faa7;b65094a10553a02526f27792eb8ef72f			
ERR13336477	ftp.sra.ebi.ac.uk/vol1/fastq/ERR133/077/ERR13336477/ERR13336477_1.fastq.gz;ftp.sra.ebi.ac.uk/vol1/fastq/ERR133/077/ERR13336477/ERR13336477_2.fastq.gz	2676162089;2735294537	cee0564a8a68f5d8d31e7e4a763053ec;18ac2ec401e551c069a3f0bf8ee91f27	ftp.sra.ebi.ac.uk/vol1/err/ERR133/077/ERR13336477/ERR13336477.bam	5175937186	0172053f15b3962b1db818b312bb2c77	ftp.sra.ebi.ac.uk/vol1/run/ERR133/ERR13336477/W0143_leaf_clean_1.fastq.gz;ftp.sra.ebi.ac.uk/vol1/run/ERR133/ERR13336477/W0143_leaf_clean_2.fastq.gz	2526551649;2585903969	f671ea0222dac216de2b914fbd9db6f4;b10dca5cec82b5eaacfad6c6b6220777			
ERR13336478	ftp.sra.ebi.ac.uk/vol1/fastq/ERR133/078/ERR13336478/ERR13336478_1.fastq.gz;ftp.sra.ebi.ac.uk/vol1/fastq/ERR133/078/ERR13336478/ERR13336478_2.fastq.gz	3997421869;4161420698	3e7a29fae9a37d2e2d773a51171dc1d4;cc6ae6de3702e5a692282510df2719b7	ftp.sra.ebi.ac.uk/vol1/err/ERR133/078/ERR13336478/ERR13336478.bam	8088394089	dcdcee6378aa4b108f42fb9665a15812	ftp.sra.ebi.ac.uk/vol1/run/ERR133/ERR13336478/W0145_leaf_clean_1.fastq.gz;ftp.sra.ebi.ac.uk/vol1/run/ERR133/ERR13336478/W0145_leaf_clean_2.fastq.gz	3886469777;4049919963	32a3802f061906fa5344e13104245605;38539075663a3730efab22f2ae84b0ab			
ERR13336479	ftp.sra.ebi.ac.uk/vol1/fastq/ERR133/079/ERR13336479/ERR13336479_1.fastq.gz;ftp.sra.ebi.ac.uk/vol1/fastq/ERR133/079/ERR13336479/ERR13336479_2.fastq.gz	2396606634;2424401061	b8869b44d8bd2ed99ea394ecdc809802;04e23356ebd0464191b27b821eebcd5a	ftp.sra.ebi.ac.uk/vol1/err/ERR133/079/ERR13336479/ERR13336479.bam	4604740282	d4bff37fbe128692bf2cc6defd9327fd	ftp.sra.ebi.ac.uk/vol1/run/ERR133/ERR13336479/W0147_leaf_clean_1.fastq.gz;ftp.sra.ebi.ac.uk/vol1/run/ERR133/ERR13336479/W0147_leaf_clean_2.fastq.gz	2261967460;2289639181	b4d6e3c5cb26e4fef81fd590c9294ede;30d4fe9bb530acc731083cf9355d9359			
ERR13336480	ftp.sra.ebi.ac.uk/vol1/fastq/ERR133/080/ERR13336480/ERR13336480_1.fastq.gz;ftp.sra.ebi.ac.uk/vol1/fastq/ERR133/080/ERR13336480/ERR13336480_2.fastq.gz	2645332578;2694509561	b10a01ce3921b89708b9eab8a36383d6;60311b7d6416541645f28a455c716652	ftp.sra.ebi.ac.uk/vol1/err/ERR133/080/ERR13336480/ERR13336480.bam	5098378358	70976027285198d82ad93a0fbaf1dc5e	ftp.sra.ebi.ac.uk/vol1/run/ERR133/ERR13336480/W0149_leaf_clean_1.fastq.gz;ftp.sra.ebi.ac.uk/vol1/run/ERR133/ERR13336480/W0149_leaf_clean_2.fastq.gz	2498390226;2547573934	31ec24403ebd71583994e82b359d1ee1;c4937efd83e08d2f091c30ce8ce5ed80			
ERR13336485	ftp.sra.ebi.ac.uk/vol1/fastq/ERR133/085/ERR13336485/ERR13336485_1.fastq.gz;ftp.sra.ebi.ac.uk/vol1/fastq/ERR133/085/ERR13336485/ERR13336485_2.fastq.gz	3061508625;3154407144	7c5ca80388aa4b50e83993c4541f1980;d0f087ae5770845f43ceed2d2b6ffd80	ftp.sra.ebi.ac.uk/vol1/err/ERR133/085/ERR13336485/ERR13336485.bam	6160412011	43b005512c9341a19ec3a12ba3f3297a	ftp.sra.ebi.ac.uk/vol1/run/ERR133/ERR13336485/W0171_leaf_clean_1.fastq.gz;ftp.sra.ebi.ac.uk/vol1/run/ERR133/ERR13336485/W0171_leaf_clean_2.fastq.gz	2959240324;3055912651	d0ba80f11c2ad8616080b6bf6c2285b9;2bd62a2f341381149d16bae6f3bbdf6d			
ERR13336486	ftp.sra.ebi.ac.uk/vol1/fastq/ERR133/086/ERR13336486/ERR13336486_1.fastq.gz;ftp.sra.ebi.ac.uk/vol1/fastq/ERR133/086/ERR13336486/ERR13336486_2.fastq.gz	1951241918;2211497483	6939b3e32d5d636630aa7a07e3094a3a;9774c782e4e0b4c9e84f1dc287e87bd5	ftp.sra.ebi.ac.uk/vol1/err/ERR133/086/ERR13336486/ERR13336486.bam	4116859405	ef74d1a458f9fa492b38fa64d1d2b22a	ftp.sra.ebi.ac.uk/vol1/run/ERR133/ERR13336486/W0179_leaf_clean_1.fastq.gz;ftp.sra.ebi.ac.uk/vol1/run/ERR133/ERR13336486/W0179_leaf_clean_2.fastq.gz	1876946110;2138204613	123c714b7c55be889533d99dbdf5fb92;be6833a43f63936ff50ece620e1b2c66			
ERR13336488	ftp.sra.ebi.ac.uk/vol1/fastq/ERR133/088/ERR13336488/ERR13336488_1.fastq.gz;ftp.sra.ebi.ac.uk/vol1/fastq/ERR133/088/ERR13336488/ERR13336488_2.fastq.gz	3559611945;3969287904	4ad0e18e223b21ac22dbefd684bee435;59f2aee153b69aa54bcbdc2257d8e0d2	ftp.sra.ebi.ac.uk/vol1/err/ERR133/088/ERR13336488/ERR13336488.bam	7426117494	9bf13626dd4f79afc431bd7dd75de548	ftp.sra.ebi.ac.uk/vol1/run/ERR133/ERR13336488/W0234_leaf_clean_1.fastq.gz;ftp.sra.ebi.ac.uk/vol1/run/ERR133/ERR13336488/W0234_leaf_clean_2.fastq.gz	3410909948;3824089102	e80a79bf3fe54d49f29f96bafdef13c9;11c91146e00251132e1379fd047af5f7			
ERR13336492	ftp.sra.ebi.ac.uk/vol1/fastq/ERR133/092/ERR13336492/ERR13336492_1.fastq.gz;ftp.sra.ebi.ac.uk/vol1/fastq/ERR133/092/ERR13336492/ERR13336492_2.fastq.gz	2403091225;2592893184	ac34de25b6cc1d388bacf7ef05b23a04;03e4bd60ea95034cd7b213780ccaad9a	ftp.sra.ebi.ac.uk/vol1/err/ERR133/092/ERR13336492/ERR13336492.bam	4952086393	6296bb5141a656638808ec623c3d32be	ftp.sra.ebi.ac.uk/vol1/run/ERR133/ERR13336492/W0596_leaf_clean_1.fastq.gz;ftp.sra.ebi.ac.uk/vol1/run/ERR133/ERR13336492/W0596_leaf_clean_2.fastq.gz	2307552644;2496967514	9ff8514e41b15eb22522881fbb7c7708;d9b47a2019f389be7e6a42b56b533663			
ERR13336494	ftp.sra.ebi.ac.uk/vol1/fastq/ERR133/094/ERR13336494/ERR13336494_1.fastq.gz;ftp.sra.ebi.ac.uk/vol1/fastq/ERR133/094/ERR13336494/ERR13336494_2.fastq.gz	2193796583;2243448502	54bf7b6a3e5b912eae12052de7614851;2455b6c832bf1744350a9df2f47c9c94	ftp.sra.ebi.ac.uk/vol1/err/ERR133/094/ERR13336494/ERR13336494.bam	4228348208	05ff8c05e881c3f7ab3dd3a384d238cc	ftp.sra.ebi.ac.uk/vol1/run/ERR133/ERR13336494/W0627_leaf_clean_1.fastq.gz;ftp.sra.ebi.ac.uk/vol1/run/ERR133/ERR13336494/W0627_leaf_clean_2.fastq.gz	2068931078;2118591269	58c8c9728bb9ca8d86774d0b8e2d1f37;fb942bc7bcfc4884179364c0fd8fb88f			
ERR13336501	ftp.sra.ebi.ac.uk/vol1/fastq/ERR133/001/ERR13336501/ERR13336501_1.fastq.gz;ftp.sra.ebi.ac.uk/vol1/fastq/ERR133/001/ERR13336501/ERR13336501_2.fastq.gz	3033140678;3300958221	579dc7f0d7afdf7f5efd7a63274a439d;c077be30070bb4b62f79726e4b0ffd99	ftp.sra.ebi.ac.uk/vol1/err/ERR133/001/ERR13336501/ERR13336501.bam	6234399334	0bb6e88bdd5cd55831841c40313b1961	ftp.sra.ebi.ac.uk/vol1/run/ERR133/ERR13336501/W1093_leaf_clean_1.fastq.gz;ftp.sra.ebi.ac.uk/vol1/run/ERR133/ERR13336501/W1093_leaf_clean_2.fastq.gz	2926659690;3194700512	432dc9590a5f2c9a2ca6957d0deda2aa;d765b5788faf5f1eeb06aa7d51041da0			
ERR13336502	ftp.sra.ebi.ac.uk/vol1/fastq/ERR133/002/ERR13336502/ERR13336502_1.fastq.gz;ftp.sra.ebi.ac.uk/vol1/fastq/ERR133/002/ERR13336502/ERR13336502_2.fastq.gz	2703328113;3086560422	5b69ad1953fb27df662f7081dcaf5557;eaef1a136230180d787e20441cc06589	ftp.sra.ebi.ac.uk/vol1/err/ERR133/002/ERR13336502/ERR13336502.bam	5692239099	d1d5c5e21b943881f0cc43b37845ad9e	ftp.sra.ebi.ac.uk/vol1/run/ERR133/ERR13336502/W1107_leaf_clean_1.fastq.gz;ftp.sra.ebi.ac.uk/vol1/run/ERR133/ERR13336502/W1107_leaf_clean_2.fastq.gz	2598355787;2985647326	097bf61feeaa0f3cbcc02f364ed80145;b4654495f794f807319914235e7d65c6			
ERR13336503	ftp.sra.ebi.ac.uk/vol1/fastq/ERR133/003/ERR13336503/ERR13336503_1.fastq.gz;ftp.sra.ebi.ac.uk/vol1/fastq/ERR133/003/ERR13336503/ERR13336503_2.fastq.gz	2561519738;2607807189	ede73dd68cc394f73feafc9f63fd4170;703905a8be78724e7975a92d0cfea63b	ftp.sra.ebi.ac.uk/vol1/err/ERR133/003/ERR13336503/ERR13336503.bam	4956679197	a6b46ee88833c4607aed3e4e2758821f	ftp.sra.ebi.ac.uk/vol1/run/ERR133/ERR13336503/W1117_leaf_clean_1.fastq.gz;ftp.sra.ebi.ac.uk/vol1/run/ERR133/ERR13336503/W1117_leaf_clean_2.fastq.gz	2417208972;2463528749	3ba1088713fb77eedfc8e8beeacba633;61d963524a57d6d047836e17d2bec95b			
ERR13336505	ftp.sra.ebi.ac.uk/vol1/fastq/ERR133/005/ERR13336505/ERR13336505_1.fastq.gz;ftp.sra.ebi.ac.uk/vol1/fastq/ERR133/005/ERR13336505/ERR13336505_2.fastq.gz	2840215186;2897193013	1df28a286a7408fdd601d476d43509be;712cbc7bb3cf9cc191d7c179c772b03a	ftp.sra.ebi.ac.uk/vol1/err/ERR133/005/ERR13336505/ERR13336505.bam	5490381291	aa861459a9ddc00af590fc2d4dd6aed9	ftp.sra.ebi.ac.uk/vol1/run/ERR133/ERR13336505/W1142_leaf_clean_1.fastq.gz;ftp.sra.ebi.ac.uk/vol1/run/ERR133/ERR13336505/W1142_leaf_clean_2.fastq.gz	2681774593;2738676830	a691485ea9e701abf2a19db10a9252dc;4afd77777f6fe650f70c1b04383537f1			
ERR13336507	ftp.sra.ebi.ac.uk/vol1/fastq/ERR133/007/ERR13336507/ERR13336507_1.fastq.gz;ftp.sra.ebi.ac.uk/vol1/fastq/ERR133/007/ERR13336507/ERR13336507_2.fastq.gz	2645225674;2693147785	61f9f70a84c65ccf6b9e9d53d66fa74f;80888f6ea864f8d1523b12263ba30d21	ftp.sra.ebi.ac.uk/vol1/err/ERR133/007/ERR13336507/ERR13336507.bam	5093604864	cf5b9d2f0e880712104eebbcd6a005dd	ftp.sra.ebi.ac.uk/vol1/run/ERR133/ERR13336507/W1236_leaf_clean_1.fastq.gz;ftp.sra.ebi.ac.uk/vol1/run/ERR133/ERR13336507/W1236_leaf_clean_2.fastq.gz	2497533018;2545253594	0da7265cfb39f2bc088073190981953f;1b0c915af240c5b81011350872531b80			
ERR13336510	ftp.sra.ebi.ac.uk/vol1/fastq/ERR133/010/ERR13336510/ERR13336510_1.fastq.gz;ftp.sra.ebi.ac.uk/vol1/fastq/ERR133/010/ERR13336510/ERR13336510_2.fastq.gz	2854108107;2894233601	7df849c57fcb010b31442072e2c18537;47d395ad4db36c8b9dfabe52198b5d23	ftp.sra.ebi.ac.uk/vol1/err/ERR133/010/ERR13336510/ERR13336510.bam	5487094049	5e901130e6a74e88c49f2174402adf44	ftp.sra.ebi.ac.uk/vol1/run/ERR133/ERR13336510/W1547_leaf_clean_1.fastq.gz;ftp.sra.ebi.ac.uk/vol1/run/ERR133/ERR13336510/W1547_leaf_clean_2.fastq.gz	2696899923;2737138652	5e2ea35725fb7e076766f0ab81e71371;60aff8aa0e247b36bcbb1b58558b00aa			
ERR13336514	ftp.sra.ebi.ac.uk/vol1/fastq/ERR133/014/ERR13336514/ERR13336514_1.fastq.gz;ftp.sra.ebi.ac.uk/vol1/fastq/ERR133/014/ERR13336514/ERR13336514_2.fastq.gz	2312336144;2367598940	ca7668c18b1c1104b77fba191f19f0bc;31ddeb05e0dc5d2ccbf52e4424f3b090	ftp.sra.ebi.ac.uk/vol1/err/ERR133/014/ERR13336514/ERR13336514.bam	4469563048	aec474dbd88dfa1cdec2cd7c7600a7c6	ftp.sra.ebi.ac.uk/vol1/run/ERR133/ERR13336514/W1556_leaf_clean_1.fastq.gz;ftp.sra.ebi.ac.uk/vol1/run/ERR133/ERR13336514/W1556_leaf_clean_2.fastq.gz	2186040778;2241504165	b179bbbf3893ac24d0fad15ec47944db;46b5eb36bac6b2e8615c1a36b36a8d12			
ERR13336517	ftp.sra.ebi.ac.uk/vol1/fastq/ERR133/017/ERR13336517/ERR13336517_1.fastq.gz;ftp.sra.ebi.ac.uk/vol1/fastq/ERR133/017/ERR13336517/ERR13336517_2.fastq.gz	2512973587;2547647828	d2984df8447836a225e1a062fafae98d;fcc5fe6e464d3c1237de76c94a025391	ftp.sra.ebi.ac.uk/vol1/err/ERR133/017/ERR13336517/ERR13336517.bam	4823646381	4351bfabda97fc4965a8527dfdbf7368	ftp.sra.ebi.ac.uk/vol1/run/ERR133/ERR13336517/W1619_leaf_clean_1.fastq.gz;ftp.sra.ebi.ac.uk/vol1/run/ERR133/ERR13336517/W1619_leaf_clean_2.fastq.gz	2371952465;2406706757	6e659f7bdce93b4aff4c8025a7b236d6;af9ed6bdd6e97c9cc59e90b07afd30a5			
ERR13336521	ftp.sra.ebi.ac.uk/vol1/fastq/ERR133/021/ERR13336521/ERR13336521_1.fastq.gz;ftp.sra.ebi.ac.uk/vol1/fastq/ERR133/021/ERR13336521/ERR13336521_2.fastq.gz	2666113521;3077374909	9cebb07e12eb152eb673ac06bb194be0;17332208ebfaab955b1034f8dc8b712d	ftp.sra.ebi.ac.uk/vol1/err/ERR133/021/ERR13336521/ERR13336521.bam	5681353093	381fac5babbd33b1dc3b8942bdb0fa11	ftp.sra.ebi.ac.uk/vol1/run/ERR133/ERR13336521/W1679_leaf_clean_1.fastq.gz;ftp.sra.ebi.ac.uk/vol1/run/ERR133/ERR13336521/W1679_leaf_clean_2.fastq.gz	2568459232;2985317054	b5194d6fdcb7b3ba41578478c60da1e6;c1af4d96030e0558c3ea47e44d78d0fe			
ERR13336522	ftp.sra.ebi.ac.uk/vol1/fastq/ERR133/022/ERR13336522/ERR13336522_1.fastq.gz;ftp.sra.ebi.ac.uk/vol1/fastq/ERR133/022/ERR13336522/ERR13336522_2.fastq.gz	2069790144;2227769985	c6a9b099a05b5b726eaa3504215b55ab;8f55957a6e80e36d17ab1d5270b03ac0	ftp.sra.ebi.ac.uk/vol1/err/ERR133/022/ERR13336522/ERR13336522.bam	4236227950	f77e9a25d4d6ef9edbbb8d5f133969e4	ftp.sra.ebi.ac.uk/vol1/run/ERR133/ERR13336522/W1718_leaf_clean_1.fastq.gz;ftp.sra.ebi.ac.uk/vol1/run/ERR133/ERR13336522/W1718_leaf_clean_2.fastq.gz	1979225266;2137359373	803f4e8d2c4642d0c0e5ab09f34c568a;2aab252de9a2f3338d311cf357c34c97			
ERR13336525	ftp.sra.ebi.ac.uk/vol1/fastq/ERR133/025/ERR13336525/ERR13336525_1.fastq.gz;ftp.sra.ebi.ac.uk/vol1/fastq/ERR133/025/ERR13336525/ERR13336525_2.fastq.gz	2463548255;2515219801	a631470fceaa0ab325f67c3363877dec;6dad4d1f4f2dd44f2800f19fbe39f47d	ftp.sra.ebi.ac.uk/vol1/err/ERR133/025/ERR13336525/ERR13336525.bam	4754881938	e6a438a2c704240ab0089468c3ddbecc	ftp.sra.ebi.ac.uk/vol1/run/ERR133/ERR13336525/W1725_leaf_clean_1.fastq.gz;ftp.sra.ebi.ac.uk/vol1/run/ERR133/ERR13336525/W1725_leaf_clean_2.fastq.gz	2324999259;2376708543	58b72b517fcd7560c8963bb6d9869a2a;157e5a6b347719ed6669d543fbfc2107			
ERR13336526	ftp.sra.ebi.ac.uk/vol1/fastq/ERR133/026/ERR13336526/ERR13336526_1.fastq.gz;ftp.sra.ebi.ac.uk/vol1/fastq/ERR133/026/ERR13336526/ERR13336526_2.fastq.gz	2366214011;2446428076	0a58fff06c45aeb7f29916352d2605e0;e554cc0803b02b0fa1129d9aea8c81ed	ftp.sra.ebi.ac.uk/vol1/err/ERR133/026/ERR13336526/ERR13336526.bam	4607454652	d6387a36d2c0338e1a68ef4401f65ba6	ftp.sra.ebi.ac.uk/vol1/run/ERR133/ERR13336526/W1726_leaf_clean_1.fastq.gz;ftp.sra.ebi.ac.uk/vol1/run/ERR133/ERR13336526/W1726_leaf_clean_2.fastq.gz	2230887504;2311567371	578232731d077ecf3b3cd4643b4761b4;4b161c8f362b1ce09b95ea83b60358df			
ERR13336530	ftp.sra.ebi.ac.uk/vol1/fastq/ERR133/030/ERR13336530/ERR13336530_1.fastq.gz;ftp.sra.ebi.ac.uk/vol1/fastq/ERR133/030/ERR13336530/ERR13336530_2.fastq.gz	2551296253;2585662896	ece83a4226fad88a847b8c5799aa865f;dae8b5036eff90d56ca4ebb775fb5e3f	ftp.sra.ebi.ac.uk/vol1/err/ERR133/030/ERR13336530/ERR13336530.bam	4911582990	f006da309a4a8d10a2e75db8b0013286	ftp.sra.ebi.ac.uk/vol1/run/ERR133/ERR13336530/W1736_leaf_clean_1.fastq.gz;ftp.sra.ebi.ac.uk/vol1/run/ERR133/ERR13336530/W1736_leaf_clean_2.fastq.gz	2406490704;2441054181	04e020fa77dd6e5e134d123984b4d9ef;dae82daa9c1411095fbdd503e2c4858b			
ERR13336531	ftp.sra.ebi.ac.uk/vol1/fastq/ERR133/031/ERR13336531/ERR13336531_1.fastq.gz;ftp.sra.ebi.ac.uk/vol1/fastq/ERR133/031/ERR13336531/ERR13336531_2.fastq.gz	3526224130;3827551484	97a27444884bb32eb1fb670e6e1215b6;97032573764311e3b48c6588297a0fc6	ftp.sra.ebi.ac.uk/vol1/err/ERR133/031/ERR13336531/ERR13336531.bam	7257318254	aa35d551292dfa94f78bc303139ff5e7	ftp.sra.ebi.ac.uk/vol1/run/ERR133/ERR13336531/W1737_leaf_clean_1.fastq.gz;ftp.sra.ebi.ac.uk/vol1/run/ERR133/ERR13336531/W1737_leaf_clean_2.fastq.gz	3405644440;3707626661	5a58aa9f365db9cacc39eddcd675982f;31540aaf52541377462c0eab1e5cf542			
ERR13336533	ftp.sra.ebi.ac.uk/vol1/fastq/ERR133/033/ERR13336533/ERR13336533_1.fastq.gz;ftp.sra.ebi.ac.uk/vol1/fastq/ERR133/033/ERR13336533/ERR13336533_2.fastq.gz	5915601157;6273001037	379b3522be2329a4164ec873be594a53;869b2bef75eb4d8bf11e2b2095b27b54	ftp.sra.ebi.ac.uk/vol1/err/ERR133/033/ERR13336533/ERR13336533.bam	12013369823	b38813aa0aeb37ec13640d5dc8988b1b	ftp.sra.ebi.ac.uk/vol1/run/ERR133/ERR13336533/W1748_leaf_clean_1.fastq.gz;ftp.sra.ebi.ac.uk/vol1/run/ERR133/ERR13336533/W1748_leaf_clean_2.fastq.gz	5713888558;6067464315	48ed90498bd12d78ec4666b0533ff167;6e494055a763c35b05d5d8231d1c9063			
ERR13336534	ftp.sra.ebi.ac.uk/vol1/fastq/ERR133/034/ERR13336534/ERR13336534_1.fastq.gz;ftp.sra.ebi.ac.uk/vol1/fastq/ERR133/034/ERR13336534/ERR13336534_2.fastq.gz	3033894696;3392670744	265923743252cdf6f69e01eaa78a59a3;b9ec054ca8e1f4dd437f210a689452e3	ftp.sra.ebi.ac.uk/vol1/err/ERR133/034/ERR13336534/ERR13336534.bam	6364578541	c487a84059710b363bb76fed716ca5bf	ftp.sra.ebi.ac.uk/vol1/run/ERR133/ERR13336534/W1750_leaf_clean_1.fastq.gz;ftp.sra.ebi.ac.uk/vol1/run/ERR133/ERR13336534/W1750_leaf_clean_2.fastq.gz	2923081766;3284802421	5cf06e20804274de7eee80f9133d0041;640539b4f2bd2871b9575f870dffd582			
ERR13336537	ftp.sra.ebi.ac.uk/vol1/fastq/ERR133/037/ERR13336537/ERR13336537_1.fastq.gz;ftp.sra.ebi.ac.uk/vol1/fastq/ERR133/037/ERR13336537/ERR13336537_2.fastq.gz	2498543035;2522148376	5a8541a9add0328bc66b704e2b8f332f;43478cb7adb810a77ff371f9f248be3a	ftp.sra.ebi.ac.uk/vol1/err/ERR133/037/ERR13336537/ERR13336537.bam	4857406902	52507d5bf35b61a23cc50fe0b30ba7a4	ftp.sra.ebi.ac.uk/vol1/run/ERR133/ERR13336537/W1787_leaf_clean_1.fastq.gz;ftp.sra.ebi.ac.uk/vol1/run/ERR133/ERR13336537/W1787_leaf_clean_2.fastq.gz	2360513483;2384588745	7722759bf953ba3ebdea5ee38d3398ca;33abdf8b3c49099e5cf4753e9ba7232f			
ERR13336541	ftp.sra.ebi.ac.uk/vol1/fastq/ERR133/041/ERR13336541/ERR13336541_1.fastq.gz;ftp.sra.ebi.ac.uk/vol1/fastq/ERR133/041/ERR13336541/ERR13336541_2.fastq.gz	2425820603;2487672919	e315e463661a17c3b1399383c182fffd;4c42108cbbb4551a1d1c775d1fba25bb	ftp.sra.ebi.ac.uk/vol1/err/ERR133/041/ERR13336541/ERR13336541.bam	4701285017	a7bd24b96238556564fc68ae85f27109	ftp.sra.ebi.ac.uk/vol1/run/ERR133/ERR13336541/W1839_leaf_clean_1.fastq.gz;ftp.sra.ebi.ac.uk/vol1/run/ERR133/ERR13336541/W1839_leaf_clean_2.fastq.gz	2294232331;2356330344	33eb66bd260e6a17edb21e4c0997fe45;998dc9c2f24c94189036b1f97436bbbb			
ERR13336544	ftp.sra.ebi.ac.uk/vol1/fastq/ERR133/044/ERR13336544/ERR13336544_1.fastq.gz;ftp.sra.ebi.ac.uk/vol1/fastq/ERR133/044/ERR13336544/ERR13336544_2.fastq.gz	2560049963;2621504614	55fd0b46a41f7d23ca35d861b31333d5;8a41adedd82cdbfe1bbaa710168ad4a6	ftp.sra.ebi.ac.uk/vol1/err/ERR133/044/ERR13336544/ERR13336544.bam	4963249665	a13ad6fa56b09dd74acf8a3109c46c97	ftp.sra.ebi.ac.uk/vol1/run/ERR133/ERR13336544/W1880_leaf_clean_1.fastq.gz;ftp.sra.ebi.ac.uk/vol1/run/ERR133/ERR13336544/W1880_leaf_clean_2.fastq.gz	2415769031;2477643649	a49fb31fdcf8928f5137777f5f512813;8c5b12adcd1466a0d0f043083b345b36			
ERR13336552	ftp.sra.ebi.ac.uk/vol1/fastq/ERR133/052/ERR13336552/ERR13336552_1.fastq.gz;ftp.sra.ebi.ac.uk/vol1/fastq/ERR133/052/ERR13336552/ERR13336552_2.fastq.gz	2976743196;3059456151	35130740b074bc75bc59ad48bad4842f;c175e1cebf053471978f9a9753970344	ftp.sra.ebi.ac.uk/vol1/err/ERR133/052/ERR13336552/ERR13336552.bam	5795671942	b32b05b43ed30a56583d556b16ca3bc2	ftp.sra.ebi.ac.uk/vol1/run/ERR133/ERR13336552/W2022_leaf_clean_1.fastq.gz;ftp.sra.ebi.ac.uk/vol1/run/ERR133/ERR13336552/W2022_leaf_clean_2.fastq.gz	2816712501;2899811593	4793e554b96c6cbba15283166f339232;5c38a53684f537ccd567dcfc759d2c98			
ERR13336553	ftp.sra.ebi.ac.uk/vol1/fastq/ERR133/053/ERR13336553/ERR13336553_1.fastq.gz;ftp.sra.ebi.ac.uk/vol1/fastq/ERR133/053/ERR13336553/ERR13336553_2.fastq.gz	2542322513;2651561927	1c79a275308785884852e42ff71811e5;b32d77df6697dbcb867ddc25e1e8af1b	ftp.sra.ebi.ac.uk/vol1/err/ERR133/053/ERR13336553/ERR13336553.bam	4976449011	0006270ca9c1504d3f6629ca51505afb	ftp.sra.ebi.ac.uk/vol1/run/ERR133/ERR13336553/W2036_leaf_clean_1.fastq.gz;ftp.sra.ebi.ac.uk/vol1/run/ERR133/ERR13336553/W2036_leaf_clean_2.fastq.gz	2405028038;2514797315	4f970502b5cba577f90c83d76710abf3;0ad7e36fbc9eadd1ed6785fbdcb05be4			
ERR13336560	ftp.sra.ebi.ac.uk/vol1/fastq/ERR133/060/ERR13336560/ERR13336560_1.fastq.gz;ftp.sra.ebi.ac.uk/vol1/fastq/ERR133/060/ERR13336560/ERR13336560_2.fastq.gz	2830843114;2882069208	be41da176480fcf37e20ce5b801069eb;45ec13c7e46bcaac8943cf13a56d1558	ftp.sra.ebi.ac.uk/vol1/err/ERR133/060/ERR13336560/ERR13336560.bam	5478280030	e87030c64279b934c6a34a906add7b39	ftp.sra.ebi.ac.uk/vol1/run/ERR133/ERR13336560/W2197_leaf_clean_1.fastq.gz;ftp.sra.ebi.ac.uk/vol1/run/ERR133/ERR13336560/W2197_leaf_clean_2.fastq.gz	2675523547;2727199259	3e1101d879126bfd83adb3887da59c37;d02a441d9ed80ce66fac799e03290cf7			
ERR13336564	ftp.sra.ebi.ac.uk/vol1/fastq/ERR133/064/ERR13336564/ERR13336564_1.fastq.gz;ftp.sra.ebi.ac.uk/vol1/fastq/ERR133/064/ERR13336564/ERR13336564_2.fastq.gz	4853135686;5057931725	e17e1f9a5c5c3a4dd99b2a3ea3910531;47417ba01aec2ac7893033a6411a43ba	ftp.sra.ebi.ac.uk/vol1/err/ERR133/064/ERR13336564/ERR13336564.bam	9730206285	f406c850655fdaf85bcd54a72fa83ab4	ftp.sra.ebi.ac.uk/vol1/run/ERR133/ERR13336564/W2305_leaf_clean_1.fastq.gz;ftp.sra.ebi.ac.uk/vol1/run/ERR133/ERR13336564/W2305_leaf_clean_2.fastq.gz	4690185189;4890415079	debc6145a152f5f03c1215a19bb7ec67;9971b90d19b36ec3e09eb5e10208b2ec			
ERR13336566	ftp.sra.ebi.ac.uk/vol1/fastq/ERR133/066/ERR13336566/ERR13336566_1.fastq.gz;ftp.sra.ebi.ac.uk/vol1/fastq/ERR133/066/ERR13336566/ERR13336566_2.fastq.gz	2565470460;2733987886	46d754a7238debdaae1e4623e400c8f8;2418c97681200286269df57f0f8c0634	ftp.sra.ebi.ac.uk/vol1/err/ERR133/066/ERR13336566/ERR13336566.bam	5091713504	28926141c29859ef4fa6242616feee4c	ftp.sra.ebi.ac.uk/vol1/run/ERR133/ERR13336566/W2310_leaf_clean_1.fastq.gz;ftp.sra.ebi.ac.uk/vol1/run/ERR133/ERR13336566/W2310_leaf_clean_2.fastq.gz	2425781924;2594671685	22e344d7f0fb02b810c39ce367c0422b;230cd256d160b3318e01e88c20ec8fb7			
ERR13336571	ftp.sra.ebi.ac.uk/vol1/fastq/ERR133/071/ERR13336571/ERR13336571_1.fastq.gz;ftp.sra.ebi.ac.uk/vol1/fastq/ERR133/071/ERR13336571/ERR13336571_2.fastq.gz	3167493933;3274197677	02954ac7eff87a7f467896247603bcdd;d6b9b8ab3ed0f303b8aa26e4e7917336	ftp.sra.ebi.ac.uk/vol1/err/ERR133/071/ERR13336571/ERR13336571.bam	6176268107	3bb3fbcde5cde0844486eee510a51cb4	ftp.sra.ebi.ac.uk/vol1/run/ERR133/ERR13336571/W2321_leaf_clean_1.fastq.gz;ftp.sra.ebi.ac.uk/vol1/run/ERR133/ERR13336571/W2321_leaf_clean_2.fastq.gz	2993863925;3100415257	94a7c3e1ea645b020cc41e8011fcbf6c;ef5263bfaeb2d904bf2d4f9cb042d8f1			
ERR13336572	ftp.sra.ebi.ac.uk/vol1/fastq/ERR133/072/ERR13336572/ERR13336572_1.fastq.gz;ftp.sra.ebi.ac.uk/vol1/fastq/ERR133/072/ERR13336572/ERR13336572_2.fastq.gz	2327590010;2375040674	11758e6567e4043dee8be5a9582a8b28;56349190a037c81a6bd749b5e765d704	ftp.sra.ebi.ac.uk/vol1/err/ERR133/072/ERR13336572/ERR13336572.bam	4484443458	e11efcf5d621dbe8cfd74817f8b6a9fb	ftp.sra.ebi.ac.uk/vol1/run/ERR133/ERR13336572/W2332_leaf_clean_1.fastq.gz;ftp.sra.ebi.ac.uk/vol1/run/ERR133/ERR13336572/W2332_leaf_clean_2.fastq.gz	2198827523;2246709295	8b61a1e73233d505332f1022558c7519;98fc2c5623c27b8cf5fdfbbc87396d8c			
ERR13336580	ftp.sra.ebi.ac.uk/vol1/fastq/ERR133/080/ERR13336580/ERR13336580_1.fastq.gz;ftp.sra.ebi.ac.uk/vol1/fastq/ERR133/080/ERR13336580/ERR13336580_2.fastq.gz	1883048234;2071497859	d3d38c7ff7bb0d10480a5bc042e7268f;08654c39ae766542fecc4b2768c467d9	ftp.sra.ebi.ac.uk/vol1/err/ERR133/080/ERR13336580/ERR13336580.bam	3906059591	ec612048ca8f994681ab427180089341	ftp.sra.ebi.ac.uk/vol1/run/ERR133/ERR13336580/W3037_leaf_clean_1.fastq.gz;ftp.sra.ebi.ac.uk/vol1/run/ERR133/ERR13336580/W3037_leaf_clean_2.fastq.gz	1782374240;1972303980	6fc5388b28f462129f0ed96b546cdabe;7b819ac65398fb8ea900b168a2cc0e42			
ERR13336583	ftp.sra.ebi.ac.uk/vol1/fastq/ERR133/083/ERR13336583/ERR13336583_1.fastq.gz;ftp.sra.ebi.ac.uk/vol1/fastq/ERR133/083/ERR13336583/ERR13336583_2.fastq.gz	3191572228;3497034012	af6d9737e330029f67614c8c79e4b6a1;ed122558328d0b62df351774bd55e00d	ftp.sra.ebi.ac.uk/vol1/err/ERR133/083/ERR13336583/ERR13336583.bam	6567909432	3f7c19048ab033dc875671c70104a8a5	ftp.sra.ebi.ac.uk/vol1/run/ERR133/ERR13336583/W3046_leaf_clean_1.fastq.gz;ftp.sra.ebi.ac.uk/vol1/run/ERR133/ERR13336583/W3046_leaf_clean_2.fastq.gz	3081033448;3386635238	2c044215bf5bfe4ff77889bfd796b291;181110136c510bd47cba60601df4795d			
ERR13336588	ftp.sra.ebi.ac.uk/vol1/fastq/ERR133/088/ERR13336588/ERR13336588_1.fastq.gz;ftp.sra.ebi.ac.uk/vol1/fastq/ERR133/088/ERR13336588/ERR13336588_2.fastq.gz	2735527178;2770770599	1df8b080168fb94115b28d07be402724;0bfddb9e7d0c294756200ca60a425d44	ftp.sra.ebi.ac.uk/vol1/err/ERR133/088/ERR13336588/ERR13336588.bam	5263662286	3aaa0241d50a5e07e8c19fc9807e9e75	ftp.sra.ebi.ac.uk/vol1/run/ERR133/ERR13336588/W3055_leaf_clean_1.fastq.gz;ftp.sra.ebi.ac.uk/vol1/run/ERR133/ERR13336588/W3055_leaf_clean_2.fastq.gz	2585388377;2620864542	4592724ddffa88d938a5f540903a0408;17d3131a097d766b3265c5fc5d98c82f			
ERR13336598	ftp.sra.ebi.ac.uk/vol1/fastq/ERR133/098/ERR13336598/ERR13336598_1.fastq.gz;ftp.sra.ebi.ac.uk/vol1/fastq/ERR133/098/ERR13336598/ERR13336598_2.fastq.gz	2938932978;2936510244	21f650a5b5e57fd70fd0053dd6ab229e;4f5938bc5be207566fc5eb46bc8ec3ae	ftp.sra.ebi.ac.uk/vol1/err/ERR133/098/ERR13336598/ERR13336598.bam	5698385307	6869fd262785cd217c8acd67633c1974	ftp.sra.ebi.ac.uk/vol1/run/ERR133/ERR13336598/W3096_leaf_clean_1.fastq.gz;ftp.sra.ebi.ac.uk/vol1/run/ERR133/ERR13336598/W3096_leaf_clean_2.fastq.gz	2775099764;2773221783	47531383852229b6e6f4f768338b2f0d;4fdd043433c7bfd6b7e4858c89dcee04			
ERR13336599	ftp.sra.ebi.ac.uk/vol1/fastq/ERR133/099/ERR13336599/ERR13336599_1.fastq.gz;ftp.sra.ebi.ac.uk/vol1/fastq/ERR133/099/ERR13336599/ERR13336599_2.fastq.gz	2733719283;2779574653	4b6e7e6d49901f41b2fa46a8a1f39845;a1e56d9cf2687da049515eb7091271e0	ftp.sra.ebi.ac.uk/vol1/err/ERR133/099/ERR13336599/ERR13336599.bam	5266041527	e15b05c354735326a7a4e3d04c16f550	ftp.sra.ebi.ac.uk/vol1/run/ERR133/ERR13336599/534M_root_clean_1.fastq.gz;ftp.sra.ebi.ac.uk/vol1/run/ERR133/ERR13336599/534M_root_clean_2.fastq.gz	2582647285;2628764555	68fbc61958d80b2d2dca8f3c9fe90cdf;ae02dc80c7ebe76dfe089d8f910dc744			
ERR13336605	ftp.sra.ebi.ac.uk/vol1/fastq/ERR133/005/ERR13336605/ERR13336605_1.fastq.gz;ftp.sra.ebi.ac.uk/vol1/fastq/ERR133/005/ERR13336605/ERR13336605_2.fastq.gz	5176853217;5509857434	32ba40da17882bd43f7d3e8995659b14;487c687ded92d7b3fab38798e1c26c71	ftp.sra.ebi.ac.uk/vol1/err/ERR133/005/ERR13336605/ERR13336605.bam	10560632567	c136abf3e0f5bae5664f0d9c77294e20	ftp.sra.ebi.ac.uk/vol1/run/ERR133/ERR13336605/GP523_root_clean_1.fastq.gz;ftp.sra.ebi.ac.uk/vol1/run/ERR133/ERR13336605/GP523_root_clean_2.fastq.gz	4995864918;5324468115	45bd6ffec83d66fb2de3dc961d0bd77c;169751f57cba2b13d37aad9e6c0c7995			
ERR13336610	ftp.sra.ebi.ac.uk/vol1/fastq/ERR133/010/ERR13336610/ERR13336610_1.fastq.gz;ftp.sra.ebi.ac.uk/vol1/fastq/ERR133/010/ERR13336610/ERR13336610_2.fastq.gz	4632236353;4826659387	db116caea674ef04b6cd01f1e883336f;cd2a814aab51aaf3f5af6d5cc4aff723	ftp.sra.ebi.ac.uk/vol1/err/ERR133/010/ERR13336610/ERR13336610.bam	9297186628	8e424796f69c020917b538c20cf8b414	ftp.sra.ebi.ac.uk/vol1/run/ERR133/ERR13336610/GP635_root_clean_1.fastq.gz;ftp.sra.ebi.ac.uk/vol1/run/ERR133/ERR13336610/GP635_root_clean_2.fastq.gz	4466902287;4657186170	2806a180a77b48c824af7e6e0fe116d8;04052690f13dc079a05c52b9f8c98b07			
ERR13336611	ftp.sra.ebi.ac.uk/vol1/fastq/ERR133/011/ERR13336611/ERR13336611_1.fastq.gz;ftp.sra.ebi.ac.uk/vol1/fastq/ERR133/011/ERR13336611/ERR13336611_2.fastq.gz	5203243162;5438454990	3e5f37d7840e55bb761c93e81483938e;26d3b039b442e0c820b986fd7506441c	ftp.sra.ebi.ac.uk/vol1/err/ERR133/011/ERR13336611/ERR13336611.bam	10475255952	331bc1fd55c91c012b874d7cf8e058d9	ftp.sra.ebi.ac.uk/vol1/run/ERR133/ERR13336611/GP680_root_clean_1.fastq.gz;ftp.sra.ebi.ac.uk/vol1/run/ERR133/ERR13336611/GP680_root_clean_2.fastq.gz	5023163492;5255926097	2a1f20f62d119f1b73044ff16f14dbbe;fddcc912882817c192f3aedf9a42fd89			
ERR13336613	ftp.sra.ebi.ac.uk/vol1/fastq/ERR133/013/ERR13336613/ERR13336613_1.fastq.gz;ftp.sra.ebi.ac.uk/vol1/fastq/ERR133/013/ERR13336613/ERR13336613_2.fastq.gz	5237556446;5562147457	36543266049e26635007531153265a48;82e1062bb20ded6b32b61451cfa11224	ftp.sra.ebi.ac.uk/vol1/err/ERR133/013/ERR13336613/ERR13336613.bam	10652064820	0d91501eb8a07085d14158438fe7852b	ftp.sra.ebi.ac.uk/vol1/run/ERR133/ERR13336613/HP519_root_clean_1.fastq.gz;ftp.sra.ebi.ac.uk/vol1/run/ERR133/ERR13336613/HP519_root_clean_2.fastq.gz	5056476940;5376437325	3f7b2a97d3239e8e763ee70ba2f921e9;328e99e22efe9bab5269f71e24670687			
ERR13336617	ftp.sra.ebi.ac.uk/vol1/fastq/ERR133/017/ERR13336617/ERR13336617_1.fastq.gz;ftp.sra.ebi.ac.uk/vol1/fastq/ERR133/017/ERR13336617/ERR13336617_2.fastq.gz	2349746448;2395993394	a22632baeeb7ac02d4e0e0625622a772;10ad2bb35f2b4759e210ef68f9a1fa20	ftp.sra.ebi.ac.uk/vol1/err/ERR133/017/ERR13336617/ERR13336617.bam	4546286355	137def5032b7ec0258d267bfc5860927	ftp.sra.ebi.ac.uk/vol1/run/ERR133/ERR13336617/OL3102_root_clean_1.fastq.gz;ftp.sra.ebi.ac.uk/vol1/run/ERR133/ERR13336617/OL3102_root_clean_2.fastq.gz	2216475082;2263158269	78fd5537cd3ed39dfb436d81db8103fe;2c867747b0fcd62c1536d9d799cbce41			
ERR13336620	ftp.sra.ebi.ac.uk/vol1/fastq/ERR133/020/ERR13336620/ERR13336620_1.fastq.gz;ftp.sra.ebi.ac.uk/vol1/fastq/ERR133/020/ERR13336620/ERR13336620_2.fastq.gz	2657122783;2667719493	288ddcb633fa79911e295d20b0af86e7;35a18667154389b348cb305a2088c4f2	ftp.sra.ebi.ac.uk/vol1/err/ERR133/020/ERR13336620/ERR13336620.bam	5361690610	17bf75582164749704bdc85a6eb5e15a	ftp.sra.ebi.ac.uk/vol1/run/ERR133/ERR13336620/W0107_root_clean_1.fastq.gz;ftp.sra.ebi.ac.uk/vol1/run/ERR133/ERR13336620/W0107_root_clean_2.fastq.gz	2505696989;2516317687	96f8ba7871882e408e23cb9cd508559e;540dddfccfc15192791e9ae0673e8740			
ERR13336622	ftp.sra.ebi.ac.uk/vol1/fastq/ERR133/022/ERR13336622/ERR13336622_1.fastq.gz;ftp.sra.ebi.ac.uk/vol1/fastq/ERR133/022/ERR13336622/ERR13336622_2.fastq.gz	3585192464;3335257533	4883cb982b6e0286ede200bb77db6728;16bb19018f56cb9a0e17aa1f368db674	ftp.sra.ebi.ac.uk/vol1/err/ERR133/022/ERR13336622/ERR13336622.bam	6980828045	1c93722de7399c56dc23f3fbabadde4a	ftp.sra.ebi.ac.uk/vol1/run/ERR133/ERR13336622/W0133_root_clean_1.fastq.gz;ftp.sra.ebi.ac.uk/vol1/run/ERR133/ERR13336622/W0133_root_clean_2.fastq.gz	3442317544;3184780802	d511c8990c0f0c52715373eceb28d569;776baad2bc44a1479124849e127c1632			
ERR13336623	ftp.sra.ebi.ac.uk/vol1/fastq/ERR133/023/ERR13336623/ERR13336623_1.fastq.gz;ftp.sra.ebi.ac.uk/vol1/fastq/ERR133/023/ERR13336623/ERR13336623_2.fastq.gz	2633375420;2766702200	c2293e45a100e5cc5140bcdc70709392;a4a8ed918341029c9b4ca4e81e85784f	ftp.sra.ebi.ac.uk/vol1/err/ERR133/023/ERR13336623/ERR13336623.bam	5302687795	9bfa73792674adc2a74e75a748be27d3	ftp.sra.ebi.ac.uk/vol1/run/ERR133/ERR13336623/W0135_root_clean_1.fastq.gz;ftp.sra.ebi.ac.uk/vol1/run/ERR133/ERR13336623/W0135_root_clean_2.fastq.gz	2545125226;2677511684	c513983c8b17f429666a4d71f9608c97;a07c2817568a394734089af94270a42f			
ERR13336624	ftp.sra.ebi.ac.uk/vol1/fastq/ERR133/024/ERR13336624/ERR13336624_1.fastq.gz;ftp.sra.ebi.ac.uk/vol1/fastq/ERR133/024/ERR13336624/ERR13336624_2.fastq.gz	2195920647;2274360367	73ef72b6065357817332ec10aaa1008c;ddeb193379ef100ea4ef40f12d3da0b1	ftp.sra.ebi.ac.uk/vol1/err/ERR133/024/ERR13336624/ERR13336624.bam	4269431513	8139cf798f8c5a9df22c7f7fd738aa53	ftp.sra.ebi.ac.uk/vol1/run/ERR133/ERR13336624/W0136_root_clean_1.fastq.gz;ftp.sra.ebi.ac.uk/vol1/run/ERR133/ERR13336624/W0136_root_clean_2.fastq.gz	2076992279;2155748265	df1f7e345e3c68d0c9a390751309f38a;9b7cc04d1cfbb1c8f9c2c2f2b2814c68			
ERR13336633	ftp.sra.ebi.ac.uk/vol1/fastq/ERR133/033/ERR13336633/ERR13336633_1.fastq.gz;ftp.sra.ebi.ac.uk/vol1/fastq/ERR133/033/ERR13336633/ERR13336633_2.fastq.gz	2312671323;2409337757	b8a64cdecd2668f9e71a3871f1958327;ff1d2d1eb05b046cc624b1d35f2ed54f	ftp.sra.ebi.ac.uk/vol1/err/ERR133/033/ERR13336633/ERR13336633.bam	4518347919	38d3e0bf613f91b8ef1acba440cefe47	ftp.sra.ebi.ac.uk/vol1/run/ERR133/ERR13336633/W0169_root_clean_1.fastq.gz;ftp.sra.ebi.ac.uk/vol1/run/ERR133/ERR13336633/W0169_root_clean_2.fastq.gz	2187148840;2284206448	ca167a419f85774c88a55849d361e6f1;acc115515fae0225a2d27acfef036529			
ERR13336635	ftp.sra.ebi.ac.uk/vol1/fastq/ERR133/035/ERR13336635/ERR13336635_1.fastq.gz;ftp.sra.ebi.ac.uk/vol1/fastq/ERR133/035/ERR13336635/ERR13336635_2.fastq.gz	2308708857;2485155647	e0c06735b918fd37a96aa30b7f12f451;c41fdfa297f48a4fc1794459ea03f10a	ftp.sra.ebi.ac.uk/vol1/err/ERR133/035/ERR13336635/ERR13336635.bam	4847998041	b407940bf5e336633c97b6f6a3b8f633	ftp.sra.ebi.ac.uk/vol1/run/ERR133/ERR13336635/W0179_root_clean_1.fastq.gz;ftp.sra.ebi.ac.uk/vol1/run/ERR133/ERR13336635/W0179_root_clean_2.fastq.gz	2226076421;2403400223	978ecdd6fd5ad26cdd6a464dce50e7f6;304e10fb8e151adcc8267ac6cb8d84bc			
ERR13336639	ftp.sra.ebi.ac.uk/vol1/fastq/ERR133/039/ERR13336639/ERR13336639_1.fastq.gz;ftp.sra.ebi.ac.uk/vol1/fastq/ERR133/039/ERR13336639/ERR13336639_2.fastq.gz	1999051528;2037669449	33f83dfb33381862e3633f30e8f1640e;4bc976aeadceae15b9ae96a9b113509f	ftp.sra.ebi.ac.uk/vol1/err/ERR133/039/ERR13336639/ERR13336639.bam	3858026407	081f71b24a23c565895358d1c796b5db	ftp.sra.ebi.ac.uk/vol1/run/ERR133/ERR13336639/W0590_root_clean_1.fastq.gz;ftp.sra.ebi.ac.uk/vol1/run/ERR133/ERR13336639/W0590_root_clean_2.fastq.gz	1889586373;1928246460	00a281188ee7b6423d26f357dcd5fca3;20175a3588c73e7f644cc446cccab44f			
ERR13336640	ftp.sra.ebi.ac.uk/vol1/fastq/ERR133/040/ERR13336640/ERR13336640_1.fastq.gz;ftp.sra.ebi.ac.uk/vol1/fastq/ERR133/040/ERR13336640/ERR13336640_2.fastq.gz	2171443111;2240915465	0e02f26f2a61ccd6229da1ed979c509d;439a531da7698d6ad7ba1446a828b058	ftp.sra.ebi.ac.uk/vol1/err/ERR133/040/ERR13336640/ERR13336640.bam	4230285116	266235e2370a2c582c5a9d33c56236c7	ftp.sra.ebi.ac.uk/vol1/run/ERR133/ERR13336640/W0594_root_clean_1.fastq.gz;ftp.sra.ebi.ac.uk/vol1/run/ERR133/ERR13336640/W0594_root_clean_2.fastq.gz	2052839030;2122662896	fb2c83c56186ac54eeb60d261845975d;a9634be5f9076839a821e52407ce1c5a			
ERR13336641	ftp.sra.ebi.ac.uk/vol1/fastq/ERR133/041/ERR13336641/ERR13336641_1.fastq.gz;ftp.sra.ebi.ac.uk/vol1/fastq/ERR133/041/ERR13336641/ERR13336641_2.fastq.gz	3415497288;3648803432	1cdca71935ac0d9a5d66db5413d249dc;5d4a111eb5b3efb3c89c20b98ea40904	ftp.sra.ebi.ac.uk/vol1/err/ERR133/041/ERR13336641/ERR13336641.bam	6930930431	01bec24a1969b2732de0952f2b23db62	ftp.sra.ebi.ac.uk/vol1/run/ERR133/ERR13336641/W0596_root_clean_1.fastq.gz;ftp.sra.ebi.ac.uk/vol1/run/ERR133/ERR13336641/W0596_root_clean_2.fastq.gz	3298122865;3530588548	4d3db47d7ab41c398a334e8023aa6176;765be7fb788862063f6377c2c3068584			
ERR13336642	ftp.sra.ebi.ac.uk/vol1/fastq/ERR133/042/ERR13336642/ERR13336642_1.fastq.gz;ftp.sra.ebi.ac.uk/vol1/fastq/ERR133/042/ERR13336642/ERR13336642_2.fastq.gz	3694737613;3892545270	7b12ce882a2092aa31936cbb7cfb6886;2666ac188574bc6ab76e182b663f2d52	ftp.sra.ebi.ac.uk/vol1/err/ERR133/042/ERR13336642/ERR13336642.bam	7437406625	94a9fa380dbc135e30e2388e22dfde26	ftp.sra.ebi.ac.uk/vol1/run/ERR133/ERR13336642/W0600_root_clean_1.fastq.gz;ftp.sra.ebi.ac.uk/vol1/run/ERR133/ERR13336642/W0600_root_clean_2.fastq.gz	3570031329;3766729365	2a3c323c19711fefb6f8eb52dd5a9368;43d756d863f72db3df595e4c333c2f40			
ERR13336643	ftp.sra.ebi.ac.uk/vol1/fastq/ERR133/043/ERR13336643/ERR13336643_1.fastq.gz;ftp.sra.ebi.ac.uk/vol1/fastq/ERR133/043/ERR13336643/ERR13336643_2.fastq.gz	2782947156;2830647309	7174138bd853cdc5968b4bae9107d5cf;55963e25a982f3c2836abb48e41293ce	ftp.sra.ebi.ac.uk/vol1/err/ERR133/043/ERR13336643/ERR13336643.bam	5393390011	7e9771f8daf32a2a7d20bcdaff1fcf79	ftp.sra.ebi.ac.uk/vol1/run/ERR133/ERR13336643/W0627_root_clean_1.fastq.gz;ftp.sra.ebi.ac.uk/vol1/run/ERR133/ERR13336643/W0627_root_clean_2.fastq.gz	2632914801;2681000854	562f5ebf87ecf2c5438650748eba9ae1;0cf1ec2be859eec62b5359d316a4e9ad			
ERR13336645	ftp.sra.ebi.ac.uk/vol1/fastq/ERR133/045/ERR13336645/ERR13336645_1.fastq.gz;ftp.sra.ebi.ac.uk/vol1/fastq/ERR133/045/ERR13336645/ERR13336645_2.fastq.gz	2537459475;2591092784	e071b3276bde80806caa0ee0cf420129;08b96abdae49071c5bce81004cc5680d	ftp.sra.ebi.ac.uk/vol1/err/ERR133/045/ERR13336645/ERR13336645.bam	4902952747	ced3a04e210f5f34751bb88895a59459	ftp.sra.ebi.ac.uk/vol1/run/ERR133/ERR13336645/W0632_root_clean_1.fastq.gz;ftp.sra.ebi.ac.uk/vol1/run/ERR133/ERR13336645/W0632_root_clean_2.fastq.gz	2399342130;2453300324	c2fc3c964d821022918defc0972c735a;256eddb8a07141b04adc8fbe0b0bfbb5			
ERR13336649	ftp.sra.ebi.ac.uk/vol1/fastq/ERR133/049/ERR13336649/ERR13336649_1.fastq.gz;ftp.sra.ebi.ac.uk/vol1/fastq/ERR133/049/ERR13336649/ERR13336649_2.fastq.gz	2572998012;2642624811	9aa3031c536c7b423e2e5b2d8a2d7b7b;1306371b7f9fff79a417615303db8d48	ftp.sra.ebi.ac.uk/vol1/err/ERR133/049/ERR13336649/ERR13336649.bam	5001871116	30f8760a2d87f119c48f9e8e79821769	ftp.sra.ebi.ac.uk/vol1/run/ERR133/ERR13336649/W1084_root_clean_1.fastq.gz;ftp.sra.ebi.ac.uk/vol1/run/ERR133/ERR13336649/W1084_root_clean_2.fastq.gz	2433023025;2502910379	62c6bb47589a8752257f2ffbeb5977b4;b83e4bda7131caa546733000deb202a1			
ERR13336650	ftp.sra.ebi.ac.uk/vol1/fastq/ERR133/050/ERR13336650/ERR13336650_1.fastq.gz;ftp.sra.ebi.ac.uk/vol1/fastq/ERR133/050/ERR13336650/ERR13336650_2.fastq.gz	3060087948;3201825612	f35c90bf359c89c0ca04330dcd21605e;316a254b18a66e21cd65ff0994d0065b	ftp.sra.ebi.ac.uk/vol1/err/ERR133/050/ERR13336650/ERR13336650.bam	6191566651	aedd8fb6b07a14186dc67471571fe12e	ftp.sra.ebi.ac.uk/vol1/run/ERR133/ERR13336650/W1093_root_clean_1.fastq.gz;ftp.sra.ebi.ac.uk/vol1/run/ERR133/ERR13336650/W1093_root_clean_2.fastq.gz	2952234114;3096570284	28c71c035fe041f7d437f0739ff59b32;332e8da170a8ce1d1118ef0d67b51715			
ERR13336652	ftp.sra.ebi.ac.uk/vol1/fastq/ERR133/052/ERR13336652/ERR13336652_1.fastq.gz;ftp.sra.ebi.ac.uk/vol1/fastq/ERR133/052/ERR13336652/ERR13336652_2.fastq.gz	3196147658;3313811099	51593cd9989f9710985203253f58e182;2755dfb98c303aef80cdce69abbe8632	ftp.sra.ebi.ac.uk/vol1/err/ERR133/052/ERR13336652/ERR13336652.bam	6508449308	8c394add8de85f617f0fa4cf73da7289	ftp.sra.ebi.ac.uk/vol1/run/ERR133/ERR13336652/W1126_root_clean_1.fastq.gz;ftp.sra.ebi.ac.uk/vol1/run/ERR133/ERR13336652/W1126_root_clean_2.fastq.gz	3082198182;3199569606	3eb6f964e407eeeb348817ea075dae5f;30309beb5c0651342389c08e6770e1fd			
ERR13336655	ftp.sra.ebi.ac.uk/vol1/fastq/ERR133/055/ERR13336655/ERR13336655_1.fastq.gz;ftp.sra.ebi.ac.uk/vol1/fastq/ERR133/055/ERR13336655/ERR13336655_2.fastq.gz	2546176061;2660821835	6d526203f2432962ade531d21346a725;3ae56268851fbc68ccdf88525d1ca149	ftp.sra.ebi.ac.uk/vol1/err/ERR133/055/ERR13336655/ERR13336655.bam	4984255410	4227185235829ae8c043ada3df6861fd	ftp.sra.ebi.ac.uk/vol1/run/ERR133/ERR13336655/W1292_root_clean_1.fastq.gz;ftp.sra.ebi.ac.uk/vol1/run/ERR133/ERR13336655/W1292_root_clean_2.fastq.gz	2408736173;2523790293	026a053add5941562214e460f932154f;d19c3b7817e153b2b39ce436499d6b41			
ERR13336664	ftp.sra.ebi.ac.uk/vol1/fastq/ERR133/064/ERR13336664/ERR13336664_1.fastq.gz;ftp.sra.ebi.ac.uk/vol1/fastq/ERR133/064/ERR13336664/ERR13336664_2.fastq.gz	2348729999;2432051663	4297718885c428528997a5cc9066bd14;ceed97226772f79edcaeae433c7eb878	ftp.sra.ebi.ac.uk/vol1/err/ERR133/064/ERR13336664/ERR13336664.bam	4579031673	0efcc694cbc37d7425fdf95b17bfb329	ftp.sra.ebi.ac.uk/vol1/run/ERR133/ERR13336664/W1619_root_clean_1.fastq.gz;ftp.sra.ebi.ac.uk/vol1/run/ERR133/ERR13336664/W1619_root_clean_2.fastq.gz	2220586951;2304259067	ec179c30072025b86f098fff2ddad7a1;1c0e8416169c1d69f4072a3523616c71			
ERR13336667	ftp.sra.ebi.ac.uk/vol1/fastq/ERR133/067/ERR13336667/ERR13336667_1.fastq.gz;ftp.sra.ebi.ac.uk/vol1/fastq/ERR133/067/ERR13336667/ERR13336667_2.fastq.gz	2359247003;2408002729	be2445a097397452b9caae09a4ea194b;2e5d80df3db7a73af71206344779dfac	ftp.sra.ebi.ac.uk/vol1/err/ERR133/067/ERR13336667/ERR13336667.bam	4571844281	a95adbcad06b943c412c467fa2291df3	ftp.sra.ebi.ac.uk/vol1/run/ERR133/ERR13336667/W1677_root_clean_1.fastq.gz;ftp.sra.ebi.ac.uk/vol1/run/ERR133/ERR13336667/W1677_root_clean_2.fastq.gz	2225358806;2274393438	0c848653a866ba40f83a09439c4b80ea;a346206a8faf61bfda67d5e29a8dba16			
ERR13336668	ftp.sra.ebi.ac.uk/vol1/fastq/ERR133/068/ERR13336668/ERR13336668_1.fastq.gz;ftp.sra.ebi.ac.uk/vol1/fastq/ERR133/068/ERR13336668/ERR13336668_2.fastq.gz	2965626318;3063733862	856e3b86edc31c4aed88b9b5ec78a392;17ee204008a8f3bb7a248145ec8a713f	ftp.sra.ebi.ac.uk/vol1/err/ERR133/068/ERR13336668/ERR13336668.bam	6095644703	b56569226de58ab7bb74c3cb8d292523	ftp.sra.ebi.ac.uk/vol1/run/ERR133/ERR13336668/W1679_root_clean_1.fastq.gz;ftp.sra.ebi.ac.uk/vol1/run/ERR133/ERR13336668/W1679_root_clean_2.fastq.gz	2845571967;2946683500	b9ee7c7bf68212b5e3aa3f537ec70e87;3d2a11289349473a211d4e10780a54fb			
ERR13336669	ftp.sra.ebi.ac.uk/vol1/fastq/ERR133/069/ERR13336669/ERR13336669_1.fastq.gz;ftp.sra.ebi.ac.uk/vol1/fastq/ERR133/069/ERR13336669/ERR13336669_2.fastq.gz	3387256607;3545875369	1b245824600faa985797ad5c6a7d681b;d60bfc0999c45c0843c33751674cb99e	ftp.sra.ebi.ac.uk/vol1/err/ERR133/069/ERR13336669/ERR13336669.bam	6910931530	3867ac77c4f58e61a4600e57c6ed6065	ftp.sra.ebi.ac.uk/vol1/run/ERR133/ERR13336669/W1718_root_clean_1.fastq.gz;ftp.sra.ebi.ac.uk/vol1/run/ERR133/ERR13336669/W1718_root_clean_2.fastq.gz	3260685632;3421915240	33928e97431f5dfff94ce5b34e288c7c;498667d5f605d7dd92092008303db017			
ERR13336670	ftp.sra.ebi.ac.uk/vol1/fastq/ERR133/070/ERR13336670/ERR13336670_1.fastq.gz;ftp.sra.ebi.ac.uk/vol1/fastq/ERR133/070/ERR13336670/ERR13336670_2.fastq.gz	1914965122;1964480674	50b09d1e6fa49cfac39a36814f2d43f4;0b4599b0d6dc38234eaa519727b26d82	ftp.sra.ebi.ac.uk/vol1/err/ERR133/070/ERR13336670/ERR13336670.bam	3695627709	0a20e3737d037bb4c46e7a7d8a8fba37	ftp.sra.ebi.ac.uk/vol1/run/ERR133/ERR13336670/W1719_root_clean_1.fastq.gz;ftp.sra.ebi.ac.uk/vol1/run/ERR133/ERR13336670/W1719_root_clean_2.fastq.gz	1807807975;1857586221	25db3dfc877855184ff85a00c09449c3;76b4a085786f8835dceecebc6fb62892			
ERR13336672	ftp.sra.ebi.ac.uk/vol1/fastq/ERR133/072/ERR13336672/ERR13336672_1.fastq.gz;ftp.sra.ebi.ac.uk/vol1/fastq/ERR133/072/ERR13336672/ERR13336672_2.fastq.gz	2659210799;2737516414	0d50eacb70c23b7c0220a3499098aff0;a9d20b1dff7d548a2d8a9623bbec93b1	ftp.sra.ebi.ac.uk/vol1/err/ERR133/072/ERR13336672/ERR13336672.bam	5154906103	65ba54d6cdef2b797fd115111595f40b	ftp.sra.ebi.ac.uk/vol1/run/ERR133/ERR13336672/W1725_root_clean_1.fastq.gz;ftp.sra.ebi.ac.uk/vol1/run/ERR133/ERR13336672/W1725_root_clean_2.fastq.gz	2513096306;2592048261	df5f93a607bb7070a761c44bbc56565e;1bf642851b736ae24caeb1ae742aa240			
ERR13336673	ftp.sra.ebi.ac.uk/vol1/fastq/ERR133/073/ERR13336673/ERR13336673_1.fastq.gz;ftp.sra.ebi.ac.uk/vol1/fastq/ERR133/073/ERR13336673/ERR13336673_2.fastq.gz	2949183371;2707794944	bcd239c33daf7b2c290cfae1d2890f6e;e69b1839967cacf690f276a6a38031ed	ftp.sra.ebi.ac.uk/vol1/err/ERR133/073/ERR13336673/ERR13336673.bam	5664511114	2dca3d2942431b4df85ef4e92685442d	ftp.sra.ebi.ac.uk/vol1/run/ERR133/ERR13336673/W1726_root_clean_1.fastq.gz;ftp.sra.ebi.ac.uk/vol1/run/ERR133/ERR13336673/W1726_root_clean_2.fastq.gz	2829987131;2582448657	dd44ad89b389f683fde188ef754b10f7;f07c32e7495f6392bd62302032107419			
ERR13336674	ftp.sra.ebi.ac.uk/vol1/fastq/ERR133/074/ERR13336674/ERR13336674_1.fastq.gz;ftp.sra.ebi.ac.uk/vol1/fastq/ERR133/074/ERR13336674/ERR13336674_2.fastq.gz	2013188196;2051788320	35e2c892ad1549774b796e1fb200e443;4e4baa3b9084b007f1026de224f1c35e	ftp.sra.ebi.ac.uk/vol1/err/ERR133/074/ERR13336674/ERR13336674.bam	3909581305	3a62d7a957e9ee8e41cbd3bea7992957	ftp.sra.ebi.ac.uk/vol1/run/ERR133/ERR13336674/W1731_root_clean_1.fastq.gz;ftp.sra.ebi.ac.uk/vol1/run/ERR133/ERR13336674/W1731_root_clean_2.fastq.gz	1901434408;1940512285	78b1e2e1a92795a39c4c776595d0b52c;f4200862cce941f7a8023faf5a026257			
ERR13336675	ftp.sra.ebi.ac.uk/vol1/fastq/ERR133/075/ERR13336675/ERR13336675_1.fastq.gz;ftp.sra.ebi.ac.uk/vol1/fastq/ERR133/075/ERR13336675/ERR13336675_2.fastq.gz	2638718600;2697110284	79e2d6e99177f9562567afd3ec9206c1;a004d547c7769a3683ea830e9bd705e7	ftp.sra.ebi.ac.uk/vol1/err/ERR133/075/ERR13336675/ERR13336675.bam	5142280014	b997318a5bbce90385316343e4cc17c0	ftp.sra.ebi.ac.uk/vol1/run/ERR133/ERR13336675/W1732_root_clean_1.fastq.gz;ftp.sra.ebi.ac.uk/vol1/run/ERR133/ERR13336675/W1732_root_clean_2.fastq.gz	2494100010;2552588432	7a126df7d2b9850f2e012a3e404d56da;274ffcf97037d0ccb976cb187e46b29d			
ERR13336676	ftp.sra.ebi.ac.uk/vol1/fastq/ERR133/076/ERR13336676/ERR13336676_1.fastq.gz;ftp.sra.ebi.ac.uk/vol1/fastq/ERR133/076/ERR13336676/ERR13336676_2.fastq.gz	2257504638;2451239130	6a6046fc0b4302804524d3794646dcf1;f7e9626be579207198f32dc81fd1c2dc	ftp.sra.ebi.ac.uk/vol1/err/ERR133/076/ERR13336676/ERR13336676.bam	4763912696	48f1732320c5fd31606b164dc131f13a	ftp.sra.ebi.ac.uk/vol1/run/ERR133/ERR13336676/W1735_root_clean_1.fastq.gz;ftp.sra.ebi.ac.uk/vol1/run/ERR133/ERR13336676/W1735_root_clean_2.fastq.gz	2156925724;2351410236	3e66816eeff4aa3b09a59d4c112d9604;e1f9f48fea0951245dc09fe47929a029			
ERR13336681	ftp.sra.ebi.ac.uk/vol1/fastq/ERR133/081/ERR13336681/ERR13336681_1.fastq.gz;ftp.sra.ebi.ac.uk/vol1/fastq/ERR133/081/ERR13336681/ERR13336681_2.fastq.gz	3762139576;3930319307	e9634564de896c1c79fb53765d875dca;2fd9eef2574133e323e6e88e862c9cdf	ftp.sra.ebi.ac.uk/vol1/err/ERR133/081/ERR13336681/ERR13336681.bam	7711989529	99ea06eb7f5837c1b6b0f5a84b774202	ftp.sra.ebi.ac.uk/vol1/run/ERR133/ERR13336681/W1750_root_clean_1.fastq.gz;ftp.sra.ebi.ac.uk/vol1/run/ERR133/ERR13336681/W1750_root_clean_2.fastq.gz	3619915380;3789368079	c0fb80692744fdb813be306d92b97f43;37ede9f7091069c879175696c25770ae			
ERR13336683	ftp.sra.ebi.ac.uk/vol1/fastq/ERR133/083/ERR13336683/ERR13336683_1.fastq.gz;ftp.sra.ebi.ac.uk/vol1/fastq/ERR133/083/ERR13336683/ERR13336683_2.fastq.gz	2650084867;2733963287	7aaafbe22cd9a81411786757d8ea04f7;813df4607457701404fd4ff824b698e5	ftp.sra.ebi.ac.uk/vol1/err/ERR133/083/ERR13336683/ERR13336683.bam	5149862288	ab524a033c58712edc9769d282180a14	ftp.sra.ebi.ac.uk/vol1/run/ERR133/ERR13336683/W1783_root_clean_1.fastq.gz;ftp.sra.ebi.ac.uk/vol1/run/ERR133/ERR13336683/W1783_root_clean_2.fastq.gz	2507738635;2592118179	2840c79c1d5ac663749d816b2128900d;4db2cde977dd0b130329d8955244491b			
ERR13336686	ftp.sra.ebi.ac.uk/vol1/fastq/ERR133/086/ERR13336686/ERR13336686_1.fastq.gz;ftp.sra.ebi.ac.uk/vol1/fastq/ERR133/086/ERR13336686/ERR13336686_2.fastq.gz	2467046445;2577972302	f4826f4e54bffdf25c6cf266085c068b;5aa532cb47e1881cd776b42e1376347d	ftp.sra.ebi.ac.uk/vol1/err/ERR133/086/ERR13336686/ERR13336686.bam	4807295364	f01f484212b34e145c0a5986fcabc3e1	ftp.sra.ebi.ac.uk/vol1/run/ERR133/ERR13336686/W1810_root_clean_1.fastq.gz;ftp.sra.ebi.ac.uk/vol1/run/ERR133/ERR13336686/W1810_root_clean_2.fastq.gz	2330245504;2441768497	861d2f9b284538f01bedf99bad3e0718;4cb9e26e8bde088bce569e90d95724fc			
ERR13336690	ftp.sra.ebi.ac.uk/vol1/fastq/ERR133/090/ERR13336690/ERR13336690_1.fastq.gz;ftp.sra.ebi.ac.uk/vol1/fastq/ERR133/090/ERR13336690/ERR13336690_2.fastq.gz	2346165334;2611975854	97ae76ba3f21c0a65f4d1ce94363c585;a1a66071a56443796395b9f8fb12bac6	ftp.sra.ebi.ac.uk/vol1/err/ERR133/090/ERR13336690/ERR13336690.bam	4930116635	534fb66e4ebc659397730f3d1ca3f4fa	ftp.sra.ebi.ac.uk/vol1/run/ERR133/ERR13336690/W1865_root_clean_1.fastq.gz;ftp.sra.ebi.ac.uk/vol1/run/ERR133/ERR13336690/W1865_root_clean_2.fastq.gz	2270346727;2529372029	863a37add2c2856dfd78754fbdd3f5fa;225cef6720b4925ef6bd6445c4d75daf			
ERR13336691	ftp.sra.ebi.ac.uk/vol1/fastq/ERR133/091/ERR13336691/ERR13336691_1.fastq.gz;ftp.sra.ebi.ac.uk/vol1/fastq/ERR133/091/ERR13336691/ERR13336691_2.fastq.gz	2593760883;2669790621	cf9b96e56551727d2879c8724c66d7ab;2d943464e0247a835afed0ba76f12dd3	ftp.sra.ebi.ac.uk/vol1/err/ERR133/091/ERR13336691/ERR13336691.bam	5054473408	ab3bf35063a97218401a3d7c36b3eed5	ftp.sra.ebi.ac.uk/vol1/run/ERR133/ERR13336691/W1880_root_clean_1.fastq.gz;ftp.sra.ebi.ac.uk/vol1/run/ERR133/ERR13336691/W1880_root_clean_2.fastq.gz	2453453152;2529871788	59978936922125e536ba915c2c13b96b;e3ad9b95d20a105e278059ef8be0fb7c			
ERR13336693	ftp.sra.ebi.ac.uk/vol1/fastq/ERR133/093/ERR13336693/ERR13336693_1.fastq.gz;ftp.sra.ebi.ac.uk/vol1/fastq/ERR133/093/ERR13336693/ERR13336693_2.fastq.gz	2303338514;2352318243	e5085ae9bdc8a70acaecb5bce13789c4;427a818e460a54556f29aacbad8fc810	ftp.sra.ebi.ac.uk/vol1/err/ERR133/093/ERR13336693/ERR13336693.bam	4451853259	f9c0b6479cd39a79e2af74b5bc4fa766	ftp.sra.ebi.ac.uk/vol1/run/ERR133/ERR13336693/W1895_root_clean_1.fastq.gz;ftp.sra.ebi.ac.uk/vol1/run/ERR133/ERR13336693/W1895_root_clean_2.fastq.gz	2178946121;2228321540	21af4a658142e5413f0d89cf7f2f8e69;e0a98831d2ebf3354d8d894cb58e8ee0			
ERR13336695	ftp.sra.ebi.ac.uk/vol1/fastq/ERR133/095/ERR13336695/ERR13336695_1.fastq.gz;ftp.sra.ebi.ac.uk/vol1/fastq/ERR133/095/ERR13336695/ERR13336695_2.fastq.gz	2824739465;2761558962	a65973073f56dbcf76d93bba4770647c;071d32f06285611527124430da1a42a9	ftp.sra.ebi.ac.uk/vol1/err/ERR133/095/ERR13336695/ERR13336695.bam	5559355984	fd1e6356dc4bac2aac2e80beb40d73ed	ftp.sra.ebi.ac.uk/vol1/run/ERR133/ERR13336695/W1943_root_clean_1.fastq.gz;ftp.sra.ebi.ac.uk/vol1/run/ERR133/ERR13336695/W1943_root_clean_2.fastq.gz	2734629205;2661705020	e2a9bfadd0ccb19a5f597fb8ba4c233b;9760a2eb59fa3a6c731f8a06216cea10			
ERR13336697	ftp.sra.ebi.ac.uk/vol1/fastq/ERR133/097/ERR13336697/ERR13336697_1.fastq.gz;ftp.sra.ebi.ac.uk/vol1/fastq/ERR133/097/ERR13336697/ERR13336697_2.fastq.gz	2321547282;2397775336	794f19dcf9e168f6d5d9107f548ff556;1f12329f434ecf0d3ea1d8b6e00c1f76	ftp.sra.ebi.ac.uk/vol1/err/ERR133/097/ERR13336697/ERR13336697.bam	4527779305	a891f6638663be02687554c4e45631b6	ftp.sra.ebi.ac.uk/vol1/run/ERR133/ERR13336697/W1976_root_clean_1.fastq.gz;ftp.sra.ebi.ac.uk/vol1/run/ERR133/ERR13336697/W1976_root_clean_2.fastq.gz	2194545786;2271163912	75fd14eb83c0098543786d0f250ebb64;0813fba952607da5e18b5d0755b0722e			
ERR13336698	ftp.sra.ebi.ac.uk/vol1/fastq/ERR133/098/ERR13336698/ERR13336698_1.fastq.gz;ftp.sra.ebi.ac.uk/vol1/fastq/ERR133/098/ERR13336698/ERR13336698_2.fastq.gz	2291465820;2376761416	c64ea23fe3e6f9135ae0e2b8fdd08f42;fd976be4c8f3166a93c8c98d0093aeb2	ftp.sra.ebi.ac.uk/vol1/err/ERR133/098/ERR13336698/ERR13336698.bam	4430856066	b82a8088c5a9d0dd19569486059d2230	ftp.sra.ebi.ac.uk/vol1/run/ERR133/ERR13336698/W2005_root_clean_1.fastq.gz;ftp.sra.ebi.ac.uk/vol1/run/ERR133/ERR13336698/W2005_root_clean_2.fastq.gz	2165784475;2251621592	dad58b9f02f629b67e5dc872301a292b;af645c37573e2a228765367115949f44			
ERR13336701	ftp.sra.ebi.ac.uk/vol1/fastq/ERR133/001/ERR13336701/ERR13336701_1.fastq.gz;ftp.sra.ebi.ac.uk/vol1/fastq/ERR133/001/ERR13336701/ERR13336701_2.fastq.gz	2234486732;2315754203	07f77693c5738ae301b8d6066f72c5e8;d39966d949154439049ca3c45bc5ba0f	ftp.sra.ebi.ac.uk/vol1/err/ERR133/001/ERR13336701/ERR13336701.bam	4319342143	ed931629f6a94a5362160c060a80b059	ftp.sra.ebi.ac.uk/vol1/run/ERR133/ERR13336701/W2051_root_clean_1.fastq.gz;ftp.sra.ebi.ac.uk/vol1/run/ERR133/ERR13336701/W2051_root_clean_2.fastq.gz	2111539515;2193307021	3d2fff7ff460b5180ad231b390197a60;8ec2b7c2f4691235caf3acdf6ba11d1f			
ERR13336703	ftp.sra.ebi.ac.uk/vol1/fastq/ERR133/003/ERR13336703/ERR13336703_1.fastq.gz;ftp.sra.ebi.ac.uk/vol1/fastq/ERR133/003/ERR13336703/ERR13336703_2.fastq.gz	2619663063;2696747495	5d6b02fdb7c7c3a86f16131fef8c7467;5171fe3204552ce1af9f0953fe14d058	ftp.sra.ebi.ac.uk/vol1/err/ERR133/003/ERR13336703/ERR13336703.bam	5070965141	ad9e1475c2b41934c7052bd7bc269ad2	ftp.sra.ebi.ac.uk/vol1/run/ERR133/ERR13336703/W2064_root_clean_1.fastq.gz;ftp.sra.ebi.ac.uk/vol1/run/ERR133/ERR13336703/W2064_root_clean_2.fastq.gz	2476456085;2554241268	1535d1c71fce8482619f7bd2dd31c8bb;8512f80cb69e368c85b6005c94ed0694			
ERR13336706	ftp.sra.ebi.ac.uk/vol1/fastq/ERR133/006/ERR13336706/ERR13336706_1.fastq.gz;ftp.sra.ebi.ac.uk/vol1/fastq/ERR133/006/ERR13336706/ERR13336706_2.fastq.gz	2752499582;2797373729	d8f11b01501fb54d04d66efd104aa5cc;1d7d9d086961048cd4e6fb89c6f13244	ftp.sra.ebi.ac.uk/vol1/err/ERR133/006/ERR13336706/ERR13336706.bam	5327780292	04c1a3d9425aa28dee1219196c663324	ftp.sra.ebi.ac.uk/vol1/run/ERR133/ERR13336706/W2108_root_clean_1.fastq.gz;ftp.sra.ebi.ac.uk/vol1/run/ERR133/ERR13336706/W2108_root_clean_2.fastq.gz	2600711981;2646077746	2741eafd99c0a36415a13b132812839a;2e9fe2302bb7c2abd2a9e8257bb531ff			
ERR13336710	ftp.sra.ebi.ac.uk/vol1/fastq/ERR133/010/ERR13336710/ERR13336710_1.fastq.gz;ftp.sra.ebi.ac.uk/vol1/fastq/ERR133/010/ERR13336710/ERR13336710_2.fastq.gz	2114035696;2166066223	331e3779ee7b7de0b90abd6ed4f25514;fa0688349358af0d436094f1758a83ca	ftp.sra.ebi.ac.uk/vol1/err/ERR133/010/ERR13336710/ERR13336710.bam	4061569293	2889d70beb92a2d530ded1957e4adedb	ftp.sra.ebi.ac.uk/vol1/run/ERR133/ERR13336710/W2283_root_clean_1.fastq.gz;ftp.sra.ebi.ac.uk/vol1/run/ERR133/ERR13336710/W2283_root_clean_2.fastq.gz	1997528135;2049784894	159f5e5e3e89c53843e068c5d9f6da4b;612e7b6063eaa2d5b72ffa47be67d938			
ERR13336718	ftp.sra.ebi.ac.uk/vol1/fastq/ERR133/018/ERR13336718/ERR13336718_1.fastq.gz;ftp.sra.ebi.ac.uk/vol1/fastq/ERR133/018/ERR13336718/ERR13336718_2.fastq.gz	2680253186;2700644120	7707d4f6602203f3a9c3b23ef4f8dcdd;ad7641726d11f4da7463f8b48ee9720a	ftp.sra.ebi.ac.uk/vol1/err/ERR133/018/ERR13336718/ERR13336718.bam	5160194481	b2e1214afc1fa9b837fb6cbd2aa414d2	ftp.sra.ebi.ac.uk/vol1/run/ERR133/ERR13336718/W2321_root_clean_1.fastq.gz;ftp.sra.ebi.ac.uk/vol1/run/ERR133/ERR13336718/W2321_root_clean_2.fastq.gz	2532999627;2553707968	902750145900faaf8e6c90f6286116d7;160ef6ade21e8b94fdc28fdad33be2e6			
ERR13336719	ftp.sra.ebi.ac.uk/vol1/fastq/ERR133/019/ERR13336719/ERR13336719_1.fastq.gz;ftp.sra.ebi.ac.uk/vol1/fastq/ERR133/019/ERR13336719/ERR13336719_2.fastq.gz	2203046633;2233495838	5589738ed2882cd9d7c8191f579b3cc1;3415a2f806d413d9d095fddbcd48c2e8	ftp.sra.ebi.ac.uk/vol1/err/ERR133/019/ERR13336719/ERR13336719.bam	4252389313	bfe80ed75d361fd3f0798f314883a9f3	ftp.sra.ebi.ac.uk/vol1/run/ERR133/ERR13336719/W2332_root_clean_1.fastq.gz;ftp.sra.ebi.ac.uk/vol1/run/ERR133/ERR13336719/W2332_root_clean_2.fastq.gz	2078594488;2109442908	2b70daae53a1c4aff86ebf8c73dc0a81;67a60fe8e29aeba8fc168b22c00cff25			
ERR13336721	ftp.sra.ebi.ac.uk/vol1/fastq/ERR133/021/ERR13336721/ERR13336721_1.fastq.gz;ftp.sra.ebi.ac.uk/vol1/fastq/ERR133/021/ERR13336721/ERR13336721_2.fastq.gz	4905909312;5209684610	b8368799c5f6ba21a90b2cc6dce7d87d;bd855503ee52daa48c2ae2228d3eae4d	ftp.sra.ebi.ac.uk/vol1/err/ERR133/021/ERR13336721/ERR13336721.bam	10004088928	3a04add7ac4bc93afd4614361e1f08a3	ftp.sra.ebi.ac.uk/vol1/run/ERR133/ERR13336721/W3007_root_clean_1.fastq.gz;ftp.sra.ebi.ac.uk/vol1/run/ERR133/ERR13336721/W3007_root_clean_2.fastq.gz	4732032383;5031306233	5c387e4e14e1a8d7af18a384d877962d;b90108354fb1348bbe80578296a26b4a			
ERR13336722	ftp.sra.ebi.ac.uk/vol1/fastq/ERR133/022/ERR13336722/ERR13336722_1.fastq.gz;ftp.sra.ebi.ac.uk/vol1/fastq/ERR133/022/ERR13336722/ERR13336722_2.fastq.gz	2411529843;2453698277	0c109db9b1896502025d51bc404d15f9;511b972ffe06d3d9bf9ad90e380a372f	ftp.sra.ebi.ac.uk/vol1/err/ERR133/022/ERR13336722/ERR13336722.bam	4700736116	d43ae8f77831f4538f021395b32b10e3	ftp.sra.ebi.ac.uk/vol1/run/ERR133/ERR13336722/W3009_root_clean_1.fastq.gz;ftp.sra.ebi.ac.uk/vol1/run/ERR133/ERR13336722/W3009_root_clean_2.fastq.gz	2276262063;2318535811	1185ad6290d8262150cc75a01d6b047c;bdeda607efa91dee8ded73213a80482c			
ERR13336727	ftp.sra.ebi.ac.uk/vol1/fastq/ERR133/027/ERR13336727/ERR13336727_1.fastq.gz;ftp.sra.ebi.ac.uk/vol1/fastq/ERR133/027/ERR13336727/ERR13336727_2.fastq.gz	3606264641;3761945374	edc77a2d00783f3a70a96a54d59873b6;a89a14519b0cc07b632d83fe00c9b017	ftp.sra.ebi.ac.uk/vol1/err/ERR133/027/ERR13336727/ERR13336727.bam	7293345211	4dc62348f400a518f0e02941a2d0b456	ftp.sra.ebi.ac.uk/vol1/run/ERR133/ERR13336727/W3037_root_clean_1.fastq.gz;ftp.sra.ebi.ac.uk/vol1/run/ERR133/ERR13336727/W3037_root_clean_2.fastq.gz	3503745849;3658945067	8b3de6c0fa4705545193d9e2f827e70d;8559f7388cf35d08465eb47e38cdf14c			
ERR13336728	ftp.sra.ebi.ac.uk/vol1/fastq/ERR133/028/ERR13336728/ERR13336728_1.fastq.gz;ftp.sra.ebi.ac.uk/vol1/fastq/ERR133/028/ERR13336728/ERR13336728_2.fastq.gz	4191690456;4495011070	1aa2686c0544947ede9d1400dcdce8ca;af8a150d42ab8ea65794f57f11db9e49	ftp.sra.ebi.ac.uk/vol1/err/ERR133/028/ERR13336728/ERR13336728.bam	8495507782	5b7dc1e208d5561cbe868e4a035aca85	ftp.sra.ebi.ac.uk/vol1/run/ERR133/ERR13336728/W3038_root_clean_1.fastq.gz;ftp.sra.ebi.ac.uk/vol1/run/ERR133/ERR13336728/W3038_root_clean_2.fastq.gz	4036452449;4338377896	8be9238008676e522afe5104f5ad90d5;ec6777b3a532d8ed7b7e4fd0fb61387a			
ERR13336730	ftp.sra.ebi.ac.uk/vol1/fastq/ERR133/030/ERR13336730/ERR13336730_1.fastq.gz;ftp.sra.ebi.ac.uk/vol1/fastq/ERR133/030/ERR13336730/ERR13336730_2.fastq.gz	4244994151;4449736227	425acd9b3b78cc076512af006eb1a1fa;f0dbdc2b46a4462a65114c26288005a0	ftp.sra.ebi.ac.uk/vol1/err/ERR133/030/ERR13336730/ERR13336730.bam	8916654348	a183edf7dda31b9ace694138096b2bf8	ftp.sra.ebi.ac.uk/vol1/run/ERR133/ERR13336730/W3046_root_clean_1.fastq.gz;ftp.sra.ebi.ac.uk/vol1/run/ERR133/ERR13336730/W3046_root_clean_2.fastq.gz	4079235613;4286075071	f6bf5a9319c400d98f9715390340e09f;f5eba43ddb0957e81a3bf67af5bfff87			
ERR13336733	ftp.sra.ebi.ac.uk/vol1/fastq/ERR133/033/ERR13336733/ERR13336733_1.fastq.gz;ftp.sra.ebi.ac.uk/vol1/fastq/ERR133/033/ERR13336733/ERR13336733_2.fastq.gz	2178420617;2222045011	c95db50f478e7f8b2af6249ad2e18759;eb2ccc8c841c342e9f8821a3b7bccec0	ftp.sra.ebi.ac.uk/vol1/err/ERR133/033/ERR13336733/ERR13336733.bam	4211289075	287a5cb94dc95b25e99642ff1968e456	ftp.sra.ebi.ac.uk/vol1/run/ERR133/ERR13336733/W3052_root_clean_1.fastq.gz;ftp.sra.ebi.ac.uk/vol1/run/ERR133/ERR13336733/W3052_root_clean_2.fastq.gz	2059233558;2103152457	e1a6ad3b8a44e82a1261dc851fb96b44;371ad1c4bc9d67ef69dd34fda59a31cc			
ERR13336737	ftp.sra.ebi.ac.uk/vol1/fastq/ERR133/037/ERR13336737/ERR13336737_1.fastq.gz;ftp.sra.ebi.ac.uk/vol1/fastq/ERR133/037/ERR13336737/ERR13336737_2.fastq.gz	2607852971;2700647295	32a6cb97431b9118eea51ee45ec1299e;82e7af14a4008ee17cc9aa5ff6cfd4eb	ftp.sra.ebi.ac.uk/vol1/err/ERR133/037/ERR13336737/ERR13336737.bam	5080560147	455fa2744178d35bd2eb44e6d3e698cd	ftp.sra.ebi.ac.uk/vol1/run/ERR133/ERR13336737/W3066_root_clean_1.fastq.gz;ftp.sra.ebi.ac.uk/vol1/run/ERR133/ERR13336737/W3066_root_clean_2.fastq.gz	2463675840;2556999400	5f6078b5e461f1f8bc9aafc247d99259;3f121ccd0d2c9f433dae9bc4cb3f43aa			
ERR13336738	ftp.sra.ebi.ac.uk/vol1/fastq/ERR133/038/ERR13336738/ERR13336738_1.fastq.gz;ftp.sra.ebi.ac.uk/vol1/fastq/ERR133/038/ERR13336738/ERR13336738_2.fastq.gz	2647877983;2551175756	12d3b08c03782b87d38085856748056b;8d67dcfb917e64a043cf7bb6a49d1509	ftp.sra.ebi.ac.uk/vol1/err/ERR133/038/ERR13336738/ERR13336738.bam	5201322368	a992b42e82bb7d9635a2f7ef94100e3f	ftp.sra.ebi.ac.uk/vol1/run/ERR133/ERR13336738/W3071_root_clean_1.fastq.gz;ftp.sra.ebi.ac.uk/vol1/run/ERR133/ERR13336738/W3071_root_clean_2.fastq.gz	2562350187;2461758766	7363485e0c58137d8b59e0d9346473d7;e09c69551666f31aabe055070ee14c4a			
ERR13336739	ftp.sra.ebi.ac.uk/vol1/fastq/ERR133/039/ERR13336739/ERR13336739_1.fastq.gz;ftp.sra.ebi.ac.uk/vol1/fastq/ERR133/039/ERR13336739/ERR13336739_2.fastq.gz	2955108624;3133696730	c3c81189035b7729e8b1f602fc1155f4;4baebf873d290f7ea3e3135607c71789	ftp.sra.ebi.ac.uk/vol1/err/ERR133/039/ERR13336739/ERR13336739.bam	6120110013	9382b4749227e1b0a8740acff2c05cca	ftp.sra.ebi.ac.uk/vol1/run/ERR133/ERR13336739/W3074_root_clean_1.fastq.gz;ftp.sra.ebi.ac.uk/vol1/run/ERR133/ERR13336739/W3074_root_clean_2.fastq.gz	2840408965;3021379860	2fe7e1908c08aef2a88cc0fe6eced001;0682c27e46e297ede80aae1f30d2e5b5			
ERR13336740	ftp.sra.ebi.ac.uk/vol1/fastq/ERR133/040/ERR13336740/ERR13336740_1.fastq.gz;ftp.sra.ebi.ac.uk/vol1/fastq/ERR133/040/ERR13336740/ERR13336740_2.fastq.gz	2727111896;2812710135	ce6ae81de63b9f79347864faec4b63cf;25ddcc72e6ca25a18709f1278a197ae2	ftp.sra.ebi.ac.uk/vol1/err/ERR133/040/ERR13336740/ERR13336740.bam	5324952135	cc7a80e204ca526d8b7aeb1566b2e0b6	ftp.sra.ebi.ac.uk/vol1/run/ERR133/ERR13336740/W3086_root_clean_1.fastq.gz;ftp.sra.ebi.ac.uk/vol1/run/ERR133/ERR13336740/W3086_root_clean_2.fastq.gz	2575681900;2662294848	a7b67e361bef8831307534b9ccd31e82;d05438a70214279fdcbd9ad92e8f358f			
ERR13765363	ftp.sra.ebi.ac.uk/vol1/fastq/ERR137/063/ERR13765363/ERR13765363_1.fastq.gz;ftp.sra.ebi.ac.uk/vol1/fastq/ERR137/063/ERR13765363/ERR13765363_2.fastq.gz	2516862910;2581163814	7910ed118d563b01fcb1cd81e109ef93;67481c6dd6c83ace6824b67fdf15d70b	ftp.sra.ebi.ac.uk/vol1/err/ERR137/063/ERR13765363/ERR13765363.bam	4780672676	3d279f9ca98d817d4809e3111e885f74	ftp.sra.ebi.ac.uk/vol1/run/ERR137/ERR13765363/W0107_R1.fastq.gz;ftp.sra.ebi.ac.uk/vol1/run/ERR137/ERR13765363/W0107_R2.fastq.gz	2639025121;2713945995	191445d0130fb39ec7284c94966ad53c;d148cc4114f4728871c5abd5c9c0b422			
ERR13765365	ftp.sra.ebi.ac.uk/vol1/fastq/ERR137/065/ERR13765365/ERR13765365_1.fastq.gz;ftp.sra.ebi.ac.uk/vol1/fastq/ERR137/065/ERR13765365/ERR13765365_2.fastq.gz	2173513438;2200004672	032eda443a6823d301aba26ee68083e0;ae3adeb533bea3dc1ef63e0d2295af1e	ftp.sra.ebi.ac.uk/vol1/err/ERR137/065/ERR13765365/ERR13765365.bam	4103991848	6ba33b8484ed8cc21c7b056df5d21150	ftp.sra.ebi.ac.uk/vol1/run/ERR137/ERR13765365/W0133_R1.fastq.gz;ftp.sra.ebi.ac.uk/vol1/run/ERR137/ERR13765365/W0133_R2.fastq.gz	2286651044;2319056764	b270d25f5fee3d2dd5a166127806e715;f2d379f4632e0bbd2756be79d3f50cd3			
ERR13765368	ftp.sra.ebi.ac.uk/vol1/fastq/ERR137/068/ERR13765368/ERR13765368_1.fastq.gz;ftp.sra.ebi.ac.uk/vol1/fastq/ERR137/068/ERR13765368/ERR13765368_2.fastq.gz	2018883473;2070200432	36b46a604b695a8789953f8c6a0d888a;319c0af6348a67a1ded8d2166600609f	ftp.sra.ebi.ac.uk/vol1/err/ERR137/068/ERR13765368/ERR13765368.bam	3835892287	add0e6dbd61f1bf05735e7b4fc533081	ftp.sra.ebi.ac.uk/vol1/run/ERR137/ERR13765368/W0137_R1.fastq.gz;ftp.sra.ebi.ac.uk/vol1/run/ERR137/ERR13765368/W0137_R2.fastq.gz	2122835710;2182277072	57fabc50adde04cfded3335b36ad27bb;5b314f6409a95e94b982cd882cf31833			
ERR13765369	ftp.sra.ebi.ac.uk/vol1/fastq/ERR137/069/ERR13765369/ERR13765369_1.fastq.gz;ftp.sra.ebi.ac.uk/vol1/fastq/ERR137/069/ERR13765369/ERR13765369_2.fastq.gz	1669600842;1708894741	88b0001573fc6ab1217fd277578783e7;8c85152b4b1b44f74d66df4cf1721dfc	ftp.sra.ebi.ac.uk/vol1/err/ERR137/069/ERR13765369/ERR13765369.bam	3172841278	77460701d79b60090605f0ff267b81ad	ftp.sra.ebi.ac.uk/vol1/run/ERR137/ERR13765369/W0143_R1.fastq.gz;ftp.sra.ebi.ac.uk/vol1/run/ERR137/ERR13765369/W0143_R2.fastq.gz	1759149366;1804837690	7aaebb3f959ce60748cb2ad424385d8e;5eac7be84e1b312d42de78592db69afd			
ERR13765379	ftp.sra.ebi.ac.uk/vol1/fastq/ERR137/079/ERR13765379/ERR13765379_1.fastq.gz;ftp.sra.ebi.ac.uk/vol1/fastq/ERR137/079/ERR13765379/ERR13765379_2.fastq.gz	1425967110;1458793251	bd937ae197c271639daf68939c2a261b;563b6bee136d9f7a8b62208fed972c9e	ftp.sra.ebi.ac.uk/vol1/err/ERR137/079/ERR13765379/ERR13765379.bam	2710227017	04f8109f235944cdefe2a596e69e6d0a	ftp.sra.ebi.ac.uk/vol1/run/ERR137/ERR13765379/W0180_R1.fastq.gz;ftp.sra.ebi.ac.uk/vol1/run/ERR137/ERR13765379/W0180_R2.fastq.gz	1506170335;1544379625	8380970c8b5f51650a7e1399d39505e5;ed39141a170a9f2b9d14977fe4d044cd			
ERR13765381	ftp.sra.ebi.ac.uk/vol1/fastq/ERR137/081/ERR13765381/ERR13765381_1.fastq.gz;ftp.sra.ebi.ac.uk/vol1/fastq/ERR137/081/ERR13765381/ERR13765381_2.fastq.gz	1404937177;1446922171	89c6883c9210a30e3639f39529aa316a;4b9c358b0576321c050e693c60faa5b9	ftp.sra.ebi.ac.uk/vol1/err/ERR137/081/ERR13765381/ERR13765381.bam	2683793603	544b8483204b495b8028d6b8334d68fb	ftp.sra.ebi.ac.uk/vol1/run/ERR137/ERR13765381/W0573_R1.fastq.gz;ftp.sra.ebi.ac.uk/vol1/run/ERR137/ERR13765381/W0573_R2.fastq.gz	1486193794;1534194146	28ff6ad6ce1daa61bed4d2044682eebe;b916fb4da647a373eeec5310d74c605c			
ERR13765382	ftp.sra.ebi.ac.uk/vol1/fastq/ERR137/082/ERR13765382/ERR13765382_1.fastq.gz;ftp.sra.ebi.ac.uk/vol1/fastq/ERR137/082/ERR13765382/ERR13765382_2.fastq.gz	1563204527;1587977104	bb8d1e1a5b7cb86989fa0af11f5bbbf7;4d02cb2565dbcbc4bc6594e24516ce69	ftp.sra.ebi.ac.uk/vol1/err/ERR137/082/ERR13765382/ERR13765382.bam	2958913682	6c8c763dcf98b3a38ba5732cc1e660a4	ftp.sra.ebi.ac.uk/vol1/run/ERR137/ERR13765382/W0590_R1.fastq.gz;ftp.sra.ebi.ac.uk/vol1/run/ERR137/ERR13765382/W0590_R2.fastq.gz	1649980416;1679494850	5e246ea66c0ec0a0fb7093725002adac;5653f50365492ce756fedd28b5918c3a			
ERR13765384	ftp.sra.ebi.ac.uk/vol1/fastq/ERR137/084/ERR13765384/ERR13765384_1.fastq.gz;ftp.sra.ebi.ac.uk/vol1/fastq/ERR137/084/ERR13765384/ERR13765384_2.fastq.gz	1633418169;1673690511	ea689232ab12dbf11123e0956e4127c1;c08f787aaa867dcac93536027761ef2e	ftp.sra.ebi.ac.uk/vol1/err/ERR137/084/ERR13765384/ERR13765384.bam	3104041739	ec08e5b337c2aa6f001221094bf78e1c	ftp.sra.ebi.ac.uk/vol1/run/ERR137/ERR13765384/W0596_R1.fastq.gz;ftp.sra.ebi.ac.uk/vol1/run/ERR137/ERR13765384/W0596_R2.fastq.gz	1721198192;1767783475	90bcaa009a98a86c7e907cf0c4b5ed72;9cdc792176444f41ad68e06229ede04e			
ERR13765385	ftp.sra.ebi.ac.uk/vol1/fastq/ERR137/085/ERR13765385/ERR13765385_1.fastq.gz;ftp.sra.ebi.ac.uk/vol1/fastq/ERR137/085/ERR13765385/ERR13765385_2.fastq.gz	1859077563;1896057826	ce4600bf084ffe182683e1c967f560b5;c95868bc0cf17267301440bf337a74c0	ftp.sra.ebi.ac.uk/vol1/err/ERR137/085/ERR13765385/ERR13765385.bam	3520913992	e575626b000385de79cc57b7b358c2cf	ftp.sra.ebi.ac.uk/vol1/run/ERR137/ERR13765385/W0600_R1.fastq.gz;ftp.sra.ebi.ac.uk/vol1/run/ERR137/ERR13765385/W0600_R2.fastq.gz	1954572589;1998155136	504b86b4d513b238b6bf3dcdc0e625b4;719a4103bab50bce606151a25ffa8453			
ERR13765387	ftp.sra.ebi.ac.uk/vol1/fastq/ERR137/087/ERR13765387/ERR13765387_1.fastq.gz;ftp.sra.ebi.ac.uk/vol1/fastq/ERR137/087/ERR13765387/ERR13765387_2.fastq.gz	1936336451;1973608010	110beae5d189881564965a51b6f2474b;893e46fbefddbac23948c47f719514ec	ftp.sra.ebi.ac.uk/vol1/err/ERR137/087/ERR13765387/ERR13765387.bam	3691963640	f61b6e6615ceff1da011b6f9cf624743	ftp.sra.ebi.ac.uk/vol1/run/ERR137/ERR13765387/W0630_R1.fastq.gz;ftp.sra.ebi.ac.uk/vol1/run/ERR137/ERR13765387/W0630_R2.fastq.gz	2090288082;2131977169	f1748e200b2ba9d57036e67da35485aa;5cb532ad3bdf746b0fe55b7f7a35dc63			
ERR13765388	ftp.sra.ebi.ac.uk/vol1/fastq/ERR137/088/ERR13765388/ERR13765388_1.fastq.gz;ftp.sra.ebi.ac.uk/vol1/fastq/ERR137/088/ERR13765388/ERR13765388_2.fastq.gz	1040261434;1068839218	62c38b4657132b85dba9501d422115a4;8e7fc6c5c5527fe3307b7700946fc06f	ftp.sra.ebi.ac.uk/vol1/err/ERR137/088/ERR13765388/ERR13765388.bam	1987514300	a95710e6187b6ffafd809a3b41804d58	ftp.sra.ebi.ac.uk/vol1/run/ERR137/ERR13765388/W0632_R1.fastq.gz;ftp.sra.ebi.ac.uk/vol1/run/ERR137/ERR13765388/W0632_R2.fastq.gz	1104072290;1136906149	88f6a30dbaa73fca0071df67c0560748;73a6ce3fe8c0139d2a37e0324041fc90			
ERR13765389	ftp.sra.ebi.ac.uk/vol1/fastq/ERR137/089/ERR13765389/ERR13765389_1.fastq.gz;ftp.sra.ebi.ac.uk/vol1/fastq/ERR137/089/ERR13765389/ERR13765389_2.fastq.gz	1571044248;1621606510	7129074b42219354bedb66e53c92d907;fb6407a7d63836f4f8f924d1328ee9af	ftp.sra.ebi.ac.uk/vol1/err/ERR137/089/ERR13765389/ERR13765389.bam	3003444680	6632ec8cc90905c84ebde59620d7aca3	ftp.sra.ebi.ac.uk/vol1/run/ERR137/ERR13765389/W0634_R1.fastq.gz;ftp.sra.ebi.ac.uk/vol1/run/ERR137/ERR13765389/W0634_R2.fastq.gz	1658717022;1716361308	3277aadefdc6fe519e5cff1194572aba;f2c2c549b20827e59eb7d474c936cb61			
ERR13765390	ftp.sra.ebi.ac.uk/vol1/fastq/ERR137/090/ERR13765390/ERR13765390_1.fastq.gz;ftp.sra.ebi.ac.uk/vol1/fastq/ERR137/090/ERR13765390/ERR13765390_2.fastq.gz	1956411476;2004439408	35de7e7f6418f74eccb83065355bc7e3;a7ba5533ece19064eca27f9378f57536	ftp.sra.ebi.ac.uk/vol1/err/ERR137/090/ERR13765390/ERR13765390.bam	3716130489	aa6a9b43b4cccb48431215e2730b11fd	ftp.sra.ebi.ac.uk/vol1/run/ERR137/ERR13765390/W0639_R1.fastq.gz;ftp.sra.ebi.ac.uk/vol1/run/ERR137/ERR13765390/W0639_R2.fastq.gz	2057324831;2113085728	45387e515449e5b835b630a565679c15;85dbbe8d879e56ef5846bb23b017751c			
ERR13765391	ftp.sra.ebi.ac.uk/vol1/fastq/ERR137/091/ERR13765391/ERR13765391_1.fastq.gz;ftp.sra.ebi.ac.uk/vol1/fastq/ERR137/091/ERR13765391/ERR13765391_2.fastq.gz	3582094769;3908580795	3516674f9cd2f39ecd3383ab760f5409;f1a092b86a18ef655c5289d7afe425bd	ftp.sra.ebi.ac.uk/vol1/err/ERR137/091/ERR13765391/ERR13765391.bam	7312295559	5a7660cac2c2a8174f54110abc2a264c	ftp.sra.ebi.ac.uk/vol1/run/ERR137/ERR13765391/W1080_R1.fastq.gz;ftp.sra.ebi.ac.uk/vol1/run/ERR137/ERR13765391/W1080_R2.fastq.gz	3453782395;3776360010	0b63f47a40f971932d39da992c11b01a;a56e598cbc03e63dca2459cc5f46cea9			
ERR13765392	ftp.sra.ebi.ac.uk/vol1/fastq/ERR137/092/ERR13765392/ERR13765392_1.fastq.gz;ftp.sra.ebi.ac.uk/vol1/fastq/ERR137/092/ERR13765392/ERR13765392_2.fastq.gz	1575666209;1607377838	ee7e07a6c1384e25f2188be0fef24656;1268e9c7d17242cd54cf3bc7f7cfaea1	ftp.sra.ebi.ac.uk/vol1/err/ERR137/092/ERR13765392/ERR13765392.bam	2989133066	c1023b60e251c0bcf97d15bd64016122	ftp.sra.ebi.ac.uk/vol1/run/ERR137/ERR13765392/W1084_R1.fastq.gz;ftp.sra.ebi.ac.uk/vol1/run/ERR137/ERR13765392/W1084_R2.fastq.gz	1659920273;1697052656	bab151600693d58ca14d02459dfd0885;7a97def1356c468d09a751d5c2841783			
ERR13765395	ftp.sra.ebi.ac.uk/vol1/fastq/ERR137/095/ERR13765395/ERR13765395_1.fastq.gz;ftp.sra.ebi.ac.uk/vol1/fastq/ERR137/095/ERR13765395/ERR13765395_2.fastq.gz	2546301439;2608191736	a618f7c67be6d9833045d99709116fd5;807e8d9c89c118265bf8422f144f87b5	ftp.sra.ebi.ac.uk/vol1/err/ERR137/095/ERR13765395/ERR13765395.bam	4836624213	2c9138176abcfac957ccea4b7823c240	ftp.sra.ebi.ac.uk/vol1/run/ERR137/ERR13765395/W1117_R1.fastq.gz;ftp.sra.ebi.ac.uk/vol1/run/ERR137/ERR13765395/W1117_R2.fastq.gz	2672866892;2745118826	bde76dad56fdffcb787feacf657ae123;92c8156cc8c6cefe8589cd28f4ad844f			
ERR13765401	ftp.sra.ebi.ac.uk/vol1/fastq/ERR137/001/ERR13765401/ERR13765401_1.fastq.gz;ftp.sra.ebi.ac.uk/vol1/fastq/ERR137/001/ERR13765401/ERR13765401_2.fastq.gz	2515291620;2567008078	3e2d9caa0f243aa7358881b9d59dbc09;846fe50033edcf7a50b955345c19a8ed	ftp.sra.ebi.ac.uk/vol1/err/ERR137/001/ERR13765401/ERR13765401.bam	4776050318	edc61b0725f6311d5be6bdb5ed63d7d0	ftp.sra.ebi.ac.uk/vol1/run/ERR137/ERR13765401/W1536_R1.fastq.gz;ftp.sra.ebi.ac.uk/vol1/run/ERR137/ERR13765401/W1536_R2.fastq.gz	2641361696;2701150550	9601473482b7b235629ce1c536a588aa;618675bd3c731fee2d623b99ff320d7a			
ERR13765405	ftp.sra.ebi.ac.uk/vol1/fastq/ERR137/005/ERR13765405/ERR13765405_1.fastq.gz;ftp.sra.ebi.ac.uk/vol1/fastq/ERR137/005/ERR13765405/ERR13765405_2.fastq.gz	672700823;681290999	9c536ecada23c81717997db1647f8e36;cf0c71da3646ff25575ee7bb1d5fed79	ftp.sra.ebi.ac.uk/vol1/err/ERR137/005/ERR13765405/ERR13765405.bam	1277571055	b5dfd8d89094d0523897bf1c0df3e0d4	ftp.sra.ebi.ac.uk/vol1/run/ERR137/ERR13765405/W1553_R1.fastq.gz;ftp.sra.ebi.ac.uk/vol1/run/ERR137/ERR13765405/W1553_R2.fastq.gz	719851058;730255595	dd1f6303fe2aa5485f90b53206df1b91;155b3ffe15b989456d8cd591d6113c08			
ERR13765408	ftp.sra.ebi.ac.uk/vol1/fastq/ERR137/008/ERR13765408/ERR13765408_1.fastq.gz;ftp.sra.ebi.ac.uk/vol1/fastq/ERR137/008/ERR13765408/ERR13765408_2.fastq.gz	2488888208;2536670533	556939cd58b601c486cae3b2a25442af;b7766dade2a8f09d2399d826079a8491	ftp.sra.ebi.ac.uk/vol1/err/ERR137/008/ERR13765408/ERR13765408.bam	4719657484	b14d80e165f64bc40b01f64b871b26c7	ftp.sra.ebi.ac.uk/vol1/run/ERR137/ERR13765408/W1559_R1.fastq.gz;ftp.sra.ebi.ac.uk/vol1/run/ERR137/ERR13765408/W1559_R2.fastq.gz	2612116795;2668070988	11a7423920fab76f0a00d81761ad0934;82ca48832786fb94fe0a08b300c962bd			
ERR13765409	ftp.sra.ebi.ac.uk/vol1/fastq/ERR137/009/ERR13765409/ERR13765409_1.fastq.gz;ftp.sra.ebi.ac.uk/vol1/fastq/ERR137/009/ERR13765409/ERR13765409_2.fastq.gz	2271964851;2332862977	e454b52c934f6aa5ee58abd8c6b7cd11;66eeece9f20410723dfcf78817f52e10	ftp.sra.ebi.ac.uk/vol1/err/ERR137/009/ERR13765409/ERR13765409.bam	4325409647	291889ec8a3a309f75a0c627bc4320c4	ftp.sra.ebi.ac.uk/vol1/run/ERR137/ERR13765409/W1619_R1.fastq.gz;ftp.sra.ebi.ac.uk/vol1/run/ERR137/ERR13765409/W1619_R2.fastq.gz	2385936564;2455317548	b9b50d62f3c4fde8afa8207f89a42ad5;39583e0c9c25313f6f61c35a783c3f31			
ERR13765413	ftp.sra.ebi.ac.uk/vol1/fastq/ERR137/013/ERR13765413/ERR13765413_1.fastq.gz;ftp.sra.ebi.ac.uk/vol1/fastq/ERR137/013/ERR13765413/ERR13765413_2.fastq.gz	1747482370;1810056290	8e218f75bef7ef76433c52c844f28c3d;102ec237796bacaa3a2d29ecdf60910d	ftp.sra.ebi.ac.uk/vol1/err/ERR137/013/ERR13765413/ERR13765413.bam	3347374219	3b3c1efe8f5b61fbfe0aa5b4ab989a1e	ftp.sra.ebi.ac.uk/vol1/run/ERR137/ERR13765413/W1679_R1.fastq.gz;ftp.sra.ebi.ac.uk/vol1/run/ERR137/ERR13765413/W1679_R2.fastq.gz	1840971113;1911490645	73f90026be49419c3f3db27542995c32;8c58e5bcf847247cfd1bd4250edb1c15			
ERR13765415	ftp.sra.ebi.ac.uk/vol1/fastq/ERR137/015/ERR13765415/ERR13765415_1.fastq.gz;ftp.sra.ebi.ac.uk/vol1/fastq/ERR137/015/ERR13765415/ERR13765415_2.fastq.gz	2357839321;2435800159	0b7fa964b679e2bd232e9f72d1f85091;7d2312e7d3c44e7218e4344137f19e2d	ftp.sra.ebi.ac.uk/vol1/err/ERR137/015/ERR13765415/ERR13765415.bam	4505427946	90d2705a2f7a3029b9fcf5f8f8834547	ftp.sra.ebi.ac.uk/vol1/run/ERR137/ERR13765415/W1719_R1.fastq.gz;ftp.sra.ebi.ac.uk/vol1/run/ERR137/ERR13765415/W1719_R2.fastq.gz	2475292965;2563723461	e0f96e99a87c83023f5199b5753d05f8;eaf353c173ad28c492aa413808f752da			
ERR13765416	ftp.sra.ebi.ac.uk/vol1/fastq/ERR137/016/ERR13765416/ERR13765416_1.fastq.gz;ftp.sra.ebi.ac.uk/vol1/fastq/ERR137/016/ERR13765416/ERR13765416_2.fastq.gz	2221806677;2291173156	6013fa2b70eec75bc26a45234f506704;2a6f3c3b5531bc78d513b4618faa4f4e	ftp.sra.ebi.ac.uk/vol1/err/ERR137/016/ERR13765416/ERR13765416.bam	4243773079	f6690598bdab435f84264c46032ec61c	ftp.sra.ebi.ac.uk/vol1/run/ERR137/ERR13765416/W1723_R1.fastq.gz;ftp.sra.ebi.ac.uk/vol1/run/ERR137/ERR13765416/W1723_R2.fastq.gz	2337321366;2415883266	fc31f45b60410d0df61080fedd74bfdd;8b5bcbc58325beb3f66ae94a22ca2bf3			
ERR13765420	ftp.sra.ebi.ac.uk/vol1/fastq/ERR137/020/ERR13765420/ERR13765420_1.fastq.gz;ftp.sra.ebi.ac.uk/vol1/fastq/ERR137/020/ERR13765420/ERR13765420_2.fastq.gz	1603112640;1634493376	da94fffc63343bd83aeae1a5172cd86b;af0ad32a7218b2b9a0270d0bedaf8afc	ftp.sra.ebi.ac.uk/vol1/err/ERR137/020/ERR13765420/ERR13765420.bam	3046467687	ed2e704589d3381e28e5e23a301500c2	ftp.sra.ebi.ac.uk/vol1/run/ERR137/ERR13765420/W1732_R1.fastq.gz;ftp.sra.ebi.ac.uk/vol1/run/ERR137/ERR13765420/W1732_R2.fastq.gz	1692194373;1728716530	2e26274f81e1cee6880393aa39389fe9;abd848dd6dec01baece0c1e2dfe0e983			
ERR13765426	ftp.sra.ebi.ac.uk/vol1/fastq/ERR137/026/ERR13765426/ERR13765426_1.fastq.gz;ftp.sra.ebi.ac.uk/vol1/fastq/ERR137/026/ERR13765426/ERR13765426_2.fastq.gz	2076037282;2115168811	14f3a130da5d72d3e32fb9629045e07a;c06b363f4e492b2a4d76a3f0b354eea8	ftp.sra.ebi.ac.uk/vol1/err/ERR137/026/ERR13765426/ERR13765426.bam	3934165254	4a7af697f02d0bef4d540d41cb830df9	ftp.sra.ebi.ac.uk/vol1/run/ERR137/ERR13765426/W1750_R1.fastq.gz;ftp.sra.ebi.ac.uk/vol1/run/ERR137/ERR13765426/W1750_R2.fastq.gz	2180435544;2225749818	6e9ec3e215fb8e2a96407ccef8367ab0;ffb115ccda6641f75a62f254a564e840			
ERR13765429	ftp.sra.ebi.ac.uk/vol1/fastq/ERR137/029/ERR13765429/ERR13765429_1.fastq.gz;ftp.sra.ebi.ac.uk/vol1/fastq/ERR137/029/ERR13765429/ERR13765429_2.fastq.gz	1920103655;1987298234	a7edea38a5d744a327e9d2fba4c57d80;3344b171f47e0297ecea8148aad66d4c	ftp.sra.ebi.ac.uk/vol1/err/ERR137/029/ERR13765429/ERR13765429.bam	3670298267	d0267fb5995927ba77a4fd9127a97bb3	ftp.sra.ebi.ac.uk/vol1/run/ERR137/ERR13765429/W1787_R1.fastq.gz;ftp.sra.ebi.ac.uk/vol1/run/ERR137/ERR13765429/W1787_R2.fastq.gz	2017826129;2093995569	d4fbc94ca68f3532fb0bf0b308d25f1e;095f3dbbbb8fe59fe8cf45f932bd721d			
ERR13765433	ftp.sra.ebi.ac.uk/vol1/fastq/ERR137/033/ERR13765433/ERR13765433_1.fastq.gz;ftp.sra.ebi.ac.uk/vol1/fastq/ERR137/033/ERR13765433/ERR13765433_2.fastq.gz	2920530825;2976035066	f47aab28ea18b709c5fb8e0baa963da6;78f526b56a0009f0cb40fa7c71edbdaf	ftp.sra.ebi.ac.uk/vol1/err/ERR137/033/ERR13765433/ERR13765433.bam	5581031152	75eb9794870a60aabdca0eec8630fdeb	ftp.sra.ebi.ac.uk/vol1/run/ERR137/ERR13765433/W1839_R1.fastq.gz;ftp.sra.ebi.ac.uk/vol1/run/ERR137/ERR13765433/W1839_R2.fastq.gz	3156879704;3219587714	3fb8db46421df7c0bd7355ffba33ccac;63da5fba4b67ebf8b433725ee913ffc5			
ERR13765435	ftp.sra.ebi.ac.uk/vol1/fastq/ERR137/035/ERR13765435/ERR13765435_1.fastq.gz;ftp.sra.ebi.ac.uk/vol1/fastq/ERR137/035/ERR13765435/ERR13765435_2.fastq.gz	2301719486;2341894666	f324cc82939dfffc960a47c8eec481da;7822c2c0c76bd6410963eb32811d4919	ftp.sra.ebi.ac.uk/vol1/err/ERR137/035/ERR13765435/ERR13765435.bam	4357805507	46af91ada96b368e1efd34c89c83578e	ftp.sra.ebi.ac.uk/vol1/run/ERR137/ERR13765435/W1880_R1.fastq.gz;ftp.sra.ebi.ac.uk/vol1/run/ERR137/ERR13765435/W1880_R2.fastq.gz	2418646520;2466222180	dd7e20a2f1cd9ca79c444c3889a558e4;5ee86261b00c597f9cf94d788b4dbe8b			
ERR13765436	ftp.sra.ebi.ac.uk/vol1/fastq/ERR137/036/ERR13765436/ERR13765436_1.fastq.gz;ftp.sra.ebi.ac.uk/vol1/fastq/ERR137/036/ERR13765436/ERR13765436_2.fastq.gz	2260485093;2305315787	cd88e5ea32588a15b7967175b17be643;255f6f23ac191805cf48fb865a968d97	ftp.sra.ebi.ac.uk/vol1/err/ERR137/036/ERR13765436/ERR13765436.bam	4280825128	b88462f43568ec979aa06242180ae2b4	ftp.sra.ebi.ac.uk/vol1/run/ERR137/ERR13765436/W1890_R1.fastq.gz;ftp.sra.ebi.ac.uk/vol1/run/ERR137/ERR13765436/W1890_R2.fastq.gz	2375633091;2428426816	1b31601d15f43a013c6a7b57ed63efc9;8337ded4cd298e3203e0bc8db161f397			
ERR13765443	ftp.sra.ebi.ac.uk/vol1/fastq/ERR137/043/ERR13765443/ERR13765443_1.fastq.gz;ftp.sra.ebi.ac.uk/vol1/fastq/ERR137/043/ERR13765443/ERR13765443_2.fastq.gz	1416650959;1447539156	7d083be561755e671b418cb6939046af;f35b7cdc6a199c4a1c83b44456bb7d5c	ftp.sra.ebi.ac.uk/vol1/err/ERR137/043/ERR13765443/ERR13765443.bam	2695190719	e31d4a4940ade4adb5c725a48edca0d6	ftp.sra.ebi.ac.uk/vol1/run/ERR137/ERR13765443/W2022_R1.fastq.gz;ftp.sra.ebi.ac.uk/vol1/run/ERR137/ERR13765443/W2022_R2.fastq.gz	1497036650;1532364851	4eaf216b659e097f3c0f60632b5b22d4;ad0eea83d06f539255f96f46ee104189			
ERR13765446	ftp.sra.ebi.ac.uk/vol1/fastq/ERR137/046/ERR13765446/ERR13765446_1.fastq.gz;ftp.sra.ebi.ac.uk/vol1/fastq/ERR137/046/ERR13765446/ERR13765446_2.fastq.gz	2069186041;2122663529	a868eed5f74c4f19407bc2e08c1dec40;9ec73be7153cbcd20165ac569ce19ab6	ftp.sra.ebi.ac.uk/vol1/err/ERR137/046/ERR13765446/ERR13765446.bam	3935954226	0e6f0feacf006d357b722a6747f58238	ftp.sra.ebi.ac.uk/vol1/run/ERR137/ERR13765446/W2053_R1.fastq.gz;ftp.sra.ebi.ac.uk/vol1/run/ERR137/ERR13765446/W2053_R2.fastq.gz	2176263608;2237472425	9189ad991a73307b8ad12fd756f16a83;b4e288411ef2cc75df557a701ad9323f			
ERR13765452	ftp.sra.ebi.ac.uk/vol1/fastq/ERR137/052/ERR13765452/ERR13765452_1.fastq.gz;ftp.sra.ebi.ac.uk/vol1/fastq/ERR137/052/ERR13765452/ERR13765452_2.fastq.gz	1488610274;1533656629	7063885fbfd6fbf472474ace4df7b9f2;bcdba61fadccdafec05b368fcd19f96d	ftp.sra.ebi.ac.uk/vol1/err/ERR137/052/ERR13765452/ERR13765452.bam	2846651323	daa5bcce241347aafdf36ca7e97931c2	ftp.sra.ebi.ac.uk/vol1/run/ERR137/ERR13765452/W2267_R1.fastq.gz;ftp.sra.ebi.ac.uk/vol1/run/ERR137/ERR13765452/W2267_R2.fastq.gz	1575052360;1624845583	f7fb64f073540a61e49c2a8820d29225;84760640f0e220c4cf03a4d81d521757			
ERR13765454	ftp.sra.ebi.ac.uk/vol1/fastq/ERR137/054/ERR13765454/ERR13765454_1.fastq.gz;ftp.sra.ebi.ac.uk/vol1/fastq/ERR137/054/ERR13765454/ERR13765454_2.fastq.gz	1794813627;1859024354	1a8ef13bfff9c2a50892f3ee1e31ce30;740516f33504552237d7095b9d7d1452	ftp.sra.ebi.ac.uk/vol1/err/ERR137/054/ERR13765454/ERR13765454.bam	3436792551	da7932cc75eed3cb74de02ceaf6b61ee	ftp.sra.ebi.ac.uk/vol1/run/ERR137/ERR13765454/W2283_R1.fastq.gz;ftp.sra.ebi.ac.uk/vol1/run/ERR137/ERR13765454/W2283_R2.fastq.gz	1892657463;1964205467	3e1019e654e14ae74754061f593567e9;b85c9c0f9a7328ba63d082619777c7eb			
ERR13765455	ftp.sra.ebi.ac.uk/vol1/fastq/ERR137/055/ERR13765455/ERR13765455_1.fastq.gz;ftp.sra.ebi.ac.uk/vol1/fastq/ERR137/055/ERR13765455/ERR13765455_2.fastq.gz	3570264365;3774668051	9df758c195d7243f537e11d72dadc33a;88b59912e179d5d6853e969b4e5ddfa9	ftp.sra.ebi.ac.uk/vol1/err/ERR137/055/ERR13765455/ERR13765455.bam	7152803348	d64203f31ee22b95d260f4d4212ee3f0	ftp.sra.ebi.ac.uk/vol1/run/ERR137/ERR13765455/W2305_R1.fastq.gz;ftp.sra.ebi.ac.uk/vol1/run/ERR137/ERR13765455/W2305_R2.fastq.gz	3439584256;3641973687	4d2298765f4c472a1e8daf801879b350;5582061cd8dc67bc67c1dcc05f767319			
ERR13765456	ftp.sra.ebi.ac.uk/vol1/fastq/ERR137/056/ERR13765456/ERR13765456_1.fastq.gz;ftp.sra.ebi.ac.uk/vol1/fastq/ERR137/056/ERR13765456/ERR13765456_2.fastq.gz	2455001828;2517292086	4775f74458ae4a47885350fa4f634790;85f5fddbcff5f11c84efe1c373c371cb	ftp.sra.ebi.ac.uk/vol1/err/ERR137/056/ERR13765456/ERR13765456.bam	4668558899	8b809e00749137b103e9c6dff7c2947f	ftp.sra.ebi.ac.uk/vol1/run/ERR137/ERR13765456/W2308_R1.fastq.gz;ftp.sra.ebi.ac.uk/vol1/run/ERR137/ERR13765456/W2308_R2.fastq.gz	2580934493;2652739148	1a6818fa53ccb6c4ac1240f71edb4b7e;8439e59ab91fcefabefb4089c4590370			
ERR13765457	ftp.sra.ebi.ac.uk/vol1/fastq/ERR137/057/ERR13765457/ERR13765457_1.fastq.gz;ftp.sra.ebi.ac.uk/vol1/fastq/ERR137/057/ERR13765457/ERR13765457_2.fastq.gz	2437049634;2455558926	59968ff858c2af357d36927ec19ab563;bc013dc44dffd0860e93c0faa123be61	ftp.sra.ebi.ac.uk/vol1/err/ERR137/057/ERR13765457/ERR13765457.bam	4587744922	f159c445d845bb212e3d160b8027bc4b	ftp.sra.ebi.ac.uk/vol1/run/ERR137/ERR13765457/W2310_R1.fastq.gz;ftp.sra.ebi.ac.uk/vol1/run/ERR137/ERR13765457/W2310_R2.fastq.gz	2559075802;2582727737	533bf6dcff93eef13b0a7ef6c522de8e;e37cff02ae09ea2176e463766541ae27			
ERR13765460	ftp.sra.ebi.ac.uk/vol1/fastq/ERR137/060/ERR13765460/ERR13765460_1.fastq.gz;ftp.sra.ebi.ac.uk/vol1/fastq/ERR137/060/ERR13765460/ERR13765460_2.fastq.gz	2272210592;2325953334	13bf0d35fcb26a6b897704fd89a7110e;652a7caafa0886dabb166250c0cd8235	ftp.sra.ebi.ac.uk/vol1/err/ERR137/060/ERR13765460/ERR13765460.bam	4344596138	5da2eb8b9c52b11bbdb7e038fcec4ed8	ftp.sra.ebi.ac.uk/vol1/run/ERR137/ERR13765460/W2319_R1.fastq.gz;ftp.sra.ebi.ac.uk/vol1/run/ERR137/ERR13765460/W2319_R2.fastq.gz	2453395178;2513371138	ac44e9d9de5896356921d314bcea2ec1;50a18c78cbedb2016bbc3a97be1b47ba			
ERR13765463	ftp.sra.ebi.ac.uk/vol1/fastq/ERR137/063/ERR13765463/ERR13765463_1.fastq.gz;ftp.sra.ebi.ac.uk/vol1/fastq/ERR137/063/ERR13765463/ERR13765463_2.fastq.gz	2423512052;2496030802	81ae7e083029158273d9b7fbce1a9bc0;300c12db4d501e3796f206be9809a77a	ftp.sra.ebi.ac.uk/vol1/err/ERR137/063/ERR13765463/ERR13765463.bam	4618391167	100a5dfd142e8e8c2eee2b901b9c1ba8	ftp.sra.ebi.ac.uk/vol1/run/ERR137/ERR13765463/W2332_R1.fastq.gz;ftp.sra.ebi.ac.uk/vol1/run/ERR137/ERR13765463/W2332_R2.fastq.gz	2544392405;2626979814	319c8801988975d4a5fb0c5110df73e7;cf9fc7bb9ec8851066fb3384c9599a86			
ERR13765464	ftp.sra.ebi.ac.uk/vol1/fastq/ERR137/064/ERR13765464/ERR13765464_1.fastq.gz;ftp.sra.ebi.ac.uk/vol1/fastq/ERR137/064/ERR13765464/ERR13765464_2.fastq.gz	1542995913;1568519066	7b7945fbee8d6fa4d174963dd0957cdb;08a4dc7d0a282fbcd423eb6db321408f	ftp.sra.ebi.ac.uk/vol1/err/ERR137/064/ERR13765464/ERR13765464.bam	2929920040	87cd32c9df04908a23999852c87ff989	ftp.sra.ebi.ac.uk/vol1/run/ERR137/ERR13765464/W3000_R1.fastq.gz;ftp.sra.ebi.ac.uk/vol1/run/ERR137/ERR13765464/W3000_R2.fastq.gz	1634048279;1663084023	fb64274355e817176cda76d2bbb7f53e;59fff35d68a81000f31d2e7a93c60df2			
ERR13765466	ftp.sra.ebi.ac.uk/vol1/fastq/ERR137/066/ERR13765466/ERR13765466_1.fastq.gz;ftp.sra.ebi.ac.uk/vol1/fastq/ERR137/066/ERR13765466/ERR13765466_2.fastq.gz	2159129980;2212540827	c6f4e7e566e7e625509e74cafc5fe8e2;a0140e68d93469905d212f2ccef0ad69	ftp.sra.ebi.ac.uk/vol1/err/ERR137/066/ERR13765466/ERR13765466.bam	4101811418	0a8bc2b191979cd1462684f750608398	ftp.sra.ebi.ac.uk/vol1/run/ERR137/ERR13765466/W3009_R1.fastq.gz;ftp.sra.ebi.ac.uk/vol1/run/ERR137/ERR13765466/W3009_R2.fastq.gz	2269931063;2331537048	81d5d633d454e981c50be85b65c563ad;055c2b2700ca900532f357089770bcb2			
ERR13765472	ftp.sra.ebi.ac.uk/vol1/fastq/ERR137/072/ERR13765472/ERR13765472_1.fastq.gz;ftp.sra.ebi.ac.uk/vol1/fastq/ERR137/072/ERR13765472/ERR13765472_2.fastq.gz	2769259947;2848384109	88cbe4c637d7458ec3520c80042bb49e;49d5a93da94630ccca033338d50b6754	ftp.sra.ebi.ac.uk/vol1/err/ERR137/072/ERR13765472/ERR13765472.bam	5276503884	37db2c8641cde08a761535592e5cd252	ftp.sra.ebi.ac.uk/vol1/run/ERR137/ERR13765472/W3038_R1.fastq.gz;ftp.sra.ebi.ac.uk/vol1/run/ERR137/ERR13765472/W3038_R2.fastq.gz	2906946130;2997337567	f5b6728c189787cb1d2cf2ea04f64af3;9d5be4fe858da34b0045fdf9cfd9524e			
ERR13765474	ftp.sra.ebi.ac.uk/vol1/fastq/ERR137/074/ERR13765474/ERR13765474_1.fastq.gz;ftp.sra.ebi.ac.uk/vol1/fastq/ERR137/074/ERR13765474/ERR13765474_2.fastq.gz	2111995759;2170902101	dbf62207e0a2b2fdb30217d12d36a812;7845542f6e2c79fe6aee9167015a2093	ftp.sra.ebi.ac.uk/vol1/err/ERR137/074/ERR13765474/ERR13765474.bam	4028587295	c231120fe8d68053567434f375806eeb	ftp.sra.ebi.ac.uk/vol1/run/ERR137/ERR13765474/W3046_R1.fastq.gz;ftp.sra.ebi.ac.uk/vol1/run/ERR137/ERR13765474/W3046_R2.fastq.gz	2229094251;2294988142	4f30690977d98cb99135311fae33983c;57c7621c05d9e30a124667aa67713ee7			
ERR13765476	ftp.sra.ebi.ac.uk/vol1/fastq/ERR137/076/ERR13765476/ERR13765476_1.fastq.gz;ftp.sra.ebi.ac.uk/vol1/fastq/ERR137/076/ERR13765476/ERR13765476_2.fastq.gz	2308546261;2372349526	98297ba3e35d0d1129ada04754d93e0a;55f7d16fbbb29112577cbacc4d122b38	ftp.sra.ebi.ac.uk/vol1/err/ERR137/076/ERR13765476/ERR13765476.bam	4394149818	d0f9cb0c6bac40287f717e2317efd879	ftp.sra.ebi.ac.uk/vol1/run/ERR137/ERR13765476/W3051_R1.fastq.gz;ftp.sra.ebi.ac.uk/vol1/run/ERR137/ERR13765476/W3051_R2.fastq.gz	2426445603;2499472869	02224d32e95897bad06693b90ed84ae1;2e8c0b7a4852d1d4d3c85db684a810fd			
ERR13765478	ftp.sra.ebi.ac.uk/vol1/fastq/ERR137/078/ERR13765478/ERR13765478_1.fastq.gz;ftp.sra.ebi.ac.uk/vol1/fastq/ERR137/078/ERR13765478/ERR13765478_2.fastq.gz	1791226930;1848952097	9508e9c0d62778ab3f18e8a8d9afe441;0102424db24c88d616e79f53df0626f8	ftp.sra.ebi.ac.uk/vol1/err/ERR137/078/ERR13765478/ERR13765478.bam	3424387996	cce3f3da765fb9eee34be5e7ebb5de88	ftp.sra.ebi.ac.uk/vol1/run/ERR137/ERR13765478/W3054_R1.fastq.gz;ftp.sra.ebi.ac.uk/vol1/run/ERR137/ERR13765478/W3054_R2.fastq.gz	1891449996;1955987458	11e186245b3a4d7c73d5fdc788ba2b19;22463e168615d417a10d50f2089c7d54			
ERR13765484	ftp.sra.ebi.ac.uk/vol1/fastq/ERR137/084/ERR13765484/ERR13765484_1.fastq.gz;ftp.sra.ebi.ac.uk/vol1/fastq/ERR137/084/ERR13765484/ERR13765484_2.fastq.gz	1876341776;1918268983	82bc80309dbf14aa4fbca079158d8e67;9f775db49e77938a68c13565881c7759	ftp.sra.ebi.ac.uk/vol1/err/ERR137/084/ERR13765484/ERR13765484.bam	3570248290	ffdb185d9ae62bc4348f12d38bbbb70c	ftp.sra.ebi.ac.uk/vol1/run/ERR137/ERR13765484/W3082_R1.fastq.gz;ftp.sra.ebi.ac.uk/vol1/run/ERR137/ERR13765484/W3082_R2.fastq.gz	1981323264;2028334363	feb17bd78345d6a84bc1dc6a9f88c706;48b718a5bfc8e3c5e52b31b6139e195a			
ERR13765488	ftp.sra.ebi.ac.uk/vol1/fastq/ERR137/088/ERR13765488/ERR13765488_1.fastq.gz;ftp.sra.ebi.ac.uk/vol1/fastq/ERR137/088/ERR13765488/ERR13765488_2.fastq.gz	2354406215;2405154861	36731dd6751b64245b208c4cc380049b;b8b6560df0a292724eceb3017c9cd364	ftp.sra.ebi.ac.uk/vol1/err/ERR137/088/ERR13765488/ERR13765488.bam	4475365334	ff5c9aa8282a536919318b0fa5ac9e8b	ftp.sra.ebi.ac.uk/vol1/run/ERR137/ERR13765488/W3092_R1.fastq.gz;ftp.sra.ebi.ac.uk/vol1/run/ERR137/ERR13765488/W3092_R2.fastq.gz	2482019785;2539234169	98eeff63fdbeedd9e3803779fa298370;462d5c07b9cae1226a22e235b7c2c7e1			
ERR13765491	ftp.sra.ebi.ac.uk/vol1/fastq/ERR137/091/ERR13765491/ERR13765491_1.fastq.gz;ftp.sra.ebi.ac.uk/vol1/fastq/ERR137/091/ERR13765491/ERR13765491_2.fastq.gz	3011026705;2877117865	8a2edc31cc243868b681fc183acd691e;1b6dc574ed782683118ab5d461306686	ftp.sra.ebi.ac.uk/vol1/err/ERR137/091/ERR13765491/ERR13765491.bam	5613944007	7c3e52097d175ef48ec5aa6540384c26	ftp.sra.ebi.ac.uk/vol1/run/ERR137/ERR13765491/Gla4_1.1.fastq.gz;ftp.sra.ebi.ac.uk/vol1/run/ERR137/ERR13765491/Gla4_2.1.fastq.gz	3058453018;2915555374	7f08ad88c6dead88ad0dcd337087feec;4847352c354dcdf1789737a9043aee84			
ERR13765492	ftp.sra.ebi.ac.uk/vol1/fastq/ERR137/092/ERR13765492/ERR13765492_1.fastq.gz;ftp.sra.ebi.ac.uk/vol1/fastq/ERR137/092/ERR13765492/ERR13765492_2.fastq.gz	3201743999;3496596532	c84f7c8040e74d15f012d394ae24bc58;a6b2be3b9e6b652f22ebdcb04013a535	ftp.sra.ebi.ac.uk/vol1/err/ERR137/092/ERR13765492/ERR13765492.bam	6587022820	6f5fe46b4096adddc6e4d8b4a8199c1e	ftp.sra.ebi.ac.uk/vol1/run/ERR137/ERR13765492/GP100_1.1.fastq.gz;ftp.sra.ebi.ac.uk/vol1/run/ERR137/ERR13765492/GP100_2.1.fastq.gz	3063371290;3357656648	be0d1886d6d1600ad55b1736a7bb2f88;a16a70212020c213e3a8a6b2dfbce3e8			
ERR13765497	ftp.sra.ebi.ac.uk/vol1/fastq/ERR137/097/ERR13765497/ERR13765497_1.fastq.gz;ftp.sra.ebi.ac.uk/vol1/fastq/ERR137/097/ERR13765497/ERR13765497_2.fastq.gz	3161579673;3392553270	c37dff12e590a81130eeae686ead2040;d03b70945d432fb7aa134d33e7a37cbb	ftp.sra.ebi.ac.uk/vol1/err/ERR137/097/ERR13765497/ERR13765497.bam	6424622198	1a88c309f3b40ebed9c849a86daae573	ftp.sra.ebi.ac.uk/vol1/run/ERR137/ERR13765497/GP524_1.1.fastq.gz;ftp.sra.ebi.ac.uk/vol1/run/ERR137/ERR13765497/GP524_2.1.fastq.gz	3028899222;3257851308	89023f5f40b0cfa885530b782c9f2029;d32ec4de813ebb3b1675490e1ce0b162			
ERR13765505	ftp.sra.ebi.ac.uk/vol1/fastq/ERR137/005/ERR13765505/ERR13765505_1.fastq.gz;ftp.sra.ebi.ac.uk/vol1/fastq/ERR137/005/ERR13765505/ERR13765505_2.fastq.gz	29934576074;31364385213	13e43841d744cdedfaf5ac591d3bcaa2;05b89a2364e2bb5e714ad80d58df3a80	ftp.sra.ebi.ac.uk/vol1/err/ERR137/005/ERR13765505/ERR13765505.bam	58441954312	a75d01e28b9d69e4afb95872e896dfa0	ftp.sra.ebi.ac.uk/vol1/run/ERR137/ERR13765505/Gla4_HIC_R1.fastq.gz;ftp.sra.ebi.ac.uk/vol1/run/ERR137/ERR13765505/Gla4_HIC_R2.fastq.gz	28618190385;30058968849	c99814c0ba35ffcf94cf22deb4e0fb80;5f2b2a482e5dcbef85e81cdeb808f80b			
ERR13765506	ftp.sra.ebi.ac.uk/vol1/fastq/ERR137/006/ERR13765506/ERR13765506_1.fastq.gz;ftp.sra.ebi.ac.uk/vol1/fastq/ERR137/006/ERR13765506/ERR13765506_2.fastq.gz	19549305130;17418265880	a8c071a968455095c18100cb9ae399e3;404fc1cd6af32949ee7c47f7642d07cd	ftp.sra.ebi.ac.uk/vol1/err/ERR137/006/ERR13765506/ERR13765506.bam	36361181384	88579903d9e54fa006512385510c0fe1	ftp.sra.ebi.ac.uk/vol1/run/ERR137/ERR13765506/W0103_HIC_R1.fastq.gz;ftp.sra.ebi.ac.uk/vol1/run/ERR137/ERR13765506/W0103_HIC_R2.fastq.gz	20165894032;18351432415	29603ac0e08ec1e0ffe1160dd1f5f134;d909714f47562e2788bfba576f810c3d			
ERR13765509	ftp.sra.ebi.ac.uk/vol1/fastq/ERR137/009/ERR13765509/ERR13765509_1.fastq.gz;ftp.sra.ebi.ac.uk/vol1/fastq/ERR137/009/ERR13765509/ERR13765509_2.fastq.gz	20139543363;17870838195	eb27a470b3425a207f17563d0a581a95;2295a01c9a5ae0895c8bc4512ce4c2d1	ftp.sra.ebi.ac.uk/vol1/err/ERR137/009/ERR13765509/ERR13765509.bam	37390929164	851ac82a19052f28612b3d6de8590faf	ftp.sra.ebi.ac.uk/vol1/run/ERR137/ERR13765509/W0164_HIC_R1.fastq.gz;ftp.sra.ebi.ac.uk/vol1/run/ERR137/ERR13765509/W0164_HIC_R2.fastq.gz	20783398759;18848094321	31e9b46ccab32eb3bd7fcda77b925881;6a3aa704d65decc77a1bd0719da6772e			
ERR13765522	ftp.sra.ebi.ac.uk/vol1/fastq/ERR137/022/ERR13765522/ERR13765522_1.fastq.gz;ftp.sra.ebi.ac.uk/vol1/fastq/ERR137/022/ERR13765522/ERR13765522_2.fastq.gz	20509408040;18843571093	a185f8c475772cdbb60e439553dae5fc;240ed360615c080db1e90087e94cd06a	ftp.sra.ebi.ac.uk/vol1/err/ERR137/022/ERR13765522/ERR13765522.bam	38698145408	252b7630ed6df35c6550d88cb9cc2fd5	ftp.sra.ebi.ac.uk/vol1/run/ERR137/ERR13765522/W1787_HIC_R1.fastq.gz;ftp.sra.ebi.ac.uk/vol1/run/ERR137/ERR13765522/W1787_HIC_R2.fastq.gz	21131361803;19763936316	f1e67439670cde0ed5efb7b0fa2ea03a;8d9b394e594e4230cc5bf527f4023657			
ERR13765525	ftp.sra.ebi.ac.uk/vol1/fastq/ERR137/025/ERR13765525/ERR13765525_1.fastq.gz;ftp.sra.ebi.ac.uk/vol1/fastq/ERR137/025/ERR13765525/ERR13765525_2.fastq.gz	19390489108;17895651281	a701972397ff741e7baf306a1fcdaea7;c0ad980046afee813e0e8d0525cdfb02	ftp.sra.ebi.ac.uk/vol1/err/ERR137/025/ERR13765525/ERR13765525.bam	36666381042	b09de237cc9b85ba6dc3f85beb414b8f	ftp.sra.ebi.ac.uk/vol1/run/ERR137/ERR13765525/W2099_HIC_R1.fastq.gz;ftp.sra.ebi.ac.uk/vol1/run/ERR137/ERR13765525/W2099_HIC_R2.fastq.gz	19981423953;18758676735	b4d4a59a6f0a0c6650234385082d6417;c1462ff86eebd3b331fbd8c41de89710			
ERR13765532	ftp.sra.ebi.ac.uk/vol1/fastq/ERR137/032/ERR13765532/ERR13765532_1.fastq.gz;ftp.sra.ebi.ac.uk/vol1/fastq/ERR137/032/ERR13765532/ERR13765532_2.fastq.gz	20073405329;18639824160	babb0a9523a730454f79eb108ce7cf4f;3fb105666ca85c09f15a8d138fc3d502	ftp.sra.ebi.ac.uk/vol1/err/ERR137/032/ERR13765532/ERR13765532.bam	38072227399	9d2e0a0da480f0d087313d35c0c7326e	ftp.sra.ebi.ac.uk/vol1/run/ERR137/ERR13765532/W3066_HIC_R1.fastq.gz;ftp.sra.ebi.ac.uk/vol1/run/ERR137/ERR13765532/W3066_HIC_R2.fastq.gz	20687679404;19526718103	a1fdb91957f6aa0547705fd98a8b2d56;fc29445f90e98633c30edaf359e1bd0b			
ERR13765534	ftp.sra.ebi.ac.uk/vol1/fastq/ERR137/034/ERR13765534/ERR13765534_1.fastq.gz;ftp.sra.ebi.ac.uk/vol1/fastq/ERR137/034/ERR13765534/ERR13765534_2.fastq.gz	18745298491;18997499653	e796146aa96323eb4db1bbcee2502d29;373f51834cdc80a676bf8bff507750b5	ftp.sra.ebi.ac.uk/vol1/err/ERR137/034/ERR13765534/ERR13765534.bam	37092413710	e43dfefa354302b45ea747f44169cddb	ftp.sra.ebi.ac.uk/vol1/run/ERR137/ERR13765534/W3086_HIC_R1.fastq.gz;ftp.sra.ebi.ac.uk/vol1/run/ERR137/ERR13765534/W3086_HIC_R2.fastq.gz	19308328978;19694809231	245c2241bd8754a1167cd6b325d8b831;9a38b859764d054c4b381cab878c0508			
ERR13336040	ftp.sra.ebi.ac.uk/vol1/fastq/ERR133/040/ERR13336040/ERR13336040.fastq.gz	42193583668	ffdc7ac8033d56a4bb665d8ce50af597	ftp.sra.ebi.ac.uk/vol1/err/ERR133/040/ERR13336040/ERR13336040.bam	40704651385	262f90c50ab93fcfb2c3d352e435e38b	ftp.sra.ebi.ac.uk/vol1/run/ERR133/ERR13336040/GP119.ont.fastq.gz	42098713486	06282d2b239f047e1090b1b2b719cc6b			
ERR13336048	ftp.sra.ebi.ac.uk/vol1/fastq/ERR133/048/ERR13336048/ERR13336048.fastq.gz	36291666312	7b5fba2bbea5113bb114364f736764bf	ftp.sra.ebi.ac.uk/vol1/err/ERR133/048/ERR13336048/ERR13336048.bam	35033090483	b5e5f86dc49f50189a48daf2e56da201	ftp.sra.ebi.ac.uk/vol1/run/ERR133/ERR13336048/W1080.ont.fastq.gz	36214054973	323f190d490a85d63be6bc1cef21554d			
ERR13336049	ftp.sra.ebi.ac.uk/vol1/fastq/ERR133/049/ERR13336049/ERR13336049.fastq.gz	34938569969	bd6fee3844a87c18c86bcd84b0f1bcca	ftp.sra.ebi.ac.uk/vol1/err/ERR133/049/ERR13336049/ERR13336049.bam	33727269554	544fa42f292fa0d71e78ac32561a69d6	ftp.sra.ebi.ac.uk/vol1/run/ERR133/ERR13336049/W1723.ont.fastq.gz	34863685352	e0b456c68eed12dca9c8b6a77d678f86			
ERR13336051	ftp.sra.ebi.ac.uk/vol1/fastq/ERR133/051/ERR13336051/ERR13336051.fastq.gz	42564344945	5e40a4a3bf904eeb300d504cf3bb2725	ftp.sra.ebi.ac.uk/vol1/err/ERR133/051/ERR13336051/ERR13336051.bam	41107009782	28bb095ed2274ed9c298ddf7abdb3823	ftp.sra.ebi.ac.uk/vol1/run/ERR133/ERR13336051/W2053.ont.fastq.gz	42472988066	2fd541e1e7c8a3b2d616f60dc8e6f978			
ERR13336053	ftp.sra.ebi.ac.uk/vol1/fastq/ERR133/053/ERR13336053/ERR13336053.fastq.gz	34084394235	29b66f5e76379ec89ed6039ebaa501c6	ftp.sra.ebi.ac.uk/vol1/err/ERR133/053/ERR13336053/ERR13336053.bam	32909117306	5a0efaf4f289a310d7d2b5ed18b19a89	ftp.sra.ebi.ac.uk/vol1/run/ERR133/ERR13336053/W3007.ont.fastq.gz	34012199030	2fc2d2c5ad2e768560608670527fc6e4			
ERR13336055							ftp.sra.ebi.ac.uk/vol1/run/ERR133/ERR13336055/W3040.ont.fastq.gz	45089158218	caa276306dccb848340a02e5782f09b2			
ERR13336058	ftp.sra.ebi.ac.uk/vol1/fastq/ERR133/058/ERR13336058/ERR13336058.fastq.gz	11627179690	18263379fdbbe6dd1a3609e5deaee5c9	ftp.sra.ebi.ac.uk/vol1/err/ERR133/058/ERR13336058/ERR13336058.bam	11446742646	36a4488617cc7cb5044ce0a4360f499c	ftp.sra.ebi.ac.uk/vol1/run/ERR133/ERR13336058/GP100.hifi.fastq.gz	11601687588	a5ec50238946fa4b481525d279137063			
ERR13336060	ftp.sra.ebi.ac.uk/vol1/fastq/ERR133/060/ERR13336060/ERR13336060.fastq.gz	5489941941	b8c3dd0fa842b35cf6f1657ce9613468	ftp.sra.ebi.ac.uk/vol1/err/ERR133/060/ERR13336060/ERR13336060.bam	5416714095	e39273281f8125589fb5abbdea49831d	ftp.sra.ebi.ac.uk/vol1/run/ERR133/ERR13336060/GP505.hifi.fastq.gz	5477793286	0fda1966317d87b61dc5f882f4ecf65b			
ERR13336064	ftp.sra.ebi.ac.uk/vol1/fastq/ERR133/064/ERR13336064/ERR13336064.fastq.gz	8031248454	19c31554ace0af0dddc88a3f0651b58b	ftp.sra.ebi.ac.uk/vol1/err/ERR133/064/ERR13336064/ERR13336064.bam	7849055075	8e6d30f67e536a58f2748bbe8c1d9602	ftp.sra.ebi.ac.uk/vol1/run/ERR133/ERR13336064/Nip_hifi_20x.fastq.gz	8009988921	0ed297dcef3338f242d3589f6539b373			
ERR13336069	ftp.sra.ebi.ac.uk/vol1/fastq/ERR133/069/ERR13336069/ERR13336069.fastq.gz	8271136701	0c40c4763013278608a861bcf825a4be	ftp.sra.ebi.ac.uk/vol1/err/ERR133/069/ERR13336069/ERR13336069.bam	8123904538	899a0ed648ca86fae6017fd461326c64	ftp.sra.ebi.ac.uk/vol1/run/ERR133/ERR13336069/W0107.hifi.fastq.gz	8251993140	b3e84f160b0e92ec2e1438c152ec9a66			
ERR13336071	ftp.sra.ebi.ac.uk/vol1/fastq/ERR133/071/ERR13336071/ERR13336071.fastq.gz	7106611389	41da702ff80fae99650f6a43aafd89f3	ftp.sra.ebi.ac.uk/vol1/err/ERR133/071/ERR13336071/ERR13336071.bam	6966407537	85093d5a9fa150b8459f4a3b1fde0129	ftp.sra.ebi.ac.uk/vol1/run/ERR133/ERR13336071/W0133.hifi.fastq.gz	7086181299	ddcb79b2aad6954eee6355936130327d			
ERR13336074	ftp.sra.ebi.ac.uk/vol1/fastq/ERR133/074/ERR13336074/ERR13336074.fastq.gz	7911713873	e49f8e20391a57325a0e7fdd6a16c299	ftp.sra.ebi.ac.uk/vol1/err/ERR133/074/ERR13336074/ERR13336074.bam	7730396593	aa0e27444bda06071ef417d642f71ec2	ftp.sra.ebi.ac.uk/vol1/run/ERR133/ERR13336074/W0137.hifi.fastq.gz	7889638752	dffed2025a6c6372793ad2ff09911668			
ERR13336079	ftp.sra.ebi.ac.uk/vol1/fastq/ERR133/079/ERR13336079/ERR13336079.fastq.gz	7414031430	e2b684a30e743aed2b900016e8918824	ftp.sra.ebi.ac.uk/vol1/err/ERR133/079/ERR13336079/ERR13336079.bam	7299412814	3e45b94f63a5410bf34136a7a5eccca0	ftp.sra.ebi.ac.uk/vol1/run/ERR133/ERR13336079/W0157.hifi.fastq.gz	7393935258	6f25c0002735951fc3418c4fdb5611fb			
ERR13336080	ftp.sra.ebi.ac.uk/vol1/fastq/ERR133/080/ERR13336080/ERR13336080.fastq.gz	6424540477	a1f0c3bf950162b960c82a9614de144e	ftp.sra.ebi.ac.uk/vol1/err/ERR133/080/ERR13336080/ERR13336080.bam	6330274849	05534b8f82196cb213c7abd904ca9ae8	ftp.sra.ebi.ac.uk/vol1/run/ERR133/ERR13336080/W0164.hifi.fastq.gz	6407045599	9383b8464877221695723d19d1137068			
ERR13336083	ftp.sra.ebi.ac.uk/vol1/fastq/ERR133/083/ERR13336083/ERR13336083.fastq.gz	10336577448	566a3a97355d0fff65ed7cd71e27fdf3	ftp.sra.ebi.ac.uk/vol1/err/ERR133/083/ERR13336083/ERR13336083.bam	10130697445	9deeb41cc860b05d31dc297c3d56ec22	ftp.sra.ebi.ac.uk/vol1/run/ERR133/ERR13336083/W0171.hifi.fastq.gz	10308456305	f1a7fc71ad93b50632f94a184ac19000			
ERR13336086	ftp.sra.ebi.ac.uk/vol1/fastq/ERR133/086/ERR13336086/ERR13336086.fastq.gz	7680462831	c7ad9a6ee368ea98cdad963fe3a5df46	ftp.sra.ebi.ac.uk/vol1/err/ERR133/086/ERR13336086/ERR13336086.bam	7532331565	ced0c1a137617db320697a78318ba491	ftp.sra.ebi.ac.uk/vol1/run/ERR133/ERR13336086/W0234.hifi.fastq.gz	7660519264	d5723c536fd9e5e9ad8ff5add0eedbd7			
ERR13336091	ftp.sra.ebi.ac.uk/vol1/fastq/ERR133/091/ERR13336091/ERR13336091.fastq.gz	7059688062	dba7b0652e636e53e23c9b3c7b5c93b3	ftp.sra.ebi.ac.uk/vol1/err/ERR133/091/ERR13336091/ERR13336091.bam	6935735006	053ce5dbc608f14377d50da297d1771b	ftp.sra.ebi.ac.uk/vol1/run/ERR133/ERR13336091/W0600.hifi.fastq.gz	7041539646	a79b2427fa589d862abbe66b9fff8bf6			
ERR13336093	ftp.sra.ebi.ac.uk/vol1/fastq/ERR133/093/ERR13336093/ERR13336093.fastq.gz	10205087014	35de380fbf40876a44a9359cd4196e5a	ftp.sra.ebi.ac.uk/vol1/err/ERR133/093/ERR13336093/ERR13336093.bam	9994656314	9aa28d0789b1fdf629a71d59d6cc2761	ftp.sra.ebi.ac.uk/vol1/run/ERR133/ERR13336093/W0630.hifi.fastq.gz	10178006767	706e3b9a7b803d0b83a35a2068fff049			
ERR13336099	ftp.sra.ebi.ac.uk/vol1/fastq/ERR133/099/ERR13336099/ERR13336099.fastq.gz	10144005219	4960cf06c6e90ba999401ca66005f4d2	ftp.sra.ebi.ac.uk/vol1/err/ERR133/099/ERR13336099/ERR13336099.bam	9971322827	4072ef4b823a1bc74c4bbbc2d95cd2fc	ftp.sra.ebi.ac.uk/vol1/run/ERR133/ERR13336099/W1107.hifi.fastq.gz	10114822860	430b3f7aee9da6b32bb764e6b271d56c			
ERR13336101	ftp.sra.ebi.ac.uk/vol1/fastq/ERR133/001/ERR13336101/ERR13336101.fastq.gz	8350181402	9c8251635ad47042711b57cc52eb6a71	ftp.sra.ebi.ac.uk/vol1/err/ERR133/001/ERR13336101/ERR13336101.bam	8162358879	a035816fff8a6e41ac1426c49339ab80	ftp.sra.ebi.ac.uk/vol1/run/ERR133/ERR13336101/W1126.hifi.fastq.gz	8328625356	c97203a33d0245858de4a04daf65ebc4			
ERR13336102	ftp.sra.ebi.ac.uk/vol1/fastq/ERR133/002/ERR13336102/ERR13336102.fastq.gz	7740804098	042bd7197ab143b6d9fce3e89871fee6	ftp.sra.ebi.ac.uk/vol1/err/ERR133/002/ERR13336102/ERR13336102.bam	7597532469	daabd422d17ed3f13b5702d16ae2dfcf	ftp.sra.ebi.ac.uk/vol1/run/ERR133/ERR13336102/W1142.hifi.fastq.gz	7719295671	fa10f1d9f8742460f7b857f657a36b80			
ERR13336103	ftp.sra.ebi.ac.uk/vol1/fastq/ERR133/003/ERR13336103/ERR13336103.fastq.gz	6416370755	6b6220f5b742c97465c6f28c3e414b1c	ftp.sra.ebi.ac.uk/vol1/err/ERR133/003/ERR13336103/ERR13336103.bam	6303665911	f0755979748b4896f559faa092198c7a	ftp.sra.ebi.ac.uk/vol1/run/ERR133/ERR13336103/W1214.hifi.fastq.gz	6398549648	4805880c46854747af5f37e375bb564e			
ERR13336108	ftp.sra.ebi.ac.uk/vol1/fastq/ERR133/008/ERR13336108/ERR13336108.fastq.gz	9798653050	1746587dab85911afa4acdd21257d699	ftp.sra.ebi.ac.uk/vol1/err/ERR133/008/ERR13336108/ERR13336108.bam	9613494129	46167e372eaf4d46675adbf10b674752	ftp.sra.ebi.ac.uk/vol1/run/ERR133/ERR13336108/W1550.hifi.fastq.gz	9771783196	ccb4951f43f4c2ad3b5bc6f23ad46753			
ERR13336109	ftp.sra.ebi.ac.uk/vol1/fastq/ERR133/009/ERR13336109/ERR13336109.fastq.gz	8690432472	98222c1a4cf98f26481e9a8cb30af0da	ftp.sra.ebi.ac.uk/vol1/err/ERR133/009/ERR13336109/ERR13336109.bam	8523587168	01fcefde072493acee6732d3249dcccc	ftp.sra.ebi.ac.uk/vol1/run/ERR133/ERR13336109/W1552.hifi.fastq.gz	8666995768	fd11039d17921336c9eac59ca2c36c45			
ERR13336114	ftp.sra.ebi.ac.uk/vol1/fastq/ERR133/014/ERR13336114/ERR13336114.fastq.gz	8394775036	4e6a2662fee4cdb5852e4fd7cd61f818	ftp.sra.ebi.ac.uk/vol1/err/ERR133/014/ERR13336114/ERR13336114.bam	8227385335	d67fa7822716ddef145c041d1e5f1a9f	ftp.sra.ebi.ac.uk/vol1/run/ERR133/ERR13336114/W1619.hifi.fastq.gz	8372483999	23f94f971e87b4eafcfd1d760f81ac57			
ERR13336122	ftp.sra.ebi.ac.uk/vol1/fastq/ERR133/022/ERR13336122/ERR13336122.fastq.gz	7849155755	2c00fc1503e250de6390265dcdadde0c	ftp.sra.ebi.ac.uk/vol1/err/ERR133/022/ERR13336122/ERR13336122.bam	7713325401	2722e48cd5f53c7b39843bf4c3d8c9a8	ftp.sra.ebi.ac.uk/vol1/run/ERR133/ERR13336122/W1726.hifi.fastq.gz	7828950852	e3119bdd62a8386734f5f03f98cbf958			
ERR13336127	ftp.sra.ebi.ac.uk/vol1/fastq/ERR133/027/ERR13336127/ERR13336127.fastq.gz	7826488757	e16a58864cf2e8908ca3471e4d960544	ftp.sra.ebi.ac.uk/vol1/err/ERR133/027/ERR13336127/ERR13336127.bam	7683546133	670c34795c395edadb6e40a1bda0928b	ftp.sra.ebi.ac.uk/vol1/run/ERR133/ERR13336127/W1737.hifi.fastq.gz	7804970365	6d3da677438cfc8a9e546013794e9f04			
ERR13336137	ftp.sra.ebi.ac.uk/vol1/fastq/ERR133/037/ERR13336137/ERR13336137.fastq.gz	10836230977	865442b2c98e17a2cd2c44182f44e32f	ftp.sra.ebi.ac.uk/vol1/err/ERR133/037/ERR13336137/ERR13336137.bam	10598093020	c205a96c28fe427673a1068ad1f113f6	ftp.sra.ebi.ac.uk/vol1/run/ERR133/ERR13336137/W1859.hifi.fastq.gz	10807410190	fba2dadfd67c08f074bad161c0cf9947			
ERR13336143	ftp.sra.ebi.ac.uk/vol1/fastq/ERR133/043/ERR13336143/ERR13336143.fastq.gz	7594910723	7f5eccaf0651770909e777bdddb3149a	ftp.sra.ebi.ac.uk/vol1/err/ERR133/043/ERR13336143/ERR13336143.bam	7447202154	265de8510edbfc9cf8a03869d99fcbfb	ftp.sra.ebi.ac.uk/vol1/run/ERR133/ERR13336143/W1943.hifi.fastq.gz	7574090096	7d15425b4cda1f15fecd76e670d99ef5			
ERR13336148	ftp.sra.ebi.ac.uk/vol1/fastq/ERR133/048/ERR13336148/ERR13336148.fastq.gz	8282098482	35fbfa4b73375b8bf093c452c2019384	ftp.sra.ebi.ac.uk/vol1/err/ERR133/048/ERR13336148/ERR13336148.bam	8115236201	23600523f0387b1ac596e1bc560ed026	ftp.sra.ebi.ac.uk/vol1/run/ERR133/ERR13336148/W2036.hifi.fastq.gz	8258713503	cb7baaa7c6c53f242fcfd24b0b6cbac8			
ERR13336149	ftp.sra.ebi.ac.uk/vol1/fastq/ERR133/049/ERR13336149/ERR13336149.fastq.gz	11244097327	1789625911e0798f7512023b2bd6ae37	ftp.sra.ebi.ac.uk/vol1/err/ERR133/049/ERR13336149/ERR13336149.bam	11036994302	79df6211083e244425d8b873f73479c6	ftp.sra.ebi.ac.uk/vol1/run/ERR133/ERR13336149/W2051.hifi.fastq.gz	11215285788	a363dad6d328e525d0735435e783d5c3			
ERR13336150	ftp.sra.ebi.ac.uk/vol1/fastq/ERR133/050/ERR13336150/ERR13336150.fastq.gz	7001764803	09567afa09ba6df36f71f2563e0309cb	ftp.sra.ebi.ac.uk/vol1/err/ERR133/050/ERR13336150/ERR13336150.bam	6854698645	7cde30b48c83b50b8dcdf6d79a5971b5	ftp.sra.ebi.ac.uk/vol1/run/ERR133/ERR13336150/W2064.hifi.fastq.gz	6983550018	f45d19cf0f5b2314187d3ef292ab8472			
ERR13336153	ftp.sra.ebi.ac.uk/vol1/fastq/ERR133/053/ERR13336153/ERR13336153.fastq.gz	7977590463	12866f02ad4c83dccad0ba4d66c54703	ftp.sra.ebi.ac.uk/vol1/err/ERR133/053/ERR13336153/ERR13336153.bam	7848145878	8126ffaf426f78775a9d74a5b6ef9dc0	ftp.sra.ebi.ac.uk/vol1/run/ERR133/ERR13336153/W2108.hifi.fastq.gz	7957182012	d52fc839f050ae377d5452c272a4ea2e			
ERR13336161	ftp.sra.ebi.ac.uk/vol1/fastq/ERR133/061/ERR13336161/ERR13336161.fastq.gz	7389833818	2d74c693a0923eef109146c625720ffb	ftp.sra.ebi.ac.uk/vol1/err/ERR133/061/ERR13336161/ERR13336161.bam	7240056642	8aa0d34c7f0694d9d77de3d6b2760ecc	ftp.sra.ebi.ac.uk/vol1/run/ERR133/ERR13336161/W2318.hifi.fastq.gz	7370373638	3ed819756f1be1feec057074dec45f79			
ERR13336164	ftp.sra.ebi.ac.uk/vol1/fastq/ERR133/064/ERR13336164/ERR13336164.fastq.gz	8423447218	5d397e61d67b24a59878ef9f0ff42274	ftp.sra.ebi.ac.uk/vol1/err/ERR133/064/ERR13336164/ERR13336164.bam	8242558507	5230274cf1b1ab22f6729a695a712c38	ftp.sra.ebi.ac.uk/vol1/run/ERR133/ERR13336164/W2321.hifi.fastq.gz	8399418319	ef208d29f7d6c3af42e6598786927ba5			
ERR13336165	ftp.sra.ebi.ac.uk/vol1/fastq/ERR133/065/ERR13336165/ERR13336165.fastq.gz	11328128270	e93b469cec45276c435113498fb7218d	ftp.sra.ebi.ac.uk/vol1/err/ERR133/065/ERR13336165/ERR13336165.bam	11143339165	5ef988942445c94812695940a91eccac	ftp.sra.ebi.ac.uk/vol1/run/ERR133/ERR13336165/W2332.hifi.fastq.gz	11298482494	93197c4532558341fa4db966ba0ffd71			
ERR13336166	ftp.sra.ebi.ac.uk/vol1/fastq/ERR133/066/ERR13336166/ERR13336166.fastq.gz	7435167870	44e091d67977785b366f26481708c3fc	ftp.sra.ebi.ac.uk/vol1/err/ERR133/066/ERR13336166/ERR13336166.bam	7290451525	9faf734581220cfe6b4654a1f43ab91c	ftp.sra.ebi.ac.uk/vol1/run/ERR133/ERR13336166/W3000.hifi.fastq.gz	7414471452	f6df89982705ab7ac333f3f650927d0a			
ERR13336167	ftp.sra.ebi.ac.uk/vol1/fastq/ERR133/067/ERR13336167/ERR13336167.fastq.gz	11729412771	cfa0161158de097546445c4fd4c687b4	ftp.sra.ebi.ac.uk/vol1/err/ERR133/067/ERR13336167/ERR13336167.bam	11569567113	c2d20b14ad3e853770160a1b88ead61e	ftp.sra.ebi.ac.uk/vol1/run/ERR133/ERR13336167/W3009.hifi.fastq.gz	11703658153	de110efe87048cacacafb5f099a44ce5			
ERR13336168	ftp.sra.ebi.ac.uk/vol1/fastq/ERR133/068/ERR13336168/ERR13336168.fastq.gz	9271192217	d26ae320df0f33d2ddae63b752a9319c	ftp.sra.ebi.ac.uk/vol1/err/ERR133/068/ERR13336168/ERR13336168.bam	9095149251	824b0e3574560e9940af873c9cf292cb	ftp.sra.ebi.ac.uk/vol1/run/ERR133/ERR13336168/W3012.hifi.fastq.gz	9251063669	1cdca48f4360656f61cc19202352125d			
ERR13336169	ftp.sra.ebi.ac.uk/vol1/fastq/ERR133/069/ERR13336169/ERR13336169.fastq.gz	7532726934	a36053207d3dc3b87a8a0e1da5d8a746	ftp.sra.ebi.ac.uk/vol1/err/ERR133/069/ERR13336169/ERR13336169.bam	7394862422	ec0b11f2421184fc228c9a0f5daf8efc	ftp.sra.ebi.ac.uk/vol1/run/ERR133/ERR13336169/W3029.hifi.fastq.gz	7511787281	17ed2c64680846832fb1524d8db89c32			
ERR13336179	ftp.sra.ebi.ac.uk/vol1/fastq/ERR133/079/ERR13336179/ERR13336179.fastq.gz	8076229084	16d4c6f332aed21b9105613d1b2ead7a	ftp.sra.ebi.ac.uk/vol1/err/ERR133/079/ERR13336179/ERR13336179.bam	7917082756	02403308482d333cf93a51cd26db5158	ftp.sra.ebi.ac.uk/vol1/run/ERR133/ERR13336179/W3063.hifi.fastq.gz	8053316946	13fbbe3e795f3c98b11aa2d37ae3a299			
ERR13336180	ftp.sra.ebi.ac.uk/vol1/fastq/ERR133/080/ERR13336180/ERR13336180.fastq.gz	7428582493	9ab8e3f8dafd192117f8c0efad0ae679	ftp.sra.ebi.ac.uk/vol1/err/ERR133/080/ERR13336180/ERR13336180.bam	7308871453	12b7c7a8c42c8243c8911e515c40c658	ftp.sra.ebi.ac.uk/vol1/run/ERR133/ERR13336180/W3066.hifi.fastq.gz	7411482495	1d3732371654325463794afc0d7b8451			
ERR13336182	ftp.sra.ebi.ac.uk/vol1/fastq/ERR133/082/ERR13336182/ERR13336182.fastq.gz	8529299455	ab9ce161b78c81623bf3f1dd4e2f137c	ftp.sra.ebi.ac.uk/vol1/err/ERR133/082/ERR13336182/ERR13336182.bam	8365454895	a045320e80478f000b02cd892723d6d4	ftp.sra.ebi.ac.uk/vol1/run/ERR133/ERR13336182/W3074.hifi.fastq.gz	8505156022	8535866b72138237dd2b7af6aaf023c0			
ERR13336185	ftp.sra.ebi.ac.uk/vol1/fastq/ERR133/085/ERR13336185/ERR13336185.fastq.gz	7197229476	303ab81ee4318b7ac94d3de9177d15d7	ftp.sra.ebi.ac.uk/vol1/err/ERR133/085/ERR13336185/ERR13336185.bam	7061878142	b7925787bce5a51d8863ff662901781a	ftp.sra.ebi.ac.uk/vol1/run/ERR133/ERR13336185/W3088.hifi.fastq.gz	7177851371	048c7a1331867d5b546c3bb3767007b1			
ERR13336190	ftp.sra.ebi.ac.uk/vol1/fastq/ERR133/090/ERR13336190/ERR13336190_1.fastq.gz;ftp.sra.ebi.ac.uk/vol1/fastq/ERR133/090/ERR13336190/ERR13336190_2.fastq.gz	34930113836;36377196359	1cd642bafafe655a0a98b6812f51c0b9;d02c10503c40aa328edf2489ed7447c1	ftp.sra.ebi.ac.uk/vol1/err/ERR133/090/ERR13336190/ERR13336190.bam	67949577930	6ab71320ad5bc4f7fb050e955b34d1ee	ftp.sra.ebi.ac.uk/vol1/run/ERR133/ERR13336190/W1943_HIC_R1.fastq.gz;ftp.sra.ebi.ac.uk/vol1/run/ERR133/ERR13336190/W1943_HIC_R2.fastq.gz	33373969329;34837527096	b296403409f5670e81fe9a6a10956285;22c9e1ede092d9558224978534a9cd68			
ERR13336191	ftp.sra.ebi.ac.uk/vol1/fastq/ERR133/091/ERR13336191/ERR13336191_1.fastq.gz;ftp.sra.ebi.ac.uk/vol1/fastq/ERR133/091/ERR13336191/ERR13336191_2.fastq.gz	2752088069;2939355781	025430895a11cf4337fc19d8b47565da;e074dfead9c65600cf524b7fac5c52e7	ftp.sra.ebi.ac.uk/vol1/err/ERR133/091/ERR13336191/ERR13336191.bam	5606019445	a0bd5f0c6fe33a72ad49c7a5afb88fa6	ftp.sra.ebi.ac.uk/vol1/run/ERR133/ERR13336191/534M_fringe_clean_1.fastq.gz;ftp.sra.ebi.ac.uk/vol1/run/ERR133/ERR13336191/534M_fringe_clean_2.fastq.gz	2667571999;2855281430	c46ea5d6379badcb5bcb7d87f1072fb8;6274d77c3dafd1c7de68a494b852a6d8			
ERR13336192	ftp.sra.ebi.ac.uk/vol1/fastq/ERR133/092/ERR13336192/ERR13336192_1.fastq.gz;ftp.sra.ebi.ac.uk/vol1/fastq/ERR133/092/ERR13336192/ERR13336192_2.fastq.gz	2695750922;2754070541	63f5ac477cc40e8559428ed715beb689;8f87a7c8e6adc233336a49d978f14e2d	ftp.sra.ebi.ac.uk/vol1/err/ERR133/092/ERR13336192/ERR13336192.bam	5240612549	4378aaa42226c662b36e83721a0f1200	ftp.sra.ebi.ac.uk/vol1/run/ERR133/ERR13336192/Gla4_fringe_clean_1.fastq.gz;ftp.sra.ebi.ac.uk/vol1/run/ERR133/ERR13336192/Gla4_fringe_clean_2.fastq.gz	2543149804;2599595301	6badaf3693dc627f4868151bd4041d3a;f20b127ac39451184ecad8eabb9be13a			
ERR13336195	ftp.sra.ebi.ac.uk/vol1/fastq/ERR133/095/ERR13336195/ERR13336195_1.fastq.gz;ftp.sra.ebi.ac.uk/vol1/fastq/ERR133/095/ERR13336195/ERR13336195_2.fastq.gz	4113531525;4324402836	c3a378e8587d4cba0d64a312f661754a;6db2a4a4eb7987eca1ec793b6e54d140	ftp.sra.ebi.ac.uk/vol1/err/ERR133/095/ERR13336195/ERR13336195.bam	8357480764	1f28210cf645efff9125a39b744a95f2	ftp.sra.ebi.ac.uk/vol1/run/ERR133/ERR13336195/GP119_fringe_clean_1.fastq.gz;ftp.sra.ebi.ac.uk/vol1/run/ERR133/ERR13336195/GP119_fringe_clean_2.fastq.gz	3968116300;4171646084	d991a8d90ed5befdeb525cbfec466d7d;a75a65df5d82fee5f46cde7c0151f3ba			
ERR13336198	ftp.sra.ebi.ac.uk/vol1/fastq/ERR133/098/ERR13336198/ERR13336198_1.fastq.gz;ftp.sra.ebi.ac.uk/vol1/fastq/ERR133/098/ERR13336198/ERR13336198_2.fastq.gz	3752877524;3966239544	7dff412498f4be737b44b42be9797dd7;075cb624953e338cdc641bf459606bb6	ftp.sra.ebi.ac.uk/vol1/err/ERR133/098/ERR13336198/ERR13336198.bam	7635786013	cc9a8552fc26b1756e5ad42a1efb3af3	ftp.sra.ebi.ac.uk/vol1/run/ERR133/ERR13336198/GP524_fringe_clean_1.fastq.gz;ftp.sra.ebi.ac.uk/vol1/run/ERR133/ERR13336198/GP524_fringe_clean_2.fastq.gz	3647058600;3857686046	8456612b7a57cfbfa1e9c2176e6a4567;05341ccaee8d5aee026cab1f0821d8f9			
ERR13336201	ftp.sra.ebi.ac.uk/vol1/fastq/ERR133/001/ERR13336201/ERR13336201_1.fastq.gz;ftp.sra.ebi.ac.uk/vol1/fastq/ERR133/001/ERR13336201/ERR13336201_2.fastq.gz	4677860985;4877715260	de726d9826e7cd246557d4950883bbab;946af48b99a993c050b9b58cbb9a98c4	ftp.sra.ebi.ac.uk/vol1/err/ERR133/001/ERR13336201/ERR13336201.bam	9407095259	17ce3ac2e34fbf2b593b232d415bbecb	ftp.sra.ebi.ac.uk/vol1/run/ERR133/ERR13336201/GP622_fringe_clean_1.fastq.gz;ftp.sra.ebi.ac.uk/vol1/run/ERR133/ERR13336201/GP622_fringe_clean_2.fastq.gz	4510696211;4706632338	85477a8d65efff3aff05b421614809c6;650233261762e6ed15ee96669a1d07eb			
ERR13336202	ftp.sra.ebi.ac.uk/vol1/fastq/ERR133/002/ERR13336202/ERR13336202_1.fastq.gz;ftp.sra.ebi.ac.uk/vol1/fastq/ERR133/002/ERR13336202/ERR13336202_2.fastq.gz	4161098806;4392785704	e245dd5b748453eec1d4eac4822461ba;b2c907dd05f5928375c35d13d0ceac1d	ftp.sra.ebi.ac.uk/vol1/err/ERR133/002/ERR13336202/ERR13336202.bam	8462681222	27f4932d7687786a803014b3fd8adf53	ftp.sra.ebi.ac.uk/vol1/run/ERR133/ERR13336202/GP635_fringe_clean_1.fastq.gz;ftp.sra.ebi.ac.uk/vol1/run/ERR133/ERR13336202/GP635_fringe_clean_2.fastq.gz	4015708557;4239979206	07c0d27183a9cbbe0f367c0fee9c411e;b2867389620315fd0d55111f4284a2d9			
ERR13336204	ftp.sra.ebi.ac.uk/vol1/fastq/ERR133/004/ERR13336204/ERR13336204_1.fastq.gz;ftp.sra.ebi.ac.uk/vol1/fastq/ERR133/004/ERR13336204/ERR13336204_2.fastq.gz	4940553024;5065880950	bed2f4a321f67704facd96177867f2a0;6b3ff93b27193398fc574ae0d08e01bf	ftp.sra.ebi.ac.uk/vol1/err/ERR133/004/ERR13336204/ERR13336204.bam	9807895715	873744bc8384c4cdd2dbc79c60cffa2d	ftp.sra.ebi.ac.uk/vol1/run/ERR133/ERR13336204/HP436_fringe_clean_1.fastq.gz;ftp.sra.ebi.ac.uk/vol1/run/ERR133/ERR13336204/HP436_fringe_clean_2.fastq.gz	4828591266;4954358115	ce3830a0a5bcad62b164f4cb2786a672;7b890cd94f3eb55d7526897dd37f4c78			
ERR13336207	ftp.sra.ebi.ac.uk/vol1/fastq/ERR133/007/ERR13336207/ERR13336207_1.fastq.gz;ftp.sra.ebi.ac.uk/vol1/fastq/ERR133/007/ERR13336207/ERR13336207_2.fastq.gz	6059764513;6261101462	db97dd8b62ee12812137d7788615cce3;580c87ba54c877125fa747ae327d3016	ftp.sra.ebi.ac.uk/vol1/err/ERR133/007/ERR13336207/ERR13336207.bam	12126906841	449057f3f63dccce25a9694a65faeef4	ftp.sra.ebi.ac.uk/vol1/run/ERR133/ERR13336207/OM1952_fringe_clean_1.fastq.gz;ftp.sra.ebi.ac.uk/vol1/run/ERR133/ERR13336207/OM1952_fringe_clean_2.fastq.gz	5853384693;6051849279	d52d86ba76efc994f9a65ac67f20510c;19eb4afe8d689ad6b547fb8390ebbdcf			
ERR13336209	ftp.sra.ebi.ac.uk/vol1/fastq/ERR133/009/ERR13336209/ERR13336209_1.fastq.gz;ftp.sra.ebi.ac.uk/vol1/fastq/ERR133/009/ERR13336209/ERR13336209_2.fastq.gz	2605830069;2598453229	39aab317287d10d654f14e8a354fc93f;ae3fe65802b2c5c702b64da9b56a273d	ftp.sra.ebi.ac.uk/vol1/err/ERR133/009/ERR13336209/ERR13336209.bam	5067133443	981bfcee2e34af3c639b439a28e2bda2	ftp.sra.ebi.ac.uk/vol1/run/ERR133/ERR13336209/W0107_fringe_clean_1.fastq.gz;ftp.sra.ebi.ac.uk/vol1/run/ERR133/ERR13336209/W0107_fringe_clean_2.fastq.gz	2478840515;2471243203	d906e80aa693304236bc5536b25b92fb;f7b8b0790753e546ed2d28afe554ac0e			
ERR13336211	ftp.sra.ebi.ac.uk/vol1/fastq/ERR133/011/ERR13336211/ERR13336211_1.fastq.gz;ftp.sra.ebi.ac.uk/vol1/fastq/ERR133/011/ERR13336211/ERR13336211_2.fastq.gz	2108867405;2305301501	cda42cb618f43b540eee1b948dbed83c;a4ef4dd2ffe90ea825afada4d4547340	ftp.sra.ebi.ac.uk/vol1/err/ERR133/011/ERR13336211/ERR13336211.bam	4350069309	a8f806b55aa9dac5f6829ca7aee4cb98	ftp.sra.ebi.ac.uk/vol1/run/ERR133/ERR13336211/W0133_fringe_clean_1.fastq.gz;ftp.sra.ebi.ac.uk/vol1/run/ERR133/ERR13336211/W0133_fringe_clean_2.fastq.gz	2012393756;2208981994	c88e071459c4e38f042f28e59fbb6321;94d4c8b37d209b1baf7d318f087cfdc4			
ERR13336213	ftp.sra.ebi.ac.uk/vol1/fastq/ERR133/013/ERR13336213/ERR13336213_1.fastq.gz;ftp.sra.ebi.ac.uk/vol1/fastq/ERR133/013/ERR13336213/ERR13336213_2.fastq.gz	3275709897;3115957772	72e5c91da376b1e62ecea81f62ae49b9;4927df4a67e6711296ab323a76a52ab7	ftp.sra.ebi.ac.uk/vol1/err/ERR133/013/ERR13336213/ERR13336213.bam	6388808774	d54f831117b6c8e80b15811fc19b3a3f	ftp.sra.ebi.ac.uk/vol1/run/ERR133/ERR13336213/W0136_fringe_clean_1.fastq.gz;ftp.sra.ebi.ac.uk/vol1/run/ERR133/ERR13336213/W0136_fringe_clean_2.fastq.gz	3157043072;2983201237	d9015bda5708475494c74c4237d80c82;844eecf553805f9370d9667cfd8f8d4c			
ERR13336215	ftp.sra.ebi.ac.uk/vol1/fastq/ERR133/015/ERR13336215/ERR13336215_1.fastq.gz;ftp.sra.ebi.ac.uk/vol1/fastq/ERR133/015/ERR13336215/ERR13336215_2.fastq.gz	2052050674;2321378422	7859b5ee1436d236fe1d5da6f5237787;ee476cc0ef2352650536be0fe064dcbe	ftp.sra.ebi.ac.uk/vol1/err/ERR133/015/ERR13336215/ERR13336215.bam	4323895931	4cbf2ba3f5689c3c6c6df69260b2c045	ftp.sra.ebi.ac.uk/vol1/run/ERR133/ERR13336215/W0145_fringe_clean_1.fastq.gz;ftp.sra.ebi.ac.uk/vol1/run/ERR133/ERR13336215/W0145_fringe_clean_2.fastq.gz	1968506150;2239301600	d8a8f9f1a62121431960f367a9ecc29a;167afe1e94ff7345e727167cddd93875			
ERR13336222	ftp.sra.ebi.ac.uk/vol1/fastq/ERR133/022/ERR13336222/ERR13336222_1.fastq.gz;ftp.sra.ebi.ac.uk/vol1/fastq/ERR133/022/ERR13336222/ERR13336222_2.fastq.gz	3192195926;3203531055	6551ec9d33841e6d5b5242d609dceb37;7af2883074fcadfd22080b65c6713ad8	ftp.sra.ebi.ac.uk/vol1/err/ERR133/022/ERR13336222/ERR13336222.bam	6417810138	c1a0e183ca61d3c8a2d8bad6cf2e8fb9	ftp.sra.ebi.ac.uk/vol1/run/ERR133/ERR13336222/W0171_fringe_clean_1.fastq.gz;ftp.sra.ebi.ac.uk/vol1/run/ERR133/ERR13336222/W0171_fringe_clean_2.fastq.gz	3076749993;3092955371	a99714e7653c2516d77a833132276c75;8becf950f7d9cff3645070e7efe128e1			
ERR13336224	ftp.sra.ebi.ac.uk/vol1/fastq/ERR133/024/ERR13336224/ERR13336224_1.fastq.gz;ftp.sra.ebi.ac.uk/vol1/fastq/ERR133/024/ERR13336224/ERR13336224_2.fastq.gz	2525333893;2725475831	b8ced4a158454dd3881c233fd5e2a30d;e4568b6c1fd2affd8a9caa25695b4789	ftp.sra.ebi.ac.uk/vol1/err/ERR133/024/ERR13336224/ERR13336224.bam	5205803757	3252ab150f633504028e9c5734050640	ftp.sra.ebi.ac.uk/vol1/run/ERR133/ERR13336224/W0180_fringe_clean_1.fastq.gz;ftp.sra.ebi.ac.uk/vol1/run/ERR133/ERR13336224/W0180_fringe_clean_2.fastq.gz	2422789309;2625000600	d49a13feaf2bc4242b2f7f096b633d1c;0c569bb8f36f0c8b8ca53374b6151418			
ERR13336231	ftp.sra.ebi.ac.uk/vol1/fastq/ERR133/031/ERR13336231/ERR13336231_1.fastq.gz;ftp.sra.ebi.ac.uk/vol1/fastq/ERR133/031/ERR13336231/ERR13336231_2.fastq.gz	2333176249;2318976248	ef3f7ea7ed4bceb665b5dccc314cac1d;b74ec743c37f8378476bbf002b7325d0	ftp.sra.ebi.ac.uk/vol1/err/ERR133/031/ERR13336231/ERR13336231.bam	4497863494	7c59fb43e6e7d077357949b5708f362c	ftp.sra.ebi.ac.uk/vol1/run/ERR133/ERR13336231/W0627_fringe_clean_1.fastq.gz;ftp.sra.ebi.ac.uk/vol1/run/ERR133/ERR13336231/W0627_fringe_clean_2.fastq.gz	2222269392;2207927842	3071db3e25f94bdf653709cc186fc974;c721c97a89e335be9d6a49700ca4b690			
ERR13336233	ftp.sra.ebi.ac.uk/vol1/fastq/ERR133/033/ERR13336233/ERR13336233_1.fastq.gz;ftp.sra.ebi.ac.uk/vol1/fastq/ERR133/033/ERR13336233/ERR13336233_2.fastq.gz	3404749607;3606903766	53c9788d7b86904827469b03aa689c11;614e4d728a79cf401ba80b6ae65e0b3c	ftp.sra.ebi.ac.uk/vol1/err/ERR133/033/ERR13336233/ERR13336233.bam	6934375610	8593be7da7279d56a00481ffc087188b	ftp.sra.ebi.ac.uk/vol1/run/ERR133/ERR13336233/W1080_fringe_clean_1.fastq.gz;ftp.sra.ebi.ac.uk/vol1/run/ERR133/ERR13336233/W1080_fringe_clean_2.fastq.gz	3284705130;3480865428	ceaf86dac6411af93fc8ec408a60a3b5;d353e1bd0b3d0a76d953ef8f16c894d9			
ERR13336235	ftp.sra.ebi.ac.uk/vol1/fastq/ERR133/035/ERR13336235/ERR13336235_1.fastq.gz;ftp.sra.ebi.ac.uk/vol1/fastq/ERR133/035/ERR13336235/ERR13336235_2.fastq.gz	2742698352;2985791523	dc57045b774f41f21b55adff6aa6b0b3;b77917cb61cc48f8e2472aec35ffcd54	ftp.sra.ebi.ac.uk/vol1/err/ERR133/035/ERR13336235/ERR13336235.bam	5649347439	8038de50a65cebf9c09ebbf6222f761f	ftp.sra.ebi.ac.uk/vol1/run/ERR133/ERR13336235/W1093_fringe_clean_1.fastq.gz;ftp.sra.ebi.ac.uk/vol1/run/ERR133/ERR13336235/W1093_fringe_clean_2.fastq.gz	2624998212;2870709103	a95857f1921616bab210932845f4c212;000bec55a9846877a660b858c9f8a074			
ERR13336238	ftp.sra.ebi.ac.uk/vol1/fastq/ERR133/038/ERR13336238/ERR13336238_1.fastq.gz;ftp.sra.ebi.ac.uk/vol1/fastq/ERR133/038/ERR13336238/ERR13336238_2.fastq.gz	3247670147;3670303870	a2021ed7da90efae18b8dbe8e2cf858c;911dcdca68ef8b37c24044cd29c2b76c	ftp.sra.ebi.ac.uk/vol1/err/ERR133/038/ERR13336238/ERR13336238.bam	6849457714	48cd0cc0c6d5725a00eab4f7bddc9fb2	ftp.sra.ebi.ac.uk/vol1/run/ERR133/ERR13336238/W1236_fringe_clean_1.fastq.gz;ftp.sra.ebi.ac.uk/vol1/run/ERR133/ERR13336238/W1236_fringe_clean_2.fastq.gz	3110900223;3536707890	3cda86bc1c86b6b3f60cdda736d67722;eeb03100e599369a534eebe0a096a026			
ERR13336241	ftp.sra.ebi.ac.uk/vol1/fastq/ERR133/041/ERR13336241/ERR13336241_1.fastq.gz;ftp.sra.ebi.ac.uk/vol1/fastq/ERR133/041/ERR13336241/ERR13336241_2.fastq.gz	3150985137;2994897829	0d7674513eef81ea594c7919ab1fe5a4;54c81a96e6ef1fab2fc6e9b4c4ae9003	ftp.sra.ebi.ac.uk/vol1/err/ERR133/041/ERR13336241/ERR13336241.bam	6097082432	c03978620eeb6b909f0f8044bd766536	ftp.sra.ebi.ac.uk/vol1/run/ERR133/ERR13336241/W1550_fringe_clean_1.fastq.gz;ftp.sra.ebi.ac.uk/vol1/run/ERR133/ERR13336241/W1550_fringe_clean_2.fastq.gz	3052166017;2891247750	cdf8bf90357732ab857e64484f898aac;5e3dce749e9b79dad9be62a6ef137930			
ERR13336248	ftp.sra.ebi.ac.uk/vol1/fastq/ERR133/048/ERR13336248/ERR13336248_1.fastq.gz;ftp.sra.ebi.ac.uk/vol1/fastq/ERR133/048/ERR13336248/ERR13336248_2.fastq.gz	2710272402;3027993581	6b1af24236922fc96a57fb69ecb609fc;b5d32bb4dec2b5d488328b4f00b85fb7	ftp.sra.ebi.ac.uk/vol1/err/ERR133/048/ERR13336248/ERR13336248.bam	5685866952	44ffa5ea3b39d2e2c3fed8389c1a3c50	ftp.sra.ebi.ac.uk/vol1/run/ERR133/ERR13336248/W1677_fringe_clean_1.fastq.gz;ftp.sra.ebi.ac.uk/vol1/run/ERR133/ERR13336248/W1677_fringe_clean_2.fastq.gz	2602842167;2921631067	8158830c3703761a278994c9f3275d7e;966d246c0865aec2d32133a3475f89fd			
ERR13336252	ftp.sra.ebi.ac.uk/vol1/fastq/ERR133/052/ERR13336252/ERR13336252_1.fastq.gz;ftp.sra.ebi.ac.uk/vol1/fastq/ERR133/052/ERR13336252/ERR13336252_2.fastq.gz	5527023595;5751532961	61fca6a6edf516f45b46687c41da986a;89a39dbf2a82415279cba5fdb9a664ab	ftp.sra.ebi.ac.uk/vol1/err/ERR133/052/ERR13336252/ERR13336252.bam	11168558465	bbb8fa415fac00bc721740415bc94173	ftp.sra.ebi.ac.uk/vol1/run/ERR133/ERR13336252/W1723_fringe_clean_1.fastq.gz;ftp.sra.ebi.ac.uk/vol1/run/ERR133/ERR13336252/W1723_fringe_clean_2.fastq.gz	5327735103;5548737917	ee412ad39b0d06e145b9400cf360ede0;586f7e9fa2dbe5bff9b3590f1e8481a1			
ERR13336253	ftp.sra.ebi.ac.uk/vol1/fastq/ERR133/053/ERR13336253/ERR13336253_1.fastq.gz;ftp.sra.ebi.ac.uk/vol1/fastq/ERR133/053/ERR13336253/ERR13336253_2.fastq.gz	2254498520;2303941251	110ec374e958d4d662166f39d72bd000;d3ad7f53bd582b9081b8e15e0c203db9	ftp.sra.ebi.ac.uk/vol1/err/ERR133/053/ERR13336253/ERR13336253.bam	4337138660	cdc289f0a07622feae6426281d38d29c	ftp.sra.ebi.ac.uk/vol1/run/ERR133/ERR13336253/W1725_fringe_clean_1.fastq.gz;ftp.sra.ebi.ac.uk/vol1/run/ERR133/ERR13336253/W1725_fringe_clean_2.fastq.gz	2127799510;2177434881	54bfa78cf4fa8a22dbdb27b07a79d4a2;88a9fa6a3cada8efed473225a4c48bde			
ERR13336254	ftp.sra.ebi.ac.uk/vol1/fastq/ERR133/054/ERR13336254/ERR13336254_1.fastq.gz;ftp.sra.ebi.ac.uk/vol1/fastq/ERR133/054/ERR13336254/ERR13336254_2.fastq.gz	2869063641;2866631156	8de48a870809fb6e9c9584b4a978eb3a;37c03a3ee5453ac06d93a16e687843a3	ftp.sra.ebi.ac.uk/vol1/err/ERR133/054/ERR13336254/ERR13336254.bam	5582495121	f773182347c1ac213ac029b54c3b177a	ftp.sra.ebi.ac.uk/vol1/run/ERR133/ERR13336254/W1726_fringe_clean_1.fastq.gz;ftp.sra.ebi.ac.uk/vol1/run/ERR133/ERR13336254/W1726_fringe_clean_2.fastq.gz	2731614451;2729113476	73ec1367e14550ab5d39321f864a1b1f;18f527a1c529a5efc4d19894e6860dad			
ERR13336260	ftp.sra.ebi.ac.uk/vol1/fastq/ERR133/060/ERR13336260/ERR13336260_1.fastq.gz;ftp.sra.ebi.ac.uk/vol1/fastq/ERR133/060/ERR13336260/ERR13336260_2.fastq.gz	4444989617;4648304269	1b522c5f558711a3fe1bf101b4abf032;d4d77c6c5fab6f1a5eb62fd2efc419d2	ftp.sra.ebi.ac.uk/vol1/err/ERR133/060/ERR13336260/ERR13336260.bam	8952506423	fa37e5c6181aa44ae63c619f1dcbf1f4	ftp.sra.ebi.ac.uk/vol1/run/ERR133/ERR13336260/W1748_fringe_clean_1.fastq.gz;ftp.sra.ebi.ac.uk/vol1/run/ERR133/ERR13336260/W1748_fringe_clean_2.fastq.gz	4284199191;4484019415	fc7465b3618f71badfbc9805166a73b7;b3f2666338f615a5b8706834489f7e49			
ERR13336264	ftp.sra.ebi.ac.uk/vol1/fastq/ERR133/064/ERR13336264/ERR13336264_1.fastq.gz;ftp.sra.ebi.ac.uk/vol1/fastq/ERR133/064/ERR13336264/ERR13336264_2.fastq.gz	2538623355;2824376067	8876d1d3e839a459aaf2b7c1ba094a08;23fa058bceb16167935848a8b5faa011	ftp.sra.ebi.ac.uk/vol1/err/ERR133/064/ERR13336264/ERR13336264.bam	5321507418	bcc457e2158a5578bf9ffabda185b52e	ftp.sra.ebi.ac.uk/vol1/run/ERR133/ERR13336264/W1787_fringe_clean_1.fastq.gz;ftp.sra.ebi.ac.uk/vol1/run/ERR133/ERR13336264/W1787_fringe_clean_2.fastq.gz	2435377600;2721960160	2ad053fb4c7177a0c1597976161f6d2c;8635df44ddd20e1284ef21025767c715			
ERR13336266	ftp.sra.ebi.ac.uk/vol1/fastq/ERR133/066/ERR13336266/ERR13336266_1.fastq.gz;ftp.sra.ebi.ac.uk/vol1/fastq/ERR133/066/ERR13336266/ERR13336266_2.fastq.gz	2408158987;2693062736	12870e876d72044968918d883f225e3b;e3082c6efa3127526d74a07a9f05a010	ftp.sra.ebi.ac.uk/vol1/err/ERR133/066/ERR13336266/ERR13336266.bam	5007484856	7f268399a28897180fbfa0bfbd5e693b	ftp.sra.ebi.ac.uk/vol1/run/ERR133/ERR13336266/W1810_fringe_clean_1.fastq.gz;ftp.sra.ebi.ac.uk/vol1/run/ERR133/ERR13336266/W1810_fringe_clean_2.fastq.gz	2307307514;2592047049	87c774937d4e3980e8ac9936fad6d823;9c8f08454de7d6ffce088a758096ffce			
ERR13336268	ftp.sra.ebi.ac.uk/vol1/fastq/ERR133/068/ERR13336268/ERR13336268_1.fastq.gz;ftp.sra.ebi.ac.uk/vol1/fastq/ERR133/068/ERR13336268/ERR13336268_2.fastq.gz	2191426532;2216775824	fbbe5d02d6d8eda4c7590d28b898063c;92e59b8ba251dbcf6fec9f3fa2840cc7	ftp.sra.ebi.ac.uk/vol1/err/ERR133/068/ERR13336268/ERR13336268.bam	4248587634	76a2132b0ea2d7a1c7af9462c109e2bd	ftp.sra.ebi.ac.uk/vol1/run/ERR133/ERR13336268/W1839_fringe_clean_1.fastq.gz;ftp.sra.ebi.ac.uk/vol1/run/ERR133/ERR13336268/W1839_fringe_clean_2.fastq.gz	2071218660;2097042357	1e2f239545cff6a1670abf906c37e3bd;132925df908edbc7fa0b21bf507ae728			
ERR13336276	ftp.sra.ebi.ac.uk/vol1/fastq/ERR133/076/ERR13336276/ERR13336276_1.fastq.gz;ftp.sra.ebi.ac.uk/vol1/fastq/ERR133/076/ERR13336276/ERR13336276_2.fastq.gz	2774518407;3101774638	a0ef0d8d4a7bead0a4be35b0165ba914;d48888442c81a0c337e71d670c67b9e0	ftp.sra.ebi.ac.uk/vol1/err/ERR133/076/ERR13336276/ERR13336276.bam	5828892134	321e6cd098060070b170055b3c7d119d	ftp.sra.ebi.ac.uk/vol1/run/ERR133/ERR13336276/W2022_fringe_clean_1.fastq.gz;ftp.sra.ebi.ac.uk/vol1/run/ERR133/ERR13336276/W2022_fringe_clean_2.fastq.gz	2663428639;2992164467	bb98e871272507a0b939f819dd52165e;79044dc47cf8c86fe15fa1f459028cc1			
ERR13336282	ftp.sra.ebi.ac.uk/vol1/fastq/ERR133/082/ERR13336282/ERR13336282_1.fastq.gz;ftp.sra.ebi.ac.uk/vol1/fastq/ERR133/082/ERR13336282/ERR13336282_2.fastq.gz	2798760869;3138598917	caef687a460f1a03a9fb40dd65d83a49;85baaaf798180dd1d21fd958f4152735	ftp.sra.ebi.ac.uk/vol1/err/ERR133/082/ERR13336282/ERR13336282.bam	5872338004	61ea31c3e5a217f8fd066381fcaaa8a7	ftp.sra.ebi.ac.uk/vol1/run/ERR133/ERR13336282/W2099_fringe_clean_1.fastq.gz;ftp.sra.ebi.ac.uk/vol1/run/ERR133/ERR13336282/W2099_fringe_clean_2.fastq.gz	2689193031;3032170734	06204b0c7135743c6cc37399b9e8ecfc;5bb3eeefc7787634ee9b1b6efca09b9e			
ERR13336285	ftp.sra.ebi.ac.uk/vol1/fastq/ERR133/085/ERR13336285/ERR13336285_1.fastq.gz;ftp.sra.ebi.ac.uk/vol1/fastq/ERR133/085/ERR13336285/ERR13336285_2.fastq.gz	3048665075;3371326369	8fc2f16e30cd2b5ae3a498d1678cbdd2;e6bdb0814050a45f4b8528fa01666ecb	ftp.sra.ebi.ac.uk/vol1/err/ERR133/085/ERR13336285/ERR13336285.bam	6315644891	1af09643da588c4e7b55b9daf135d38d	ftp.sra.ebi.ac.uk/vol1/run/ERR133/ERR13336285/W2275_fringe_clean_1.fastq.gz;ftp.sra.ebi.ac.uk/vol1/run/ERR133/ERR13336285/W2275_fringe_clean_2.fastq.gz	2922788570;3248726232	fec2e731367eb036b3e0a9965d744e89;1cbb3b4f58b2e518926819ad691105c6			
ERR13336287	ftp.sra.ebi.ac.uk/vol1/fastq/ERR133/087/ERR13336287/ERR13336287_1.fastq.gz;ftp.sra.ebi.ac.uk/vol1/fastq/ERR133/087/ERR13336287/ERR13336287_2.fastq.gz	5254647240;5399904530	407f12ca56306df5a9bb24095d6fe6e2;bde0dbb4b607082a7deba6d5bca72c16	ftp.sra.ebi.ac.uk/vol1/err/ERR133/087/ERR13336287/ERR13336287.bam	10487121893	16d66c37293cbacea6ad0b0bcf70265d	ftp.sra.ebi.ac.uk/vol1/run/ERR133/ERR13336287/W2305_fringe_clean_1.fastq.gz;ftp.sra.ebi.ac.uk/vol1/run/ERR133/ERR13336287/W2305_fringe_clean_2.fastq.gz	5068880772;5210941010	322440adb1e9be90da296d446f86456b;db1b8617b1a0e876cadb81e8d4b8f5c3			
ERR13336289	ftp.sra.ebi.ac.uk/vol1/fastq/ERR133/089/ERR13336289/ERR13336289_1.fastq.gz;ftp.sra.ebi.ac.uk/vol1/fastq/ERR133/089/ERR13336289/ERR13336289_2.fastq.gz	2473991876;2732908015	cf53e8ac97c8883ee8aadc3acb7b3225;e746c78a3f08a8e93ca8287ef851028f	ftp.sra.ebi.ac.uk/vol1/err/ERR133/089/ERR13336289/ERR13336289.bam	5157226280	4dae01cef2a2032a8cda5466d5ad38fc	ftp.sra.ebi.ac.uk/vol1/run/ERR133/ERR13336289/W2310_fringe_clean_1.fastq.gz;ftp.sra.ebi.ac.uk/vol1/run/ERR133/ERR13336289/W2310_fringe_clean_2.fastq.gz	2367478662;2629275613	b38202e816bdac03f223b2da3ba7154e;0c19967bf06ce17fce5e7318b702f7b7			
ERR13336292	ftp.sra.ebi.ac.uk/vol1/fastq/ERR133/092/ERR13336292/ERR13336292_1.fastq.gz;ftp.sra.ebi.ac.uk/vol1/fastq/ERR133/092/ERR13336292/ERR13336292_2.fastq.gz	3467585927;3808458781	028423e880bda19a8c20eb51b7152582;d6d68806c53b63d3145963b594b44545	ftp.sra.ebi.ac.uk/vol1/err/ERR133/092/ERR13336292/ERR13336292.bam	7210389301	41bf63a0e8a78d3b44917f269cbd5c7e	ftp.sra.ebi.ac.uk/vol1/run/ERR133/ERR13336292/W2320_fringe_clean_1.fastq.gz;ftp.sra.ebi.ac.uk/vol1/run/ERR133/ERR13336292/W2320_fringe_clean_2.fastq.gz	3319097255;3663414684	2886d51d80ed5a9a33995deb7374d9c1;ebdc8004c072d6e5495a33ca13e94a7d			
ERR13336300	ftp.sra.ebi.ac.uk/vol1/fastq/ERR133/000/ERR13336300/ERR13336300_1.fastq.gz;ftp.sra.ebi.ac.uk/vol1/fastq/ERR133/000/ERR13336300/ERR13336300_2.fastq.gz	1925596101;2230294656	2806f2e333bccce0f6653a7fe016ed80;0d6555b4288b8c9ff2748ccbb8d90953	ftp.sra.ebi.ac.uk/vol1/err/ERR133/000/ERR13336300/ERR13336300.bam	4129749299	199feaf48d70b6257cca593ad8d2eac9	ftp.sra.ebi.ac.uk/vol1/run/ERR133/ERR13336300/W3035_fringe_clean_1.fastq.gz;ftp.sra.ebi.ac.uk/vol1/run/ERR133/ERR13336300/W3035_fringe_clean_2.fastq.gz	1841831462;2150393704	ec18cd34bf26a2725fb788e27097b3d6;c8354bea901726c67f0f23b3715ddaff			
ERR13336301	ftp.sra.ebi.ac.uk/vol1/fastq/ERR133/001/ERR13336301/ERR13336301_1.fastq.gz;ftp.sra.ebi.ac.uk/vol1/fastq/ERR133/001/ERR13336301/ERR13336301_2.fastq.gz	3480089675;3288757893	303ad5005e4194d517c37e3050cfeca8;0bd311de56d22efe8e3b5b1bd0776929	ftp.sra.ebi.ac.uk/vol1/err/ERR133/001/ERR13336301/ERR13336301.bam	6764083470	606261c094b1e75a7a662dd607ae2ad5	ftp.sra.ebi.ac.uk/vol1/run/ERR133/ERR13336301/W3038_fringe_clean_1.fastq.gz;ftp.sra.ebi.ac.uk/vol1/run/ERR133/ERR13336301/W3038_fringe_clean_2.fastq.gz	3375868418;3182308998	a56cfef6b9e11eb4407912950751ca99;33d6edfcd6cb9cf5144152aaaa613844			
ERR13336305	ftp.sra.ebi.ac.uk/vol1/fastq/ERR133/005/ERR13336305/ERR13336305_1.fastq.gz;ftp.sra.ebi.ac.uk/vol1/fastq/ERR133/005/ERR13336305/ERR13336305_2.fastq.gz	2284648302;2294474489	d95c8a39b4abd91bcb90020308df2462;dae0ddf02baa435de7c398571af54c86	ftp.sra.ebi.ac.uk/vol1/err/ERR133/005/ERR13336305/ERR13336305.bam	4488406911	535ab2c218525e57f52cf38496b2858d	ftp.sra.ebi.ac.uk/vol1/run/ERR133/ERR13336305/W3052_fringe_clean_1.fastq.gz;ftp.sra.ebi.ac.uk/vol1/run/ERR133/ERR13336305/W3052_fringe_clean_2.fastq.gz	2150434254;2160954297	b091f501c0a88ce18859b28aef6c6c8a;e6f58af3e9388fd57f5ac105d69b4c50			
ERR13336306	ftp.sra.ebi.ac.uk/vol1/fastq/ERR133/006/ERR13336306/ERR13336306_1.fastq.gz;ftp.sra.ebi.ac.uk/vol1/fastq/ERR133/006/ERR13336306/ERR13336306_2.fastq.gz	3054247469;3380206746	3090a7398e6b204392229ace1f1d3e62;e484b70878ae38a9a977d80d90b2fb0e	ftp.sra.ebi.ac.uk/vol1/err/ERR133/006/ERR13336306/ERR13336306.bam	6365613123	55a9dfa367b94f10cad8b53c203480b4	ftp.sra.ebi.ac.uk/vol1/run/ERR133/ERR13336306/W3054_fringe_clean_1.fastq.gz;ftp.sra.ebi.ac.uk/vol1/run/ERR133/ERR13336306/W3054_fringe_clean_2.fastq.gz	2940562894;3269750397	6e178f5598f466c48fc81e75d7ddbac9;f0ba1ab95c31458827cc5203afcc238a			
ERR13336308	ftp.sra.ebi.ac.uk/vol1/fastq/ERR133/008/ERR13336308/ERR13336308_1.fastq.gz;ftp.sra.ebi.ac.uk/vol1/fastq/ERR133/008/ERR13336308/ERR13336308_2.fastq.gz	1692010731;1797626079	5edf86557c0c80843f7ce52c5e058201;5582ba4c1997208e2e31a3fdcdce8eb9	ftp.sra.ebi.ac.uk/vol1/err/ERR133/008/ERR13336308/ERR13336308.bam	3357671082	6b9e60314aac52c238054cb8e77b7de1	ftp.sra.ebi.ac.uk/vol1/run/ERR133/ERR13336308/W3063_fringe_clean_1.fastq.gz;ftp.sra.ebi.ac.uk/vol1/run/ERR133/ERR13336308/W3063_fringe_clean_2.fastq.gz	1600738059;1706728203	be5e282c8bf667261bc01f69a30ac745;349ecf94df6ca11ebac0438fd59e20ca			
ERR13336310	ftp.sra.ebi.ac.uk/vol1/fastq/ERR133/010/ERR13336310/ERR13336310_1.fastq.gz;ftp.sra.ebi.ac.uk/vol1/fastq/ERR133/010/ERR13336310/ERR13336310_2.fastq.gz	2237102579;2466439426	6bcb08815653c92b57f20cad0213a7d0;50526dd1236eba85481cb380aaed3e3b	ftp.sra.ebi.ac.uk/vol1/err/ERR133/010/ERR13336310/ERR13336310.bam	4652778198	a13cbcce3853c9fe21f22e271e143422	ftp.sra.ebi.ac.uk/vol1/run/ERR133/ERR13336310/W3086_fringe_clean_1.fastq.gz;ftp.sra.ebi.ac.uk/vol1/run/ERR133/ERR13336310/W3086_fringe_clean_2.fastq.gz	2151172872;2381600509	44cb5ad80b90c4ed98c87013cbb6e422;fc096b23ba0996536610fcc075f9044d			
ERR13336313	ftp.sra.ebi.ac.uk/vol1/fastq/ERR133/013/ERR13336313/ERR13336313_1.fastq.gz;ftp.sra.ebi.ac.uk/vol1/fastq/ERR133/013/ERR13336313/ERR13336313_2.fastq.gz	2194868718;2307699076	fa570926a091a1eeef9e94cc13c60210;ad975e08dd9d47fbecfde84ce27f0226	ftp.sra.ebi.ac.uk/vol1/err/ERR133/013/ERR13336313/ERR13336313.bam	4277842966	f5439fcf686e7ebd7e50a62c51d12669	ftp.sra.ebi.ac.uk/vol1/run/ERR133/ERR13336313/534M_seedling_clean_1.fastq.gz;ftp.sra.ebi.ac.uk/vol1/run/ERR133/ERR13336313/534M_seedling_clean_2.fastq.gz	2067473927;2180015470	d4253f32340c465c3d4fba60939f057e;9db8333ac8727cba76b37e9d3387fca5			
ERR13336316	ftp.sra.ebi.ac.uk/vol1/fastq/ERR133/016/ERR13336316/ERR13336316_1.fastq.gz;ftp.sra.ebi.ac.uk/vol1/fastq/ERR133/016/ERR13336316/ERR13336316_2.fastq.gz	2812283779;2983901475	135267b15fe480c329e8dd9f540594ab;186bdd45d4f77149f5c366f8a9ea26a7	ftp.sra.ebi.ac.uk/vol1/err/ERR133/016/ERR13336316/ERR13336316.bam	5691516629	762102664de7d194f8badfa5901f529f	ftp.sra.ebi.ac.uk/vol1/run/ERR133/ERR13336316/GP117_seedling_clean_1.fastq.gz;ftp.sra.ebi.ac.uk/vol1/run/ERR133/ERR13336316/GP117_seedling_clean_2.fastq.gz	2722960069;2893516288	b025f8ffa8da3fc24b821ab27b09fcf8;ea5c168fae29ce4666a5f38c2f013ef0			
ERR13336317	ftp.sra.ebi.ac.uk/vol1/fastq/ERR133/017/ERR13336317/ERR13336317_1.fastq.gz;ftp.sra.ebi.ac.uk/vol1/fastq/ERR133/017/ERR13336317/ERR13336317_2.fastq.gz	4280970955;4468105416	84c290a39cfd88bb5ab920f9ede77ab7;ab0f55a27b2e429fa8533e1175c3ba96	ftp.sra.ebi.ac.uk/vol1/err/ERR133/017/ERR13336317/ERR13336317.bam	8619188842	5432351005c98191f7dcf8749aa4b319	ftp.sra.ebi.ac.uk/vol1/run/ERR133/ERR13336317/GP119_seedling_clean_1.fastq.gz;ftp.sra.ebi.ac.uk/vol1/run/ERR133/ERR13336317/GP119_seedling_clean_2.fastq.gz	4151615015;4336793161	e783ea6f1e8be6fdeddeeb81c96ed830;b57a4a873764536294109af92376dcfd			
ERR13336318	ftp.sra.ebi.ac.uk/vol1/fastq/ERR133/018/ERR13336318/ERR13336318_1.fastq.gz;ftp.sra.ebi.ac.uk/vol1/fastq/ERR133/018/ERR13336318/ERR13336318_2.fastq.gz	3036729778;2986200431	59bc020ec463760d8b6856167a6f3bf7;e15a0d84ada43235ca78a918297f99ef	ftp.sra.ebi.ac.uk/vol1/err/ERR133/018/ERR13336318/ERR13336318.bam	6003774021	f3c60337400b9dbcf1e9a12cccd93356	ftp.sra.ebi.ac.uk/vol1/run/ERR133/ERR13336318/GP505_seedling_clean_1.fastq.gz;ftp.sra.ebi.ac.uk/vol1/run/ERR133/ERR13336318/GP505_seedling_clean_2.fastq.gz	2935151165;2872555629	184e3c6ca4d57cef2579a62a20f6c1e2;8305d6b5245ac04283df78fe8c4e0a6d			
ERR13336319	ftp.sra.ebi.ac.uk/vol1/fastq/ERR133/019/ERR13336319/ERR13336319_1.fastq.gz;ftp.sra.ebi.ac.uk/vol1/fastq/ERR133/019/ERR13336319/ERR13336319_2.fastq.gz	5862124544;6145615026	59781e341ddfc219c624455b0e057092;b4375d6664a756626b7a188a861e4f7a	ftp.sra.ebi.ac.uk/vol1/err/ERR133/019/ERR13336319/ERR13336319.bam	11817642806	2931adeebbd2e2fb2dd84fce02592dff	ftp.sra.ebi.ac.uk/vol1/run/ERR133/ERR13336319/GP523_seedling_clean_1.fastq.gz;ftp.sra.ebi.ac.uk/vol1/run/ERR133/ERR13336319/GP523_seedling_clean_2.fastq.gz	5657888302;5935790840	eadd5120612ef69ff97c26aca87f43bd;fa5526221d8f3d6ce36fa7bd57ca30dc			
ERR13336325	ftp.sra.ebi.ac.uk/vol1/fastq/ERR133/025/ERR13336325/ERR13336325_1.fastq.gz;ftp.sra.ebi.ac.uk/vol1/fastq/ERR133/025/ERR13336325/ERR13336325_2.fastq.gz	6470551497;6728721373	3a5d93b491025ca20c5db3aa07c9ad4a;01f2572e625a41739bb570b84530b23f	ftp.sra.ebi.ac.uk/vol1/err/ERR133/025/ERR13336325/ERR13336325.bam	12996615794	da78066ed471b81679906be3dfe609fa	ftp.sra.ebi.ac.uk/vol1/run/ERR133/ERR13336325/GP680_seedling_clean_1.fastq.gz;ftp.sra.ebi.ac.uk/vol1/run/ERR133/ERR13336325/GP680_seedling_clean_2.fastq.gz	6246265254;6499348232	1bcbafdccf41827aadca2a9f47a6d3c1;da740dc71835bf1c257c3a9cd64be15b			
ERR13336326	ftp.sra.ebi.ac.uk/vol1/fastq/ERR133/026/ERR13336326/ERR13336326_1.fastq.gz;ftp.sra.ebi.ac.uk/vol1/fastq/ERR133/026/ERR13336326/ERR13336326_2.fastq.gz	5895147939;6112085518	0bde9c35222de924986dc8545d8257d7;293237223a86498e367bbe93badcd3b2	ftp.sra.ebi.ac.uk/vol1/err/ERR133/026/ERR13336326/ERR13336326.bam	11867849811	3eec99d14785fbe067a1ac879740d57f	ftp.sra.ebi.ac.uk/vol1/run/ERR133/ERR13336326/HP436_seedling_clean_1.fastq.gz;ftp.sra.ebi.ac.uk/vol1/run/ERR133/ERR13336326/HP436_seedling_clean_2.fastq.gz	5696081656;5909659054	e8606bf4973e7c2c5bb0a7e30e6b1494;61918221516aefbfbf21d6e35294397c			
ERR13336327	ftp.sra.ebi.ac.uk/vol1/fastq/ERR133/027/ERR13336327/ERR13336327_1.fastq.gz;ftp.sra.ebi.ac.uk/vol1/fastq/ERR133/027/ERR13336327/ERR13336327_2.fastq.gz	5615886937;5868620956	137f29cc27bfd4f1064ad2b0bc56e7e4;3d33bdbb74095dce18196d1db0af71d2	ftp.sra.ebi.ac.uk/vol1/err/ERR133/027/ERR13336327/ERR13336327.bam	11317021685	b15c50439886155b28dbc020b8ceaa39	ftp.sra.ebi.ac.uk/vol1/run/ERR133/ERR13336327/HP519_seedling_clean_1.fastq.gz;ftp.sra.ebi.ac.uk/vol1/run/ERR133/ERR13336327/HP519_seedling_clean_2.fastq.gz	5417899144;5665290032	e6729ac1b3448031c126af7a734ac05f;c3025c72bce8fa4804611fb3d58ca109			
ERR13336335	ftp.sra.ebi.ac.uk/vol1/fastq/ERR133/035/ERR13336335/ERR13336335_1.fastq.gz;ftp.sra.ebi.ac.uk/vol1/fastq/ERR133/035/ERR13336335/ERR13336335_2.fastq.gz	2928593222;3444221939	0f126895e69bb6e371aa79181a49b25d;5eb367459e7dbc81d8ed4fbbebdac62b	ftp.sra.ebi.ac.uk/vol1/err/ERR133/035/ERR13336335/ERR13336335.bam	6342114681	aaf4b0494edefeedf74a2fe525289b84	ftp.sra.ebi.ac.uk/vol1/run/ERR133/ERR13336335/W0135_seedling_clean_1.fastq.gz;ftp.sra.ebi.ac.uk/vol1/run/ERR133/ERR13336335/W0135_seedling_clean_2.fastq.gz	2817364669;3333670753	ea18e9a31d8a2acf9c5fe7e4163dee29;1a60f52d2d7eaef71d5ee7864e43dfff			
ERR13336341	ftp.sra.ebi.ac.uk/vol1/fastq/ERR133/041/ERR13336341/ERR13336341_1.fastq.gz;ftp.sra.ebi.ac.uk/vol1/fastq/ERR133/041/ERR13336341/ERR13336341_2.fastq.gz	2640324398;2960777824	42a70c5042716f5145faa74b6e0ce14a;6ee81937e3b6dedab17dfe4b850b22f1	ftp.sra.ebi.ac.uk/vol1/err/ERR133/041/ERR13336341/ERR13336341.bam	5484822513	6054f939fe0b98557e413731b93aa0dd	ftp.sra.ebi.ac.uk/vol1/run/ERR133/ERR13336341/W0157_seedling_clean_1.fastq.gz;ftp.sra.ebi.ac.uk/vol1/run/ERR133/ERR13336341/W0157_seedling_clean_2.fastq.gz	2535073043;2857098484	a493c10c0840f97676c65fe6f22ae511;41a2e056b1551a35243d90a0c394dffb			
ERR13336347	ftp.sra.ebi.ac.uk/vol1/fastq/ERR133/047/ERR13336347/ERR13336347_1.fastq.gz;ftp.sra.ebi.ac.uk/vol1/fastq/ERR133/047/ERR13336347/ERR13336347_2.fastq.gz	2578430619;2756977436	2eda4b5ea2d1b45e51c3e6912449176c;4e2b9110b496301e84f15ad263e7233c	ftp.sra.ebi.ac.uk/vol1/err/ERR133/047/ERR13336347/ERR13336347.bam	5239242855	278eaba179a6ad3cc796d124899108ad	ftp.sra.ebi.ac.uk/vol1/run/ERR133/ERR13336347/W0180_seedling_clean_1.fastq.gz;ftp.sra.ebi.ac.uk/vol1/run/ERR133/ERR13336347/W0180_seedling_clean_2.fastq.gz	2495971709;2674979339	4428aba8d6d05f4cb091e8417d38b7e3;791144c458562a684418e1712697d977			
ERR13336351	ftp.sra.ebi.ac.uk/vol1/fastq/ERR133/051/ERR13336351/ERR13336351_1.fastq.gz;ftp.sra.ebi.ac.uk/vol1/fastq/ERR133/051/ERR13336351/ERR13336351_2.fastq.gz	2832204293;2882996370	a8eac68a9b3a50f71d6959053a1c1a94;fd4e3eb3e5cd88a510ef7f821c34e422	ftp.sra.ebi.ac.uk/vol1/err/ERR133/051/ERR13336351/ERR13336351.bam	5469173077	bde67289479866e611b4ffb09e4153e1	ftp.sra.ebi.ac.uk/vol1/run/ERR133/ERR13336351/W0594_seedling_clean_1.fastq.gz;ftp.sra.ebi.ac.uk/vol1/run/ERR133/ERR13336351/W0594_seedling_clean_2.fastq.gz	2677435972;2728488045	587e0d3b06d87563e046c6012919693f;01e22fb3bc1f7430d603a92a5186c062			
ERR13336352	ftp.sra.ebi.ac.uk/vol1/fastq/ERR133/052/ERR13336352/ERR13336352_1.fastq.gz;ftp.sra.ebi.ac.uk/vol1/fastq/ERR133/052/ERR13336352/ERR13336352_2.fastq.gz	2058589562;2268198182	fdc5bf2244b5d45bb8c53bfa62aebbce;095c14a539f6bb2fabe966fd31483d4b	ftp.sra.ebi.ac.uk/vol1/err/ERR133/052/ERR13336352/ERR13336352.bam	4287623323	6468883df7ff52abddc2093c017d4348	ftp.sra.ebi.ac.uk/vol1/run/ERR133/ERR13336352/W0596_seedling_clean_1.fastq.gz;ftp.sra.ebi.ac.uk/vol1/run/ERR133/ERR13336352/W0596_seedling_clean_2.fastq.gz	1995032479;2202179184	d0e17b5cfc98138fb206f690633c1e2f;930bf78877ffcd2fb8bd67eeeaee922c			
ERR13336356	ftp.sra.ebi.ac.uk/vol1/fastq/ERR133/056/ERR13336356/ERR13336356_1.fastq.gz;ftp.sra.ebi.ac.uk/vol1/fastq/ERR133/056/ERR13336356/ERR13336356_2.fastq.gz	2259509232;2343928764	689219983e4dd6ae9a955ec7d4efa126;caeb3e6ed3392fec9185a10e88592fb0	ftp.sra.ebi.ac.uk/vol1/err/ERR133/056/ERR13336356/ERR13336356.bam	4395408867	a8050c3e483805dd460a3de447504124	ftp.sra.ebi.ac.uk/vol1/run/ERR133/ERR13336356/W0632_seedling_clean_1.fastq.gz;ftp.sra.ebi.ac.uk/vol1/run/ERR133/ERR13336356/W0632_seedling_clean_2.fastq.gz	2132257255;2217324489	ad72bb65250cb01b26ab6dba2693ae89;c853d67215be88526c601ffc51e5c89d			
ERR13336360	ftp.sra.ebi.ac.uk/vol1/fastq/ERR133/060/ERR13336360/ERR13336360_1.fastq.gz;ftp.sra.ebi.ac.uk/vol1/fastq/ERR133/060/ERR13336360/ERR13336360_2.fastq.gz	2336455834;2415512433	02e3c48ba79de161cdfbe15726bbdd7a;105f8c66a265eb703ff078051d744714	ftp.sra.ebi.ac.uk/vol1/err/ERR133/060/ERR13336360/ERR13336360.bam	4544182674	8249a7a36fb5800fe0241b35af93f0ac	ftp.sra.ebi.ac.uk/vol1/run/ERR133/ERR13336360/W1084_seedling_clean_1.fastq.gz;ftp.sra.ebi.ac.uk/vol1/run/ERR133/ERR13336360/W1084_seedling_clean_2.fastq.gz	2204737296;2284418618	ddd4948dcaa6e0095d2fa8f172509454;1cc8492a4b3e79b91e5c1f911ca49a22			
ERR13336364	ftp.sra.ebi.ac.uk/vol1/fastq/ERR133/064/ERR13336364/ERR13336364_1.fastq.gz;ftp.sra.ebi.ac.uk/vol1/fastq/ERR133/064/ERR13336364/ERR13336364_2.fastq.gz	3219265089;3411386626	14ca5bf896f80436f2a30720e454cea0;4e7dd602c09b8b040d2700738424630a	ftp.sra.ebi.ac.uk/vol1/err/ERR133/064/ERR13336364/ERR13336364.bam	6553145979	45121bc2fc24411853d9c770eaacde48	ftp.sra.ebi.ac.uk/vol1/run/ERR133/ERR13336364/W1126_seedling_clean_1.fastq.gz;ftp.sra.ebi.ac.uk/vol1/run/ERR133/ERR13336364/W1126_seedling_clean_2.fastq.gz	3103076297;3294803210	d278a9542509fd162f0a9cef567fb5f0;11147aa398a275a644b101ceb4f98be5			
ERR13336366	ftp.sra.ebi.ac.uk/vol1/fastq/ERR133/066/ERR13336366/ERR13336366_1.fastq.gz;ftp.sra.ebi.ac.uk/vol1/fastq/ERR133/066/ERR13336366/ERR13336366_2.fastq.gz	2443216771;2542238502	c3f0d83282b76db05202ac20c06cc6d9;4fae413e20ccf8371a22b1fd0e2ff2f5	ftp.sra.ebi.ac.uk/vol1/err/ERR133/066/ERR13336366/ERR13336366.bam	4748753542	244d19f3b62981d622c8328e9f149b92	ftp.sra.ebi.ac.uk/vol1/run/ERR133/ERR13336366/W1214_seedling_clean_1.fastq.gz;ftp.sra.ebi.ac.uk/vol1/run/ERR133/ERR13336366/W1214_seedling_clean_2.fastq.gz	2308512551;2407990686	b0bceeaa141f94d04e622c72576555f7;fec5c95489c13060192bca6d0d4cc2cb			
ERR13336371	ftp.sra.ebi.ac.uk/vol1/fastq/ERR133/071/ERR13336371/ERR13336371_1.fastq.gz;ftp.sra.ebi.ac.uk/vol1/fastq/ERR133/071/ERR13336371/ERR13336371_2.fastq.gz	1817504114;2174280666	59440d24432f93314ffcc95cb0d5c772;d0c615cf2b8017e63f284558fd0804cd	ftp.sra.ebi.ac.uk/vol1/err/ERR133/071/ERR13336371/ERR13336371.bam	3965869879	a0da60d67512b9865ffacc8cea531cd1	ftp.sra.ebi.ac.uk/vol1/run/ERR133/ERR13336371/W1550_seedling_clean_1.fastq.gz;ftp.sra.ebi.ac.uk/vol1/run/ERR133/ERR13336371/W1550_seedling_clean_2.fastq.gz	1745807608;2102281861	f0babc2897b299749d8f9c94f4999fda;61e50888884e67caeefc44c6e8d4bcfd			
ERR13336372	ftp.sra.ebi.ac.uk/vol1/fastq/ERR133/072/ERR13336372/ERR13336372_1.fastq.gz;ftp.sra.ebi.ac.uk/vol1/fastq/ERR133/072/ERR13336372/ERR13336372_2.fastq.gz	2548267332;2631834493	9b97bef81bb97aabc873e1f089813003;4d21cb87aa2045c9a704aa83903e963e	ftp.sra.ebi.ac.uk/vol1/err/ERR133/072/ERR13336372/ERR13336372.bam	4930255226	80b9b0c49427fbc44f24138049b1669d	ftp.sra.ebi.ac.uk/vol1/run/ERR133/ERR13336372/W1552_seedling_clean_1.fastq.gz;ftp.sra.ebi.ac.uk/vol1/run/ERR133/ERR13336372/W1552_seedling_clean_2.fastq.gz	2407144290;2491166125	17ed3d6030ed7ef96b723c9d4ce0a182;0383a2fca016f8f7d4546a26675622e0			
ERR13336375	ftp.sra.ebi.ac.uk/vol1/fastq/ERR133/075/ERR13336375/ERR13336375_1.fastq.gz;ftp.sra.ebi.ac.uk/vol1/fastq/ERR133/075/ERR13336375/ERR13336375_2.fastq.gz	2182309795;2230347765	5d44a0a693c9e0cd9f6d8317b953d1ad;e059a75b5530565f0a9ad0c9226010a3	ftp.sra.ebi.ac.uk/vol1/err/ERR133/075/ERR13336375/ERR13336375.bam	4208129438	33132b0aa68f6182d655301b95b8138f	ftp.sra.ebi.ac.uk/vol1/run/ERR133/ERR13336375/W1557_seedling_clean_1.fastq.gz;ftp.sra.ebi.ac.uk/vol1/run/ERR133/ERR13336375/W1557_seedling_clean_2.fastq.gz	2060577031;2108997778	62b80c89bad1876a8ed899299d69103f;315a9d3b0641eee27091796f3ba548e6			
ERR13336377	ftp.sra.ebi.ac.uk/vol1/fastq/ERR133/077/ERR13336377/ERR13336377_1.fastq.gz;ftp.sra.ebi.ac.uk/vol1/fastq/ERR133/077/ERR13336377/ERR13336377_2.fastq.gz	2846294546;2912355273	e2d1b9093b384ef2d9bdacfed830977d;5ef853c282f8a8d6034315caedc64b1e	ftp.sra.ebi.ac.uk/vol1/err/ERR133/077/ERR13336377/ERR13336377.bam	5493761210	8f1c92ca414091569b584fbe1bf7aeca	ftp.sra.ebi.ac.uk/vol1/run/ERR133/ERR13336377/W1619_seedling_clean_1.fastq.gz;ftp.sra.ebi.ac.uk/vol1/run/ERR133/ERR13336377/W1619_seedling_clean_2.fastq.gz	2690125699;2756694241	7725846c33a7878d434e9aed7709db92;7f5144a0111701e585a3aff29d4de61b			
ERR13336380	ftp.sra.ebi.ac.uk/vol1/fastq/ERR133/080/ERR13336380/ERR13336380_1.fastq.gz;ftp.sra.ebi.ac.uk/vol1/fastq/ERR133/080/ERR13336380/ERR13336380_2.fastq.gz	2254074208;2357854407	89c96cdb79b94c42227a9d67909bb811;cffae1f5a964c011e7152fc10f15fee1	ftp.sra.ebi.ac.uk/vol1/err/ERR133/080/ERR13336380/ERR13336380.bam	4386096214	211ad7221917f9be306822f7e2625f9b	ftp.sra.ebi.ac.uk/vol1/run/ERR133/ERR13336380/W1677_seedling_clean_1.fastq.gz;ftp.sra.ebi.ac.uk/vol1/run/ERR133/ERR13336380/W1677_seedling_clean_2.fastq.gz	2129340085;2233768889	04db3ccd0397695026e25ab74adeef53;d12eedb7aa692fadbe90abea93f52321			
ERR13336383	ftp.sra.ebi.ac.uk/vol1/fastq/ERR133/083/ERR13336383/ERR13336383_1.fastq.gz;ftp.sra.ebi.ac.uk/vol1/fastq/ERR133/083/ERR13336383/ERR13336383_2.fastq.gz	2611436513;2705151744	d9773e8a356934e344bcf16149bc78cf;b5359f5ec22ee61e2a3f7a06164f24e9	ftp.sra.ebi.ac.uk/vol1/err/ERR133/083/ERR13336383/ERR13336383.bam	5075788311	2d57452dd967c7c62f966727e49126c1	ftp.sra.ebi.ac.uk/vol1/run/ERR133/ERR13336383/W1725_seedling_clean_1.fastq.gz;ftp.sra.ebi.ac.uk/vol1/run/ERR133/ERR13336383/W1725_seedling_clean_2.fastq.gz	2467157752;2561456928	52a630a3ccb3b579a525068cd2206d06;69124af1771e2b058c27d66a444ecf52			
ERR13336386	ftp.sra.ebi.ac.uk/vol1/fastq/ERR133/086/ERR13336386/ERR13336386_1.fastq.gz;ftp.sra.ebi.ac.uk/vol1/fastq/ERR133/086/ERR13336386/ERR13336386_2.fastq.gz	2238236188;2332883219	c3dc8d30521c4736259c33bb86b2dfde;29755d8902463940399051174a2e1e6a	ftp.sra.ebi.ac.uk/vol1/err/ERR133/086/ERR13336386/ERR13336386.bam	4514617856	10502a1155aab8bd2db119896269c862	ftp.sra.ebi.ac.uk/vol1/run/ERR133/ERR13336386/W1735_seedling_clean_1.fastq.gz;ftp.sra.ebi.ac.uk/vol1/run/ERR133/ERR13336386/W1735_seedling_clean_2.fastq.gz	2168366490;2262434214	f2f59be249a4d25409f967a1d4563cca;497a3b126d04f1cf58ebb1245c167978			
ERR13336389	ftp.sra.ebi.ac.uk/vol1/fastq/ERR133/089/ERR13336389/ERR13336389_1.fastq.gz;ftp.sra.ebi.ac.uk/vol1/fastq/ERR133/089/ERR13336389/ERR13336389_2.fastq.gz	2344651113;2424355258	eb5408ec238e98c8f70160b7edb51f39;75f78d254ddfed1440fb866f3055bcd9	ftp.sra.ebi.ac.uk/vol1/err/ERR133/089/ERR13336389/ERR13336389.bam	4537895617	7d9270cf364e4217ecd76d25e58a0df2	ftp.sra.ebi.ac.uk/vol1/run/ERR133/ERR13336389/W1742_seedling_clean_1.fastq.gz;ftp.sra.ebi.ac.uk/vol1/run/ERR133/ERR13336389/W1742_seedling_clean_2.fastq.gz	2214425262;2294711541	ea886ab858031d3626b5ccd32177c4a7;30500f4e4560d13b21e1341cf4f1c9f5			
ERR13336390	ftp.sra.ebi.ac.uk/vol1/fastq/ERR133/090/ERR13336390/ERR13336390_1.fastq.gz;ftp.sra.ebi.ac.uk/vol1/fastq/ERR133/090/ERR13336390/ERR13336390_2.fastq.gz	2553052364;2691092024	4d8d739b8e2ccdcba9541734736691c8;3c81f460ce2d2c26043b101369679599	ftp.sra.ebi.ac.uk/vol1/err/ERR133/090/ERR13336390/ERR13336390.bam	5105198559	d06611d8622788be0726099f6a73ce0e	ftp.sra.ebi.ac.uk/vol1/run/ERR133/ERR13336390/W1748_seedling_clean_1.fastq.gz;ftp.sra.ebi.ac.uk/vol1/run/ERR133/ERR13336390/W1748_seedling_clean_2.fastq.gz	2452240075;2587885229	23d8e1e4a5cf9c4794e6c25fb28477cd;75aa8d1122e740ef8b854fb09d0f4430			
ERR13336395	ftp.sra.ebi.ac.uk/vol1/fastq/ERR133/095/ERR13336395/ERR13336395_1.fastq.gz;ftp.sra.ebi.ac.uk/vol1/fastq/ERR133/095/ERR13336395/ERR13336395_2.fastq.gz	2653183905;2729754599	de712e9e695d391395cb32e76048bf8e;c01749d2dbcbfe647c2616a81e3a5d81	ftp.sra.ebi.ac.uk/vol1/err/ERR133/095/ERR13336395/ERR13336395.bam	5131581769	0f5c58930cc2b4fb75dbd0a1d0ff2802	ftp.sra.ebi.ac.uk/vol1/run/ERR133/ERR13336395/W1809_seedling_clean_1.fastq.gz;ftp.sra.ebi.ac.uk/vol1/run/ERR133/ERR13336395/W1809_seedling_clean_2.fastq.gz	2507797379;2584991150	f5787a4c6331247383b0ac3116dbe57e;172e3ee24aa0e00e52ad3e0b89f40a7a			
ERR13336396	ftp.sra.ebi.ac.uk/vol1/fastq/ERR133/096/ERR13336396/ERR13336396_1.fastq.gz;ftp.sra.ebi.ac.uk/vol1/fastq/ERR133/096/ERR13336396/ERR13336396_2.fastq.gz	2738631094;2799076550	0a95188c6582b7f2b60d3804627ecd9d;57c54be3f1e1005995648b90d2853018	ftp.sra.ebi.ac.uk/vol1/err/ERR133/096/ERR13336396/ERR13336396.bam	5276946301	3c2fb01227af28fb913bc488c91c40cc	ftp.sra.ebi.ac.uk/vol1/run/ERR133/ERR13336396/W1810_seedling_clean_1.fastq.gz;ftp.sra.ebi.ac.uk/vol1/run/ERR133/ERR13336396/W1810_seedling_clean_2.fastq.gz	2588452687;2649350599	9f5a3d3465b2541d1494bd5b2ca407fe;37f53ddeb429bc824120c525daee31f9			
ERR13336398	ftp.sra.ebi.ac.uk/vol1/fastq/ERR133/098/ERR13336398/ERR13336398_1.fastq.gz;ftp.sra.ebi.ac.uk/vol1/fastq/ERR133/098/ERR13336398/ERR13336398_2.fastq.gz	2324773807;2404746795	62edf35658712f1eb037cf80fea5e0a4;e5218c2f0daf7e5f5f3e3e59c47d2780	ftp.sra.ebi.ac.uk/vol1/err/ERR133/098/ERR13336398/ERR13336398.bam	4494689032	4ea90b978b53be87aa42d5a5152018e1	ftp.sra.ebi.ac.uk/vol1/run/ERR133/ERR13336398/W1839_seedling_clean_1.fastq.gz;ftp.sra.ebi.ac.uk/vol1/run/ERR133/ERR13336398/W1839_seedling_clean_2.fastq.gz	2195943667;2276399054	3db2b904b3f4c83ae8c77057da219d1e;9f0b85b18b19617a46aa14997e443583			
ERR13336400	ftp.sra.ebi.ac.uk/vol1/fastq/ERR133/000/ERR13336400/ERR13336400_1.fastq.gz;ftp.sra.ebi.ac.uk/vol1/fastq/ERR133/000/ERR13336400/ERR13336400_2.fastq.gz	3707484157;3871381327	215b2e51a5d8757be111539a7c8345cf;494de0b4bdaa7ee83acfe997ef03ba85	ftp.sra.ebi.ac.uk/vol1/err/ERR133/000/ERR13336400/ERR13336400.bam	7227216909	80697f8f66326bb4daf2c3360bab65d5	ftp.sra.ebi.ac.uk/vol1/run/ERR133/ERR13336400/W1865_seedling_clean_1.fastq.gz;ftp.sra.ebi.ac.uk/vol1/run/ERR133/ERR13336400/W1865_seedling_clean_2.fastq.gz	3507967944;3670919279	554a86e0d1f9f632c2519d5f369c5378;a29bd5f4f2e0ab9aaa94c4bde0a9f735			
ERR13336401	ftp.sra.ebi.ac.uk/vol1/fastq/ERR133/001/ERR13336401/ERR13336401_1.fastq.gz;ftp.sra.ebi.ac.uk/vol1/fastq/ERR133/001/ERR13336401/ERR13336401_2.fastq.gz	2690247596;2770943717	63d6e5e9544b7e2832cee90cd725b68d;4f6776e94516cdd66343bb33bfa7f74e	ftp.sra.ebi.ac.uk/vol1/err/ERR133/001/ERR13336401/ERR13336401.bam	5198157016	6d00f7db5b0d682f5cadad0596cc753f	ftp.sra.ebi.ac.uk/vol1/run/ERR133/ERR13336401/W1880_seedling_clean_1.fastq.gz;ftp.sra.ebi.ac.uk/vol1/run/ERR133/ERR13336401/W1880_seedling_clean_2.fastq.gz	2543293610;2624508257	8f6915dbdfba901273d2e1942cdc3b06;a0b6150161515d545ba28dbb1fb55c7a			
ERR13336402	ftp.sra.ebi.ac.uk/vol1/fastq/ERR133/002/ERR13336402/ERR13336402_1.fastq.gz;ftp.sra.ebi.ac.uk/vol1/fastq/ERR133/002/ERR13336402/ERR13336402_2.fastq.gz	2382266910;2482825555	c3e5714e58cc5451383eda48fa4e140c;95c504cbe4fabf7ea3d1329af4f2c556	ftp.sra.ebi.ac.uk/vol1/err/ERR133/002/ERR13336402/ERR13336402.bam	4792507450	9b6323359567cf10ea46f7f5efd4b97e	ftp.sra.ebi.ac.uk/vol1/run/ERR133/ERR13336402/W1890_seedling_clean_1.fastq.gz;ftp.sra.ebi.ac.uk/vol1/run/ERR133/ERR13336402/W1890_seedling_clean_2.fastq.gz	2316412668;2416633356	a8f899890a49f094a3e2c50e5ea64d87;392700f8e0959c1a8d48306399bf5572			
ERR13336403	ftp.sra.ebi.ac.uk/vol1/fastq/ERR133/003/ERR13336403/ERR13336403_1.fastq.gz;ftp.sra.ebi.ac.uk/vol1/fastq/ERR133/003/ERR13336403/ERR13336403_2.fastq.gz	3340764497;3240609679	36f29052d8b567095f5f93c2e147373e;17762a0203493d22f1402f01a93fbc07	ftp.sra.ebi.ac.uk/vol1/err/ERR133/003/ERR13336403/ERR13336403.bam	6561776630	455ed7f08908895e66f6109d463fb1ad	ftp.sra.ebi.ac.uk/vol1/run/ERR133/ERR13336403/W1943_seedling_clean_1.fastq.gz;ftp.sra.ebi.ac.uk/vol1/run/ERR133/ERR13336403/W1943_seedling_clean_2.fastq.gz	3235089680;3130965384	f1b9b50400d202b3923c3f4cc38fce8c;b9b3c027244456ade793e86ff9502b2f			
ERR13336406	ftp.sra.ebi.ac.uk/vol1/fastq/ERR133/006/ERR13336406/ERR13336406_1.fastq.gz;ftp.sra.ebi.ac.uk/vol1/fastq/ERR133/006/ERR13336406/ERR13336406_2.fastq.gz	2583572028;2778717739	bdffa8176340bf8986b1379db08acde1;35df7b422d10b35c2db04c70c4047dfa	ftp.sra.ebi.ac.uk/vol1/err/ERR133/006/ERR13336406/ERR13336406.bam	5129549403	231dd5e4b67b66e6d7ccc15e963e62f2	ftp.sra.ebi.ac.uk/vol1/run/ERR133/ERR13336406/W2005_seedling_clean_1.fastq.gz;ftp.sra.ebi.ac.uk/vol1/run/ERR133/ERR13336406/W2005_seedling_clean_2.fastq.gz	2440896226;2636477383	2494e38298385f61e7b9202354e09445;6dfaf868bf6f8ce61dcadf416cf1dcd7			
ERR13336407	ftp.sra.ebi.ac.uk/vol1/fastq/ERR133/007/ERR13336407/ERR13336407_1.fastq.gz;ftp.sra.ebi.ac.uk/vol1/fastq/ERR133/007/ERR13336407/ERR13336407_2.fastq.gz	2928165133;2988987357	a5591eef6005df6836ad406bf53957a0;4f54ee1aeea56f566eae86fc325e6a2c	ftp.sra.ebi.ac.uk/vol1/err/ERR133/007/ERR13336407/ERR13336407.bam	5640844654	3b4c18b18ca558fa0665a95ca35dd60a	ftp.sra.ebi.ac.uk/vol1/run/ERR133/ERR13336407/W2022_seedling_clean_1.fastq.gz;ftp.sra.ebi.ac.uk/vol1/run/ERR133/ERR13336407/W2022_seedling_clean_2.fastq.gz	2768009779;2829121938	06f0f5b828b5e45e3044c46a2c773fb7;6d61f52b665d3fa07567d3b9c1e174c6			
ERR13336408	ftp.sra.ebi.ac.uk/vol1/fastq/ERR133/008/ERR13336408/ERR13336408_1.fastq.gz;ftp.sra.ebi.ac.uk/vol1/fastq/ERR133/008/ERR13336408/ERR13336408_2.fastq.gz	2321040065;2414973597	fef8d4419e36e63c35d905a557116197;eda46f8409c23b3a7e1a11bbfeb1c41d	ftp.sra.ebi.ac.uk/vol1/err/ERR133/008/ERR13336408/ERR13336408.bam	4516076131	97a7b827b7d7487cb323150f1c8b16df	ftp.sra.ebi.ac.uk/vol1/run/ERR133/ERR13336408/W2036_seedling_clean_1.fastq.gz;ftp.sra.ebi.ac.uk/vol1/run/ERR133/ERR13336408/W2036_seedling_clean_2.fastq.gz	2191710681;2286184678	8e76f7698570aac56a0ba8d712c79701;2a403f453d77eeefd097d6137e2c5cc1			
ERR13336414							ftp.sra.ebi.ac.uk/vol1/run/ERR133/ERR13336414/W2108_seedling_clean_1.fastq.gz;ftp.sra.ebi.ac.uk/vol1/run/ERR133/ERR13336414/W2108_seedling_clean_2.fastq.gz	2312415151;2369126107	049dc1a54f272e3778b13312ca77522b;874499ba76f9aa2e8ea3bc64b7ac211c			
ERR13336416	ftp.sra.ebi.ac.uk/vol1/fastq/ERR133/016/ERR13336416/ERR13336416_1.fastq.gz;ftp.sra.ebi.ac.uk/vol1/fastq/ERR133/016/ERR13336416/ERR13336416_2.fastq.gz	3430184016;3741055398	14f3d7480c56627f344eb1857c6727ae;abde8dcfd62ddf6a021b1b2675540859	ftp.sra.ebi.ac.uk/vol1/err/ERR133/016/ERR13336416/ERR13336416.bam	7085901692	0ee2f061761319c979a2874db1f8230e	ftp.sra.ebi.ac.uk/vol1/run/ERR133/ERR13336416/W2275_seedling_clean_1.fastq.gz;ftp.sra.ebi.ac.uk/vol1/run/ERR133/ERR13336416/W2275_seedling_clean_2.fastq.gz	3293928691;3605195050	3691423d723a37e80c915c52c5389621;dacf7df037306fdd6aa94ea789353194			
ERR13336418	ftp.sra.ebi.ac.uk/vol1/fastq/ERR133/018/ERR13336418/ERR13336418_1.fastq.gz;ftp.sra.ebi.ac.uk/vol1/fastq/ERR133/018/ERR13336418/ERR13336418_2.fastq.gz	3272872905;3461239246	f1070d40015100c45d03fc2a58d69a45;57b816e8bd9f7832f9be7a9f0d335f88	ftp.sra.ebi.ac.uk/vol1/err/ERR133/018/ERR13336418/ERR13336418.bam	6624124463	b646f9430c085dfc03421051fa5ec6b4	ftp.sra.ebi.ac.uk/vol1/run/ERR133/ERR13336418/W2305_seedling_clean_1.fastq.gz;ftp.sra.ebi.ac.uk/vol1/run/ERR133/ERR13336418/W2305_seedling_clean_2.fastq.gz	3141141880;3325151585	dbb935a4901e05c813a98ed8c4a0eefc;f6827f192b119bad355b09751128efc5			
ERR13336422	ftp.sra.ebi.ac.uk/vol1/fastq/ERR133/022/ERR13336422/ERR13336422_1.fastq.gz;ftp.sra.ebi.ac.uk/vol1/fastq/ERR133/022/ERR13336422/ERR13336422_2.fastq.gz	2505721277;2592457619	a0ebe392122e05f2fcfe37e48a189059;614ec1de651886df47588e64b29ec23a	ftp.sra.ebi.ac.uk/vol1/err/ERR133/022/ERR13336422/ERR13336422.bam	4867793622	ec0219275c2c75fc16c95fdc53c17701	ftp.sra.ebi.ac.uk/vol1/run/ERR133/ERR13336422/W2318_seedling_clean_1.fastq.gz;ftp.sra.ebi.ac.uk/vol1/run/ERR133/ERR13336422/W2318_seedling_clean_2.fastq.gz	2366844292;2453830391	9631b23763b624768a84c50fc65e89e3;965b06182cebe4cde1d63ee93f3a3a01			
ERR13336427	ftp.sra.ebi.ac.uk/vol1/fastq/ERR133/027/ERR13336427/ERR13336427_1.fastq.gz;ftp.sra.ebi.ac.uk/vol1/fastq/ERR133/027/ERR13336427/ERR13336427_2.fastq.gz	2859873126;3181540166	35abb4a9f1388b542b6837b374853193;2694469c80149a39da8ee2b15bf83b7c	ftp.sra.ebi.ac.uk/vol1/err/ERR133/027/ERR13336427/ERR13336427.bam	5933340924	ee6b13966986006240ef74b9e834eb9e	ftp.sra.ebi.ac.uk/vol1/run/ERR133/ERR13336427/W3000_seedling_clean_1.fastq.gz;ftp.sra.ebi.ac.uk/vol1/run/ERR133/ERR13336427/W3000_seedling_clean_2.fastq.gz	2738866481;3061697698	97bf10470111670d0d894eac6915851e;9827fa658cde843cbca8015f4f70e695			
ERR13336431	ftp.sra.ebi.ac.uk/vol1/fastq/ERR133/031/ERR13336431/ERR13336431_1.fastq.gz;ftp.sra.ebi.ac.uk/vol1/fastq/ERR133/031/ERR13336431/ERR13336431_2.fastq.gz	2940913992;3036511186	698700ddb842d9da54fb6ee757339355;7440dd6e048c539943917926c2b2f9fa	ftp.sra.ebi.ac.uk/vol1/err/ERR133/031/ERR13336431/ERR13336431.bam	5702115636	bd0a7a2f36e195131fdec8b0bdc3ce79	ftp.sra.ebi.ac.uk/vol1/run/ERR133/ERR13336431/W3029_seedling_clean_1.fastq.gz;ftp.sra.ebi.ac.uk/vol1/run/ERR133/ERR13336431/W3029_seedling_clean_2.fastq.gz	2781231327;2877469426	878fdfda5297065a65e0ce1d0ce68945;646181c955eabf10316060308c358f19			
ERR13336432	ftp.sra.ebi.ac.uk/vol1/fastq/ERR133/032/ERR13336432/ERR13336432_1.fastq.gz;ftp.sra.ebi.ac.uk/vol1/fastq/ERR133/032/ERR13336432/ERR13336432_2.fastq.gz	2447481939;2599979543	36a5e071849e8662cfbdfb0163691d4f;2fab31cc119e9dfce0ecaaceeac57fdb	ftp.sra.ebi.ac.uk/vol1/err/ERR133/032/ERR13336432/ERR13336432.bam	4972626155	0a6caba72964f23a81f32b17e2ba8306	ftp.sra.ebi.ac.uk/vol1/run/ERR133/ERR13336432/W3033_seedling_clean_1.fastq.gz;ftp.sra.ebi.ac.uk/vol1/run/ERR133/ERR13336432/W3033_seedling_clean_2.fastq.gz	2371505225;2524227334	3533f662e088a89284d931038cc57a67;8df03a38b75740a78a26c04578b60b1a			
ERR13336436	ftp.sra.ebi.ac.uk/vol1/fastq/ERR133/036/ERR13336436/ERR13336436_1.fastq.gz;ftp.sra.ebi.ac.uk/vol1/fastq/ERR133/036/ERR13336436/ERR13336436_2.fastq.gz	2596349968;3023748025	acfb6cce6a3eeeeb2f50e11406a8d2fb;6b7e5ca7fd716f06c91c04398d84fddb	ftp.sra.ebi.ac.uk/vol1/err/ERR133/036/ERR13336436/ERR13336436.bam	5559362612	510cfc6739c293fc5a609df9490bef15	ftp.sra.ebi.ac.uk/vol1/run/ERR133/ERR13336436/W3046_seedling_clean_1.fastq.gz;ftp.sra.ebi.ac.uk/vol1/run/ERR133/ERR13336436/W3046_seedling_clean_2.fastq.gz	2504231148;2930383032	e6102f8e4decb39231cd481900e67b8d;cdddcd8843b5d217a53030b43f9ea5ae			
ERR13336438	ftp.sra.ebi.ac.uk/vol1/fastq/ERR133/038/ERR13336438/ERR13336438_1.fastq.gz;ftp.sra.ebi.ac.uk/vol1/fastq/ERR133/038/ERR13336438/ERR13336438_2.fastq.gz	2680892576;2746511614	d672e38f79cbc33dbd5d074b9d84255b;2d09a158e0cbb68f95b4fa453c235359	ftp.sra.ebi.ac.uk/vol1/err/ERR133/038/ERR13336438/ERR13336438.bam	5182353189	54a60b3b92ad242d6dea0f6babcb601a	ftp.sra.ebi.ac.uk/vol1/run/ERR133/ERR13336438/W3051_seedling_clean_1.fastq.gz;ftp.sra.ebi.ac.uk/vol1/run/ERR133/ERR13336438/W3051_seedling_clean_2.fastq.gz	2534268435;2600065803	f0fef06d0c2460ffece0e86152c7f592;3b45cf0569c9c94e55c0a8b48fe1a7b6			
ERR13336439	ftp.sra.ebi.ac.uk/vol1/fastq/ERR133/039/ERR13336439/ERR13336439_1.fastq.gz;ftp.sra.ebi.ac.uk/vol1/fastq/ERR133/039/ERR13336439/ERR13336439_2.fastq.gz	2931857091;3026990475	c5afb06b2566d032cc46c4ed176d3b11;5d9d99324cb1f5fbbbf4fffdab959ba3	ftp.sra.ebi.ac.uk/vol1/err/ERR133/039/ERR13336439/ERR13336439.bam	5715214785	c4faf9f2b7a646eeaf0366cc05b2b751	ftp.sra.ebi.ac.uk/vol1/run/ERR133/ERR13336439/W3052_seedling_clean_1.fastq.gz;ftp.sra.ebi.ac.uk/vol1/run/ERR133/ERR13336439/W3052_seedling_clean_2.fastq.gz	2770752440;2866440200	e6c74fdd312593cefb9bc6e435c3fc99;ef48af747813598aacaf0a7621e6437c			
ERR13336444	ftp.sra.ebi.ac.uk/vol1/fastq/ERR133/044/ERR13336444/ERR13336444_1.fastq.gz;ftp.sra.ebi.ac.uk/vol1/fastq/ERR133/044/ERR13336444/ERR13336444_2.fastq.gz	2525494836;2511274526	fa69b4ede3fd738e9922ac8c0ad8cb4e;514a8b6d0c897c7caeaa3c058e8f0e04	ftp.sra.ebi.ac.uk/vol1/err/ERR133/044/ERR13336444/ERR13336444.bam	5039202319	966b97190d84a1772ea8bebfcc4f74ba	ftp.sra.ebi.ac.uk/vol1/run/ERR133/ERR13336444/W3082_seedling_clean_1.fastq.gz;ftp.sra.ebi.ac.uk/vol1/run/ERR133/ERR13336444/W3082_seedling_clean_2.fastq.gz	2424610058;2409087740	99e77c010e0136dd491451930c8cffc2;48561d4f57a4cf24e9d4a13d4ed343ac			
ERR13336449	ftp.sra.ebi.ac.uk/vol1/fastq/ERR133/049/ERR13336449/ERR13336449_1.fastq.gz;ftp.sra.ebi.ac.uk/vol1/fastq/ERR133/049/ERR13336449/ERR13336449_2.fastq.gz	2655487376;2730693951	d6b7d2f082081434d33270fafd8feb78;d8bd2e98635f3d8e76b9af287aa51ccd	ftp.sra.ebi.ac.uk/vol1/err/ERR133/049/ERR13336449/ERR13336449.bam	5132205157	7f28185ad7f9de5d442419d28cb88e7d	ftp.sra.ebi.ac.uk/vol1/run/ERR133/ERR13336449/W3096_seedling_clean_1.fastq.gz;ftp.sra.ebi.ac.uk/vol1/run/ERR133/ERR13336449/W3096_seedling_clean_2.fastq.gz	2508763341;2584373246	e7d860763bcfc5c4646aa59d1c230baf;ae8d3a7000590c8fe098cb267a5e1cfb			
ERR13336450	ftp.sra.ebi.ac.uk/vol1/fastq/ERR133/050/ERR13336450/ERR13336450_1.fastq.gz;ftp.sra.ebi.ac.uk/vol1/fastq/ERR133/050/ERR13336450/ERR13336450_2.fastq.gz	2485840814;2560678901	93d0968ddaf5909e603ee9e26c9c1b98;662bbb60e4ece906c0d52a497e79a066	ftp.sra.ebi.ac.uk/vol1/err/ERR133/050/ERR13336450/ERR13336450.bam	4849509918	49a68a004b0d9c1dad154150c0a09b93	ftp.sra.ebi.ac.uk/vol1/run/ERR133/ERR13336450/534M_leaf_clean_1.fastq.gz;ftp.sra.ebi.ac.uk/vol1/run/ERR133/ERR13336450/534M_leaf_clean_2.fastq.gz	2346360273;2421548544	9ef2d1966db04c1b9c109f84da347add;a16fc905f700cf28e8f7f1cccf976b73			
ERR13336456	ftp.sra.ebi.ac.uk/vol1/fastq/ERR133/056/ERR13336456/ERR13336456_1.fastq.gz;ftp.sra.ebi.ac.uk/vol1/fastq/ERR133/056/ERR13336456/ERR13336456_2.fastq.gz	4318869222;4630391172	df8ed7c0a3d4560b82a6ab95ae682341;0a73a5276a6b0ac7ad7269b2904fe415	ftp.sra.ebi.ac.uk/vol1/err/ERR133/056/ERR13336456/ERR13336456.bam	8833275858	20d165f1f156c089d6a76a2ad4d53519	ftp.sra.ebi.ac.uk/vol1/run/ERR133/ERR13336456/GP523_leaf_clean_1.fastq.gz;ftp.sra.ebi.ac.uk/vol1/run/ERR133/ERR13336456/GP523_leaf_clean_2.fastq.gz	4171161137;4477368622	ad525ba96909fcf5b2b0fe6d706b2515;b39c60d47d706df4d1999c11fa9f3d21			
ERR13336460	ftp.sra.ebi.ac.uk/vol1/fastq/ERR133/060/ERR13336460/ERR13336460_1.fastq.gz;ftp.sra.ebi.ac.uk/vol1/fastq/ERR133/060/ERR13336460/ERR13336460_2.fastq.gz	3800211970;4002623715	bbe749e1577f986cf0c3e11e60627e11;37ac8d0ae0e0865742bb08f691228407	ftp.sra.ebi.ac.uk/vol1/err/ERR133/060/ERR13336460/ERR13336460.bam	7642148428	f170a50b9ce8254be57483a1f366f818	ftp.sra.ebi.ac.uk/vol1/run/ERR133/ERR13336460/GP622_leaf_clean_1.fastq.gz;ftp.sra.ebi.ac.uk/vol1/run/ERR133/ERR13336460/GP622_leaf_clean_2.fastq.gz	3658604301;3855826317	e49bf9d219f3d40a259013ac460d3b4c;eda7c71ed5dd9fb527f6e0505075ce68			
ERR13336461	ftp.sra.ebi.ac.uk/vol1/fastq/ERR133/061/ERR13336461/ERR13336461_1.fastq.gz;ftp.sra.ebi.ac.uk/vol1/fastq/ERR133/061/ERR13336461/ERR13336461_2.fastq.gz	3650440386;3806103970	3c6801b4eedd461f27f40d365824b267;2c5b40bcc85c26c4bdcc5c411af404c1	ftp.sra.ebi.ac.uk/vol1/err/ERR133/061/ERR13336461/ERR13336461.bam	7281901311	fe257c830c841e0a0b35fcba8823339d	ftp.sra.ebi.ac.uk/vol1/run/ERR133/ERR13336461/GP635_leaf_clean_1.fastq.gz;ftp.sra.ebi.ac.uk/vol1/run/ERR133/ERR13336461/GP635_leaf_clean_2.fastq.gz	3514864172;3666885399	b44cfe1c06a2827737305b54e3c7736c;2af9e8b2da27b2c37484da018005023e			
ERR13336465	ftp.sra.ebi.ac.uk/vol1/fastq/ERR133/065/ERR13336465/ERR13336465_1.fastq.gz;ftp.sra.ebi.ac.uk/vol1/fastq/ERR133/065/ERR13336465/ERR13336465_2.fastq.gz	3950780606;4125782573	9b24f83e4b16e7d22514037c5d13dc02;a150aa78fd13d5109f59fca040101b5a	ftp.sra.ebi.ac.uk/vol1/err/ERR133/065/ERR13336465/ERR13336465.bam	7935392702	101ba2572d35317731f55f09d7b75270	ftp.sra.ebi.ac.uk/vol1/run/ERR133/ERR13336465/Nip_hifi_leaf_clean_1.fastq.gz;ftp.sra.ebi.ac.uk/vol1/run/ERR133/ERR13336465/Nip_hifi_leaf_clean_2.fastq.gz	3815608785;3985047526	4c4337b473ad4d18fd55879c235db4f0;7add2f39771cd7412358cc541e2d7ff3			
ERR13336472	ftp.sra.ebi.ac.uk/vol1/fastq/ERR133/072/ERR13336472/ERR13336472_1.fastq.gz;ftp.sra.ebi.ac.uk/vol1/fastq/ERR133/072/ERR13336472/ERR13336472_2.fastq.gz	2903069231;2897449458	1c10514ecf5ccfd10a868d78651f0099;bb5ced9400ab6c9967c5467e5d39fb4a	ftp.sra.ebi.ac.uk/vol1/err/ERR133/072/ERR13336472/ERR13336472.bam	5802517521	da299324808f0bd5511018ba006fab83	ftp.sra.ebi.ac.uk/vol1/run/ERR133/ERR13336472/W0108_leaf_clean_1.fastq.gz;ftp.sra.ebi.ac.uk/vol1/run/ERR133/ERR13336472/W0108_leaf_clean_2.fastq.gz	2798648203;2798078430	a832c0b398354c2591109666eed59013;8176ceb4bef3780c6a4c650717a8afd5			
ERR13336473	ftp.sra.ebi.ac.uk/vol1/fastq/ERR133/073/ERR13336473/ERR13336473_1.fastq.gz;ftp.sra.ebi.ac.uk/vol1/fastq/ERR133/073/ERR13336473/ERR13336473_2.fastq.gz	3836364742;3625073379	2a93afc42daa0263f403c1d279fe8660;d6a19db8e89048462270a5214531a9a4	ftp.sra.ebi.ac.uk/vol1/err/ERR133/073/ERR13336473/ERR13336473.bam	7491800757	4ac24b42c3947af20d9ccfdfb4bea36f	ftp.sra.ebi.ac.uk/vol1/run/ERR133/ERR13336473/W0133_leaf_clean_1.fastq.gz;ftp.sra.ebi.ac.uk/vol1/run/ERR133/ERR13336473/W0133_leaf_clean_2.fastq.gz	3720249733;3507310516	c51b0687697c4332117549a7f86b7cdd;93826ac8bc2b7541ac052a70b1a82e27			
ERR13336474	ftp.sra.ebi.ac.uk/vol1/fastq/ERR133/074/ERR13336474/ERR13336474_1.fastq.gz;ftp.sra.ebi.ac.uk/vol1/fastq/ERR133/074/ERR13336474/ERR13336474_2.fastq.gz	3666724596;3833449069	302d4c5336529cdaa01cdd11837b8576;0637be2e8be76e8252e1cc41683c1a56	ftp.sra.ebi.ac.uk/vol1/err/ERR133/074/ERR13336474/ERR13336474.bam	7407696811	22af92ee04a798c3b87cf489bbba4f1b	ftp.sra.ebi.ac.uk/vol1/run/ERR133/ERR13336474/W0135_leaf_clean_1.fastq.gz;ftp.sra.ebi.ac.uk/vol1/run/ERR133/ERR13336474/W0135_leaf_clean_2.fastq.gz	3538206735;3703891109	1de1daf083adb8ac965c68a558d3d771;83679ec1789b59dc2baa18807b7a8197			
ERR13336476	ftp.sra.ebi.ac.uk/vol1/fastq/ERR133/076/ERR13336476/ERR13336476_1.fastq.gz;ftp.sra.ebi.ac.uk/vol1/fastq/ERR133/076/ERR13336476/ERR13336476_2.fastq.gz	2664297336;2742858941	9c823aa4a560bc021054ef322db66fb0;be45e6860528e93bccb60271517eb2d9	ftp.sra.ebi.ac.uk/vol1/err/ERR133/076/ERR13336476/ERR13336476.bam	5182003780	fc8494373e7df0ed22770d189ee09222	ftp.sra.ebi.ac.uk/vol1/run/ERR133/ERR13336476/W0137_leaf_clean_1.fastq.gz;ftp.sra.ebi.ac.uk/vol1/run/ERR133/ERR13336476/W0137_leaf_clean_2.fastq.gz	2520479636;2599406659	335c12f98dbc191953e90a084a603e48;8a06961f9821f8a17b0a80a157e27a0d			
ERR13336483	ftp.sra.ebi.ac.uk/vol1/fastq/ERR133/083/ERR13336483/ERR13336483_1.fastq.gz;ftp.sra.ebi.ac.uk/vol1/fastq/ERR133/083/ERR13336483/ERR13336483_2.fastq.gz	2757676454;2805363149	58ae97fc8f21bb84a72a7384ccf9b582;4d425fd9d386a48158b229b2ca1c749b	ftp.sra.ebi.ac.uk/vol1/err/ERR133/083/ERR13336483/ERR13336483.bam	5516266588	0e4e69cbb3855bb17d6c4cee1eda8c1b	ftp.sra.ebi.ac.uk/vol1/run/ERR133/ERR13336483/W0166_leaf_clean_1.fastq.gz;ftp.sra.ebi.ac.uk/vol1/run/ERR133/ERR13336483/W0166_leaf_clean_2.fastq.gz	2663448496;2714445702	e8dd39431a40e895398efed9f63157e8;24338c0253f6ad8710770ed772ce8a09			
ERR13336489	ftp.sra.ebi.ac.uk/vol1/fastq/ERR133/089/ERR13336489/ERR13336489_1.fastq.gz;ftp.sra.ebi.ac.uk/vol1/fastq/ERR133/089/ERR13336489/ERR13336489_2.fastq.gz	2568615645;2963420424	e07d30c9c1af48f0a03e42ab7ee8a09d;d9f3efc04887df3990c7510d2c38bcde	ftp.sra.ebi.ac.uk/vol1/err/ERR133/089/ERR13336489/ERR13336489.bam	5489703539	7f61ab482ac254d1f75d510eee7d3fea	ftp.sra.ebi.ac.uk/vol1/run/ERR133/ERR13336489/W0573_leaf_clean_1.fastq.gz;ftp.sra.ebi.ac.uk/vol1/run/ERR133/ERR13336489/W0573_leaf_clean_2.fastq.gz	2472861621;2868163384	3aa3993d51c82102623b32c7ef513f33;c0f5410e71d22b0035390583f170644b			
ERR13336490	ftp.sra.ebi.ac.uk/vol1/fastq/ERR133/090/ERR13336490/ERR13336490_1.fastq.gz;ftp.sra.ebi.ac.uk/vol1/fastq/ERR133/090/ERR13336490/ERR13336490_2.fastq.gz	3160999723;3224599049	f833ec07425c8d7f5db4b624b1a79ca5;bd108b10cfeab9caafddc0f0db31ad54	ftp.sra.ebi.ac.uk/vol1/err/ERR133/090/ERR13336490/ERR13336490.bam	6130457512	2d6aabf15df240e48dcc34e33af6dc9d	ftp.sra.ebi.ac.uk/vol1/run/ERR133/ERR13336490/W0590_leaf_clean_1.fastq.gz;ftp.sra.ebi.ac.uk/vol1/run/ERR133/ERR13336490/W0590_leaf_clean_2.fastq.gz	2985926197;3049283750	11c61549bb7bfe8e466e5d3004c714ca;786c27bddbe11dce0838c490d751417c			
ERR13336491	ftp.sra.ebi.ac.uk/vol1/fastq/ERR133/091/ERR13336491/ERR13336491_1.fastq.gz;ftp.sra.ebi.ac.uk/vol1/fastq/ERR133/091/ERR13336491/ERR13336491_2.fastq.gz	2897386321;2897612635	4c6c9e270f0f6262be19dadfe1302f15;d11106069a62e126d6a007663fbe07e4	ftp.sra.ebi.ac.uk/vol1/err/ERR133/091/ERR13336491/ERR13336491.bam	5622179750	889e3c9288019c341166bb2ab264bf43	ftp.sra.ebi.ac.uk/vol1/run/ERR133/ERR13336491/W0594_leaf_clean_1.fastq.gz;ftp.sra.ebi.ac.uk/vol1/run/ERR133/ERR13336491/W0594_leaf_clean_2.fastq.gz	2759051318;2759002516	383e48ddc574134136bc0a8091c039e6;3d44b3930e94ee1153002899ba198fe3			
ERR13336495	ftp.sra.ebi.ac.uk/vol1/fastq/ERR133/095/ERR13336495/ERR13336495_1.fastq.gz;ftp.sra.ebi.ac.uk/vol1/fastq/ERR133/095/ERR13336495/ERR13336495_2.fastq.gz	2747142727;2794309311	7e236a93ad8abe7773826e78ae97848e;d18cb82c567e6e2a9654e1357d65e5b0	ftp.sra.ebi.ac.uk/vol1/err/ERR133/095/ERR13336495/ERR13336495.bam	5310458231	eec78841dec1c08531b1fce25359b1c6	ftp.sra.ebi.ac.uk/vol1/run/ERR133/ERR13336495/W0630_leaf_clean_1.fastq.gz;ftp.sra.ebi.ac.uk/vol1/run/ERR133/ERR13336495/W0630_leaf_clean_2.fastq.gz	2593259601;2640576206	b8931d4f8aa6f42b951a025aad9a4b2a;da20a6852d3385f69d99599116717348			
ERR13336496	ftp.sra.ebi.ac.uk/vol1/fastq/ERR133/096/ERR13336496/ERR13336496_1.fastq.gz;ftp.sra.ebi.ac.uk/vol1/fastq/ERR133/096/ERR13336496/ERR13336496_2.fastq.gz	2479938390;2525870052	e352e7c3bfb2fe9634511ea67a146f98;bb31ede7d2535e7fe01ba25a281bf987	ftp.sra.ebi.ac.uk/vol1/err/ERR133/096/ERR13336496/ERR13336496.bam	4781346099	34959b3e5cec3e9fbd93e3bce01ddddf	ftp.sra.ebi.ac.uk/vol1/run/ERR133/ERR13336496/W0632_leaf_clean_1.fastq.gz;ftp.sra.ebi.ac.uk/vol1/run/ERR133/ERR13336496/W0632_leaf_clean_2.fastq.gz	2341143394;2387429097	08f219d19d1297b928cfaf082e57804e;5441e099b15e8f15f19fd14e13072bbd			
ERR13336497	ftp.sra.ebi.ac.uk/vol1/fastq/ERR133/097/ERR13336497/ERR13336497_1.fastq.gz;ftp.sra.ebi.ac.uk/vol1/fastq/ERR133/097/ERR13336497/ERR13336497_2.fastq.gz	3546981412;3618299369	77dd6f422b91d9e2947b7e1f015977a2;2918c7c9fdd102145a8556f331116cd2	ftp.sra.ebi.ac.uk/vol1/err/ERR133/097/ERR13336497/ERR13336497.bam	6876316987	259bc34bd6dac7cab491b6836c52c408	ftp.sra.ebi.ac.uk/vol1/run/ERR133/ERR13336497/W0634_leaf_clean_1.fastq.gz;ftp.sra.ebi.ac.uk/vol1/run/ERR133/ERR13336497/W0634_leaf_clean_2.fastq.gz	3356126275;3427720930	ab5bca6b42ea74b4bd2ba8cf6d4974e1;f41a1127ee04c54db56da6f52902ded4			
ERR13336498	ftp.sra.ebi.ac.uk/vol1/fastq/ERR133/098/ERR13336498/ERR13336498_1.fastq.gz;ftp.sra.ebi.ac.uk/vol1/fastq/ERR133/098/ERR13336498/ERR13336498_2.fastq.gz	3099829089;3162769850	d0fdcd83c9ed7060988de56e2ed020ae;019bc2d6b7ee2a98b53cc815e2f6b21f	ftp.sra.ebi.ac.uk/vol1/err/ERR133/098/ERR13336498/ERR13336498.bam	5979547707	54ca6fe8c3ca8ef8b263ff95c6e8ffde	ftp.sra.ebi.ac.uk/vol1/run/ERR133/ERR13336498/W0639_leaf_clean_1.fastq.gz;ftp.sra.ebi.ac.uk/vol1/run/ERR133/ERR13336498/W0639_leaf_clean_2.fastq.gz	2929914948;2993096280	b2ff8b2b26e4768737969c6072a1c560;4e95b334f1d3bc563de034e4f1047b24			
ERR13336499	ftp.sra.ebi.ac.uk/vol1/fastq/ERR133/099/ERR13336499/ERR13336499_1.fastq.gz;ftp.sra.ebi.ac.uk/vol1/fastq/ERR133/099/ERR13336499/ERR13336499_2.fastq.gz	4892735293;5104677494	d78e77d6c992dfc3c00d943fbfe842f0;cca35c967a14ff664283640206f7df93	ftp.sra.ebi.ac.uk/vol1/err/ERR133/099/ERR13336499/ERR13336499.bam	9860003743	6c4cf0b56c694e01381258aecb2ac1d6	ftp.sra.ebi.ac.uk/vol1/run/ERR133/ERR13336499/W1080_leaf_clean_1.fastq.gz;ftp.sra.ebi.ac.uk/vol1/run/ERR133/ERR13336499/W1080_leaf_clean_2.fastq.gz	4717955408;4925742959	a74fcc33ae25308f720e3bdd68a96a30;361c1873da378d98903f4a3ed4da4bd0			
ERR13336500	ftp.sra.ebi.ac.uk/vol1/fastq/ERR133/000/ERR13336500/ERR13336500_1.fastq.gz;ftp.sra.ebi.ac.uk/vol1/fastq/ERR133/000/ERR13336500/ERR13336500_2.fastq.gz	2538842570;2576626906	69352b1d68154d371fddc674562cf03c;0187f041d0d3285a6a3b9893a1b32215	ftp.sra.ebi.ac.uk/vol1/err/ERR133/000/ERR13336500/ERR13336500.bam	4879039725	9edeaddc571e38c7fbf3b3b0d280256b	ftp.sra.ebi.ac.uk/vol1/run/ERR133/ERR13336500/W1084_leaf_clean_1.fastq.gz;ftp.sra.ebi.ac.uk/vol1/run/ERR133/ERR13336500/W1084_leaf_clean_2.fastq.gz	2396695459;2434704404	6b9fd7192a88698d0a06f478882d1828;05afbaa1126a7826f76f18574ccd6bda			
ERR13336504	ftp.sra.ebi.ac.uk/vol1/fastq/ERR133/004/ERR13336504/ERR13336504_1.fastq.gz;ftp.sra.ebi.ac.uk/vol1/fastq/ERR133/004/ERR13336504/ERR13336504_2.fastq.gz	2746802851;3010127286	0d8b4dd0fbd206f053dc478cb2f2fcd0;0fa2421b17abbf0aa11606feff1cc8a9	ftp.sra.ebi.ac.uk/vol1/err/ERR133/004/ERR13336504/ERR13336504.bam	5652976633	d928a8ff38d0cd02303882b45c8549e5	ftp.sra.ebi.ac.uk/vol1/run/ERR133/ERR13336504/W1126_leaf_clean_1.fastq.gz;ftp.sra.ebi.ac.uk/vol1/run/ERR133/ERR13336504/W1126_leaf_clean_2.fastq.gz	2648852437;2915165943	ba0d9ed7557ee1db7d7d93570194b5f9;3ba23e02b668a15bdf9b142b0818ca28			
ERR13336506	ftp.sra.ebi.ac.uk/vol1/fastq/ERR133/006/ERR13336506/ERR13336506_1.fastq.gz;ftp.sra.ebi.ac.uk/vol1/fastq/ERR133/006/ERR13336506/ERR13336506_2.fastq.gz	3344238280;3411376391	1122f604935a0486cf4140d5afc95406;d54164883dd639a5d07c4222cc46d442	ftp.sra.ebi.ac.uk/vol1/err/ERR133/006/ERR13336506/ERR13336506.bam	6472382321	b266b8fc4a350adba6e33faeec40e775	ftp.sra.ebi.ac.uk/vol1/run/ERR133/ERR13336506/W1214_leaf_clean_1.fastq.gz;ftp.sra.ebi.ac.uk/vol1/run/ERR133/ERR13336506/W1214_leaf_clean_2.fastq.gz	3163480069;3230668286	4acc313b39cef17daaf87660f93f9925;3bc4b368dff90d72308ef59e1b7d5448			
ERR13336509	ftp.sra.ebi.ac.uk/vol1/fastq/ERR133/009/ERR13336509/ERR13336509_1.fastq.gz;ftp.sra.ebi.ac.uk/vol1/fastq/ERR133/009/ERR13336509/ERR13336509_2.fastq.gz	2304109679;2366199098	330ba9944aefbc6099f1e8c84d4d9750;fd0f3a200faa83c43382d964a811a435	ftp.sra.ebi.ac.uk/vol1/err/ERR133/009/ERR13336509/ERR13336509.bam	4453479438	697ca97c39e35c3e108c77661a721b6a	ftp.sra.ebi.ac.uk/vol1/run/ERR133/ERR13336509/W1536_leaf_clean_1.fastq.gz;ftp.sra.ebi.ac.uk/vol1/run/ERR133/ERR13336509/W1536_leaf_clean_2.fastq.gz	2173731178;2236177104	e56919260a0e7a4f241a7026c8256342;3b9b248b095efe11543e19baecbabfea			
ERR13336515	ftp.sra.ebi.ac.uk/vol1/fastq/ERR133/015/ERR13336515/ERR13336515_1.fastq.gz;ftp.sra.ebi.ac.uk/vol1/fastq/ERR133/015/ERR13336515/ERR13336515_2.fastq.gz	3445619384;3553243396	a49f8811dd2df40f3d1a8407f911ae55;ad806b60742cd8f87990114e6b2d9fc5	ftp.sra.ebi.ac.uk/vol1/err/ERR133/015/ERR13336515/ERR13336515.bam	6741267321	51103c4f9906d6381d86f1196d8bd356	ftp.sra.ebi.ac.uk/vol1/run/ERR133/ERR13336515/W1557_leaf_clean_1.fastq.gz;ftp.sra.ebi.ac.uk/vol1/run/ERR133/ERR13336515/W1557_leaf_clean_2.fastq.gz	3262601616;3370359147	6f7db9bcd1aa45946ad9ffa943c1b1dd;f17d10c5ec7b2d006d5f303110c9f429			
ERR13336519	ftp.sra.ebi.ac.uk/vol1/fastq/ERR133/019/ERR13336519/ERR13336519_1.fastq.gz;ftp.sra.ebi.ac.uk/vol1/fastq/ERR133/019/ERR13336519/ERR13336519_2.fastq.gz	2908485651;3188853071	54ebdeac55c6d2fccb31e61359cd21b6;3ffee9d4ed26d085a436230af8a6a536	ftp.sra.ebi.ac.uk/vol1/err/ERR133/019/ERR13336519/ERR13336519.bam	5991073524	f0c25042d44dbd7e4d1c90c6d7042744	ftp.sra.ebi.ac.uk/vol1/run/ERR133/ERR13336519/W1668_leaf_clean_1.fastq.gz;ftp.sra.ebi.ac.uk/vol1/run/ERR133/ERR13336519/W1668_leaf_clean_2.fastq.gz	2789877141;3073663453	fa239a0dd304ff7da52d0c40fb2e2da1;539a15d2b5227bac44dbcc8eeba2124e			
ERR13336528	ftp.sra.ebi.ac.uk/vol1/fastq/ERR133/028/ERR13336528/ERR13336528_1.fastq.gz;ftp.sra.ebi.ac.uk/vol1/fastq/ERR133/028/ERR13336528/ERR13336528_2.fastq.gz	3046772280;3115062308	02edd539782f1fc68c406978557a9f23;4c11104b8b19204c7ced81181cf7ae52	ftp.sra.ebi.ac.uk/vol1/err/ERR133/028/ERR13336528/ERR13336528.bam	5920561979	74eac90bdde23babb0a623fccf1dc4a9	ftp.sra.ebi.ac.uk/vol1/run/ERR133/ERR13336528/W1732_leaf_clean_1.fastq.gz;ftp.sra.ebi.ac.uk/vol1/run/ERR133/ERR13336528/W1732_leaf_clean_2.fastq.gz	2876053065;2944405984	d166dfebb4ee41daad6a23180176f18b;fb5c083c3800e255d98fc8450569eeac			
ERR13336529	ftp.sra.ebi.ac.uk/vol1/fastq/ERR133/029/ERR13336529/ERR13336529_1.fastq.gz;ftp.sra.ebi.ac.uk/vol1/fastq/ERR133/029/ERR13336529/ERR13336529_2.fastq.gz	3405618336;3788626232	3ee7e5e5d1ca57189cf2e6611e294acf;6cba26604c27565051ff52cae4a5e70c	ftp.sra.ebi.ac.uk/vol1/err/ERR133/029/ERR13336529/ERR13336529.bam	7458703294	19d3bf949feb92cbdf67ec21d35cf04e	ftp.sra.ebi.ac.uk/vol1/run/ERR133/ERR13336529/W1735_leaf_clean_1.fastq.gz;ftp.sra.ebi.ac.uk/vol1/run/ERR133/ERR13336529/W1735_leaf_clean_2.fastq.gz	3249571096;3637184463	04a9a02cbcf2c969ea862b85da86308f;90af7c30b6f53f753599b1e69dddfb49			
ERR13336535	ftp.sra.ebi.ac.uk/vol1/fastq/ERR133/035/ERR13336535/ERR13336535_1.fastq.gz;ftp.sra.ebi.ac.uk/vol1/fastq/ERR133/035/ERR13336535/ERR13336535_2.fastq.gz	2716649670;2779412394	546ffc629e611d8912bdf28457b53e6d;2ffd22bb11ee1b7177afece00d94868f	ftp.sra.ebi.ac.uk/vol1/err/ERR133/035/ERR13336535/ERR13336535.bam	5281235115	46686eff530240df99beed5dbcd51d66	ftp.sra.ebi.ac.uk/vol1/run/ERR133/ERR13336535/W1777_leaf_clean_1.fastq.gz;ftp.sra.ebi.ac.uk/vol1/run/ERR133/ERR13336535/W1777_leaf_clean_2.fastq.gz	2569896473;2633124962	c92f7f600ea464915b272602ab731d98;808356742d58a8cdc67adb9a229a84f8			
ERR13336542	ftp.sra.ebi.ac.uk/vol1/fastq/ERR133/042/ERR13336542/ERR13336542_1.fastq.gz;ftp.sra.ebi.ac.uk/vol1/fastq/ERR133/042/ERR13336542/ERR13336542_2.fastq.gz	2571277949;2638226291	7d999d95e3472b380b15159acd36de7a;75086020c88bfa78e649c3c3a761c49a	ftp.sra.ebi.ac.uk/vol1/err/ERR133/042/ERR13336542/ERR13336542.bam	4959443331	35081f95d2b471a6c1dca417da1470a0	ftp.sra.ebi.ac.uk/vol1/run/ERR133/ERR13336542/W1859_leaf_clean_1.fastq.gz;ftp.sra.ebi.ac.uk/vol1/run/ERR133/ERR13336542/W1859_leaf_clean_2.fastq.gz	2428162611;2495255073	c01b05a105904c041258ed9b4f6dbb1d;8c68172ecd514a5fa07be2fe7ee9714b			
ERR13336543	ftp.sra.ebi.ac.uk/vol1/fastq/ERR133/043/ERR13336543/ERR13336543_1.fastq.gz;ftp.sra.ebi.ac.uk/vol1/fastq/ERR133/043/ERR13336543/ERR13336543_2.fastq.gz	3036270568;2937703125	fa27e555f46d4d32a32bd5bd36b88d3f;2e1f90cd3a63c23f1901ae70ce883f09	ftp.sra.ebi.ac.uk/vol1/err/ERR133/043/ERR13336543/ERR13336543.bam	6244006600	57b7f47872f0e4e0ed6fcb02dc68544e	ftp.sra.ebi.ac.uk/vol1/run/ERR133/ERR13336543/W1865_leaf_clean_1.fastq.gz;ftp.sra.ebi.ac.uk/vol1/run/ERR133/ERR13336543/W1865_leaf_clean_2.fastq.gz	2918494530;2809843130	b58c8605464b0cf9bc81fb8de8d28b59;29e9751ca1804af909506e11f8d190d3			
ERR13336545	ftp.sra.ebi.ac.uk/vol1/fastq/ERR133/045/ERR13336545/ERR13336545_1.fastq.gz;ftp.sra.ebi.ac.uk/vol1/fastq/ERR133/045/ERR13336545/ERR13336545_2.fastq.gz	2475489098;2535453083	4b5fbd0555b06807497d39c7f2198d54;0df6aaebd85287526c1705c0daffae60	ftp.sra.ebi.ac.uk/vol1/err/ERR133/045/ERR13336545/ERR13336545.bam	4803064726	b2f52025064c146f8e01355abbff7f59	ftp.sra.ebi.ac.uk/vol1/run/ERR133/ERR13336545/W1890_leaf_clean_1.fastq.gz;ftp.sra.ebi.ac.uk/vol1/run/ERR133/ERR13336545/W1890_leaf_clean_2.fastq.gz	2339722681;2400059988	6edf5a5ffc64046fd41f288fb4e71007;fc9c62bce85fafb2fd2ce1ab7c4fea2a			
ERR13336546	ftp.sra.ebi.ac.uk/vol1/fastq/ERR133/046/ERR13336546/ERR13336546_1.fastq.gz;ftp.sra.ebi.ac.uk/vol1/fastq/ERR133/046/ERR13336546/ERR13336546_2.fastq.gz	2513966121;2580450963	e39d091481cef3b2587a53eec2afbc62;8b6baeb4e69013c2693bebc43e3eae0d	ftp.sra.ebi.ac.uk/vol1/err/ERR133/046/ERR13336546/ERR13336546.bam	4881766827	afa15af629e7a8492a875f9a82f02da0	ftp.sra.ebi.ac.uk/vol1/run/ERR133/ERR13336546/W1895_leaf_clean_1.fastq.gz;ftp.sra.ebi.ac.uk/vol1/run/ERR133/ERR13336546/W1895_leaf_clean_2.fastq.gz	2378179002;2444943899	3a1d37c87a9f01ae1f126325b3760017;7cc87d2dce06877b958180b95b998e3f			
ERR13336548	ftp.sra.ebi.ac.uk/vol1/fastq/ERR133/048/ERR13336548/ERR13336548_1.fastq.gz;ftp.sra.ebi.ac.uk/vol1/fastq/ERR133/048/ERR13336548/ERR13336548_2.fastq.gz	2623244580;3013816001	3d3eb9513b4ae6c7e11743696913ae43;234a10d3d16110c1f77830dd3114d097	ftp.sra.ebi.ac.uk/vol1/err/ERR133/048/ERR13336548/ERR13336548.bam	5566461704	56a4e9a3065b8d491a13b69e21749810	ftp.sra.ebi.ac.uk/vol1/run/ERR133/ERR13336548/W1943_leaf_clean_1.fastq.gz;ftp.sra.ebi.ac.uk/vol1/run/ERR133/ERR13336548/W1943_leaf_clean_2.fastq.gz	2527802874;2924023451	b57a0004cda8824d0c68e237cd19c73c;29435110599e785ad99454851edcd184			
ERR13336551	ftp.sra.ebi.ac.uk/vol1/fastq/ERR133/051/ERR13336551/ERR13336551_1.fastq.gz;ftp.sra.ebi.ac.uk/vol1/fastq/ERR133/051/ERR13336551/ERR13336551_2.fastq.gz	2608166433;2654753650	90bd8adf2141e457eb9a3120e2d851da;c72de0fff22627de6169efa8fcf0adec	ftp.sra.ebi.ac.uk/vol1/err/ERR133/051/ERR13336551/ERR13336551.bam	5031485499	c12ce19785e466902bf5192e24d3410f	ftp.sra.ebi.ac.uk/vol1/run/ERR133/ERR13336551/W2005_leaf_clean_1.fastq.gz;ftp.sra.ebi.ac.uk/vol1/run/ERR133/ERR13336551/W2005_leaf_clean_2.fastq.gz	2463336183;2510279972	39421799938effa99d932acd81f47b85;28b1113b2c344993057437a7c2c205eb			
ERR13336554	ftp.sra.ebi.ac.uk/vol1/fastq/ERR133/054/ERR13336554/ERR13336554_1.fastq.gz;ftp.sra.ebi.ac.uk/vol1/fastq/ERR133/054/ERR13336554/ERR13336554_2.fastq.gz	2518559147;2599645732	a3674983454f10d9bc7aa8355aafb12c;0abaed362b7848a0168f9cd4ac1c4232	ftp.sra.ebi.ac.uk/vol1/err/ERR133/054/ERR13336554/ERR13336554.bam	4875604438	bb1bd07813cc3ef1390178c4d8e2d1fc	ftp.sra.ebi.ac.uk/vol1/run/ERR133/ERR13336554/W2051_leaf_clean_1.fastq.gz;ftp.sra.ebi.ac.uk/vol1/run/ERR133/ERR13336554/W2051_leaf_clean_2.fastq.gz	2380204549;2461682500	a54520c1308d69920d218a8b6f4e34a3;bd46f05a4cdb569c705f4bedbb22fd7a			
ERR13336555	ftp.sra.ebi.ac.uk/vol1/fastq/ERR133/055/ERR13336555/ERR13336555_1.fastq.gz;ftp.sra.ebi.ac.uk/vol1/fastq/ERR133/055/ERR13336555/ERR13336555_2.fastq.gz	4404565954;4646677218	e719365a055126744203ba242152d1cd;2adfdb8a753ad9eecae1fd73f119efdf	ftp.sra.ebi.ac.uk/vol1/err/ERR133/055/ERR13336555/ERR13336555.bam	8906886041	7347548c0f57079ae5657c77aabb7fac	ftp.sra.ebi.ac.uk/vol1/run/ERR133/ERR13336555/W2053_leaf_clean_1.fastq.gz;ftp.sra.ebi.ac.uk/vol1/run/ERR133/ERR13336555/W2053_leaf_clean_2.fastq.gz	4255272516;4492292518	35cb77842e0215793531684bd83a541b;829f0330d7f3ce342a0b505607ff58e9			
ERR13336557	ftp.sra.ebi.ac.uk/vol1/fastq/ERR133/057/ERR13336557/ERR13336557_1.fastq.gz;ftp.sra.ebi.ac.uk/vol1/fastq/ERR133/057/ERR13336557/ERR13336557_2.fastq.gz	2879454478;2932933917	7bd4a1b7d085182f5b8b7e35d5fa3831;b9f0685cf10d0b68be26d32691433832	ftp.sra.ebi.ac.uk/vol1/err/ERR133/057/ERR13336557/ERR13336557.bam	5566535375	b7113807d1f5f9d1e41f527f122f047b	ftp.sra.ebi.ac.uk/vol1/run/ERR133/ERR13336557/W2066_leaf_clean_1.fastq.gz;ftp.sra.ebi.ac.uk/vol1/run/ERR133/ERR13336557/W2066_leaf_clean_2.fastq.gz	2721610631;2775451245	498ec210a409f0da61f2cf80935421d6;7c1da5238ef4c6ca8187e0156d863464			
ERR13336558	ftp.sra.ebi.ac.uk/vol1/fastq/ERR133/058/ERR13336558/ERR13336558_1.fastq.gz;ftp.sra.ebi.ac.uk/vol1/fastq/ERR133/058/ERR13336558/ERR13336558_2.fastq.gz	2891602093;2945081485	ca5200c69b7fcb604b6e8578d446ff30;bdb30c1da1fa32c1371b4a82cd70b724	ftp.sra.ebi.ac.uk/vol1/err/ERR133/058/ERR13336558/ERR13336558.bam	5565065841	f41f9eb162fc79cfc3b0e6d385272f86	ftp.sra.ebi.ac.uk/vol1/run/ERR133/ERR13336558/W2099_leaf_clean_1.fastq.gz;ftp.sra.ebi.ac.uk/vol1/run/ERR133/ERR13336558/W2099_leaf_clean_2.fastq.gz	2731851867;2785246328	36a149ff9927373e7310f591fdba2b4b;a941667320c27f0b2a6846854f08fae3			
ERR13336559	ftp.sra.ebi.ac.uk/vol1/fastq/ERR133/059/ERR13336559/ERR13336559_1.fastq.gz;ftp.sra.ebi.ac.uk/vol1/fastq/ERR133/059/ERR13336559/ERR13336559_2.fastq.gz	2897919433;2976532732	f0c346352784126025aa9a2104318384;3dd24c46c42142c8126c4a92da6a3278	ftp.sra.ebi.ac.uk/vol1/err/ERR133/059/ERR13336559/ERR13336559.bam	5595698087	b1e333446554b19980d22d5ce23fc9ed	ftp.sra.ebi.ac.uk/vol1/run/ERR133/ERR13336559/W2108_leaf_clean_1.fastq.gz;ftp.sra.ebi.ac.uk/vol1/run/ERR133/ERR13336559/W2108_leaf_clean_2.fastq.gz	2741582849;2820832463	09c2117832836005c98a56063993ea4f;eb8cbee6d082f080efcf0a2eb91deb6e			
ERR13336563	ftp.sra.ebi.ac.uk/vol1/fastq/ERR133/063/ERR13336563/ERR13336563_1.fastq.gz;ftp.sra.ebi.ac.uk/vol1/fastq/ERR133/063/ERR13336563/ERR13336563_2.fastq.gz	2328058582;2412521148	4430e79744ee54d766176b2a14628a34;06f1403c4dee7b1acf320bb7e7a206da	ftp.sra.ebi.ac.uk/vol1/err/ERR133/063/ERR13336563/ERR13336563.bam	4547964489	087d52e8dc6aec1b8013d824c45630a9	ftp.sra.ebi.ac.uk/vol1/run/ERR133/ERR13336563/W2283_leaf_clean_1.fastq.gz;ftp.sra.ebi.ac.uk/vol1/run/ERR133/ERR13336563/W2283_leaf_clean_2.fastq.gz	2199726924;2284543048	ca3852e77d5c27aa463977bf3760c731;f458fc66f9eabe1e1e29417a4383ba0d			
ERR13336565	ftp.sra.ebi.ac.uk/vol1/fastq/ERR133/065/ERR13336565/ERR13336565_1.fastq.gz;ftp.sra.ebi.ac.uk/vol1/fastq/ERR133/065/ERR13336565/ERR13336565_2.fastq.gz	1699234621;1924519581	505000ee0fce7c99d1b404a4f6cd9fd0;4a81ae1c90b8be1ced22977762049181	ftp.sra.ebi.ac.uk/vol1/err/ERR133/065/ERR13336565/ERR13336565.bam	3569726951	53de2b174af09ac4312be2f82fc5ca5d	ftp.sra.ebi.ac.uk/vol1/run/ERR133/ERR13336565/W2308_leaf_clean_1.fastq.gz;ftp.sra.ebi.ac.uk/vol1/run/ERR133/ERR13336565/W2308_leaf_clean_2.fastq.gz	1618451629;1843888113	ab183c86d99e7f14aa1e88bb6011cc3d;165952bf319401f898ec620f306b744a			
ERR13336567	ftp.sra.ebi.ac.uk/vol1/fastq/ERR133/067/ERR13336567/ERR13336567_1.fastq.gz;ftp.sra.ebi.ac.uk/vol1/fastq/ERR133/067/ERR13336567/ERR13336567_2.fastq.gz	3369601182;3757015960	51c55611f70a5ae3900b133a286a8aa9;9d583ab5fa342f2a08239af433eaafb0	ftp.sra.ebi.ac.uk/vol1/err/ERR133/067/ERR13336567/ERR13336567.bam	7039696709	9b4d4ecb8efde8f3df838a7b31dacd57	ftp.sra.ebi.ac.uk/vol1/run/ERR133/ERR13336567/W2311_leaf_clean_1.fastq.gz;ftp.sra.ebi.ac.uk/vol1/run/ERR133/ERR13336567/W2311_leaf_clean_2.fastq.gz	3241592185;3632118992	addaacde009f1fbd9882f2c69bd70b83;a7ce2202bf50b6a502d6c31e9ce56bb9			
ERR13336568	ftp.sra.ebi.ac.uk/vol1/fastq/ERR133/068/ERR13336568/ERR13336568_1.fastq.gz;ftp.sra.ebi.ac.uk/vol1/fastq/ERR133/068/ERR13336568/ERR13336568_2.fastq.gz	2723236321;2776739646	2c8cce09d97eaba8bab9960f87dc4e97;895bc592ec2f6588d0d8d367808eb4d9	ftp.sra.ebi.ac.uk/vol1/err/ERR133/068/ERR13336568/ERR13336568.bam	5285779973	9ad94ab4b29941e22c5489010adb0c95	ftp.sra.ebi.ac.uk/vol1/run/ERR133/ERR13336568/W2318_leaf_clean_1.fastq.gz;ftp.sra.ebi.ac.uk/vol1/run/ERR133/ERR13336568/W2318_leaf_clean_2.fastq.gz	2571633530;2625204284	0e2640abb027246feb05e97f939e02d7;ba153e54160c276cdd0adf664190c53f			
ERR13336569	ftp.sra.ebi.ac.uk/vol1/fastq/ERR133/069/ERR13336569/ERR13336569_1.fastq.gz;ftp.sra.ebi.ac.uk/vol1/fastq/ERR133/069/ERR13336569/ERR13336569_2.fastq.gz	2600723035;2686379801	32a455201f56f1d752bbeab0b3932fd2;ac832282675a4d687a1a891b0cb8ec58	ftp.sra.ebi.ac.uk/vol1/err/ERR133/069/ERR13336569/ERR13336569.bam	5097521729	04fb55418094694f9479574f04f455ae	ftp.sra.ebi.ac.uk/vol1/run/ERR133/ERR13336569/W2319_leaf_clean_1.fastq.gz;ftp.sra.ebi.ac.uk/vol1/run/ERR133/ERR13336569/W2319_leaf_clean_2.fastq.gz	2458036980;2543978811	26bb43ae7e80dcb6c9586989b03a3def;cc201e8c28dc50392498affef680794c			
ERR13336573	ftp.sra.ebi.ac.uk/vol1/fastq/ERR133/073/ERR13336573/ERR13336573_1.fastq.gz;ftp.sra.ebi.ac.uk/vol1/fastq/ERR133/073/ERR13336573/ERR13336573_2.fastq.gz	1741574414;1931168665	d36deaa558acb8002c82717e5a60412d;76fbdc2c8f6f224f7d5c685416180b7d	ftp.sra.ebi.ac.uk/vol1/err/ERR133/073/ERR13336573/ERR13336573.bam	3607213286	e8f56fe9b6a9343f18f971ceb2b9d1f2	ftp.sra.ebi.ac.uk/vol1/run/ERR133/ERR13336573/W3000_leaf_clean_1.fastq.gz;ftp.sra.ebi.ac.uk/vol1/run/ERR133/ERR13336573/W3000_leaf_clean_2.fastq.gz	1654304458;1845351719	daf5e3e5d39152e1068b51b45c6694eb;54b59eba5e4b8fd66ea8be1972ba0c15			
ERR13336575	ftp.sra.ebi.ac.uk/vol1/fastq/ERR133/075/ERR13336575/ERR13336575_1.fastq.gz;ftp.sra.ebi.ac.uk/vol1/fastq/ERR133/075/ERR13336575/ERR13336575_2.fastq.gz	2201921030;2248870756	378f7f1e9f18fcf0e8cf906534e2ec20;327003addadc75930150b9f9276d7bfc	ftp.sra.ebi.ac.uk/vol1/err/ERR133/075/ERR13336575/ERR13336575.bam	4277813783	a995099cd8871c56e6d65da514adbf66	ftp.sra.ebi.ac.uk/vol1/run/ERR133/ERR13336575/W3009_leaf_clean_1.fastq.gz;ftp.sra.ebi.ac.uk/vol1/run/ERR133/ERR13336575/W3009_leaf_clean_2.fastq.gz	2077199522;2124636541	aabe2b1cc877976d758d51cd1619b8bb;fca84608838aa7b0efa9344c5792c7d4			
ERR13336578	ftp.sra.ebi.ac.uk/vol1/fastq/ERR133/078/ERR13336578/ERR13336578_1.fastq.gz;ftp.sra.ebi.ac.uk/vol1/fastq/ERR133/078/ERR13336578/ERR13336578_2.fastq.gz	2736285265;2833010294	f35f3d552d66046e5c01ed9c23497e5e;6c249aa3ef31e49a39d0dbe42176cc1e	ftp.sra.ebi.ac.uk/vol1/err/ERR133/078/ERR13336578/ERR13336578.bam	5334570726	27f6b969c209ffe1abec53b61724ab14	ftp.sra.ebi.ac.uk/vol1/run/ERR133/ERR13336578/W3033_leaf_clean_1.fastq.gz;ftp.sra.ebi.ac.uk/vol1/run/ERR133/ERR13336578/W3033_leaf_clean_2.fastq.gz	2584310737;2681574044	dd8abb55808f67fbfb41e6f7c5b387d8;2825e3858392bc44bd1b9a00337d635a			
ERR13336582							ftp.sra.ebi.ac.uk/vol1/run/ERR133/ERR13336582/W3040_leaf_clean_1.fastq.gz;ftp.sra.ebi.ac.uk/vol1/run/ERR133/ERR13336582/W3040_leaf_clean_2.fastq.gz	3441711067;3677318528	37667ea605915c119b8dfdc35f285969;870594641c9c6cf1f8ea10131d8073fc			
ERR13336584	ftp.sra.ebi.ac.uk/vol1/fastq/ERR133/084/ERR13336584/ERR13336584_1.fastq.gz;ftp.sra.ebi.ac.uk/vol1/fastq/ERR133/084/ERR13336584/ERR13336584_2.fastq.gz	2349181367;2417165056	525c8e1d699417c3efdd594eb7a7eb6d;9a026da425476de12b2ba5da3d8794e5	ftp.sra.ebi.ac.uk/vol1/err/ERR133/084/ERR13336584/ERR13336584.bam	4600958798	de2a86d89ca1c4a93a3d70b60bcd7113	ftp.sra.ebi.ac.uk/vol1/run/ERR133/ERR13336584/W3047_leaf_clean_1.fastq.gz;ftp.sra.ebi.ac.uk/vol1/run/ERR133/ERR13336584/W3047_leaf_clean_2.fastq.gz	2219335123;2287635477	213f8a31dabe89c05d1aab1ca6fb4c5d;bc2490e1f7817fdc26cd9bbd6dcb7b4e			
ERR13336587	ftp.sra.ebi.ac.uk/vol1/fastq/ERR133/087/ERR13336587/ERR13336587_1.fastq.gz;ftp.sra.ebi.ac.uk/vol1/fastq/ERR133/087/ERR13336587/ERR13336587_2.fastq.gz	2928871750;3275726628	ddbf22e462327d36bcb6f7fd97a614ab;7260251c94fb0c73ed734bd08c1cc857	ftp.sra.ebi.ac.uk/vol1/err/ERR133/087/ERR13336587/ERR13336587.bam	6081758654	3a7d1fe21838459681c4a79721b71f2c	ftp.sra.ebi.ac.uk/vol1/run/ERR133/ERR13336587/W3054_leaf_clean_1.fastq.gz;ftp.sra.ebi.ac.uk/vol1/run/ERR133/ERR13336587/W3054_leaf_clean_2.fastq.gz	2821116780;3171959210	93fefd6f4c56344993ba2ba23b31d0ab;880b372f1309d8b9b14e814fdfcb34a7			
ERR13336591	ftp.sra.ebi.ac.uk/vol1/fastq/ERR133/091/ERR13336591/ERR13336591_1.fastq.gz;ftp.sra.ebi.ac.uk/vol1/fastq/ERR133/091/ERR13336591/ERR13336591_2.fastq.gz	2508139689;2782361866	502d46780c60664e3b4f6e4e099517bd;62e22aa83eecced2ad2ac912eeac2392	ftp.sra.ebi.ac.uk/vol1/err/ERR133/091/ERR13336591/ERR13336591.bam	5188815181	07bf512df4fa1fe0e3d2fa9bb305cbbd	ftp.sra.ebi.ac.uk/vol1/run/ERR133/ERR13336591/W3071_leaf_clean_1.fastq.gz;ftp.sra.ebi.ac.uk/vol1/run/ERR133/ERR13336591/W3071_leaf_clean_2.fastq.gz	2415824010;2693134858	e9556ee658fafba3f84e5aa5a263978c;b7218a5c0af848fe5be3c19cf248fa46			
ERR13336592	ftp.sra.ebi.ac.uk/vol1/fastq/ERR133/092/ERR13336592/ERR13336592_1.fastq.gz;ftp.sra.ebi.ac.uk/vol1/fastq/ERR133/092/ERR13336592/ERR13336592_2.fastq.gz	3207344772;3495826358	2f9c013a58f444598040c3ebafc46fd8;49d52434b0438f5e52f1cfed7b2e05d5	ftp.sra.ebi.ac.uk/vol1/err/ERR133/092/ERR13336592/ERR13336592.bam	6575188578	ca03cac19286b56ef3bee17386f35115	ftp.sra.ebi.ac.uk/vol1/run/ERR133/ERR13336592/W3074_leaf_clean_1.fastq.gz;ftp.sra.ebi.ac.uk/vol1/run/ERR133/ERR13336592/W3074_leaf_clean_2.fastq.gz	3091010499;3383596736	9cf83937a7e6de41549adcc25dbb6923;a5dc8fabaf6682439a9b1b5d0ff6ce1d			
ERR13336594	ftp.sra.ebi.ac.uk/vol1/fastq/ERR133/094/ERR13336594/ERR13336594_1.fastq.gz;ftp.sra.ebi.ac.uk/vol1/fastq/ERR133/094/ERR13336594/ERR13336594_2.fastq.gz	2682377298;2772509225	6c733ec4e5cb188078cfc17d4b81583c;f674e132d4f0125eddda6f91244fb0b8	ftp.sra.ebi.ac.uk/vol1/err/ERR133/094/ERR13336594/ERR13336594.bam	5239137692	08899f4479550cb2f473f61059789f1b	ftp.sra.ebi.ac.uk/vol1/run/ERR133/ERR13336594/W3086_leaf_clean_1.fastq.gz;ftp.sra.ebi.ac.uk/vol1/run/ERR133/ERR13336594/W3086_leaf_clean_2.fastq.gz	2533256995;2624012019	5ceb844e8f3aa8a2064713e02d954049;1c40d9b2aa1e4f3858a22b65711352d7			
ERR13336595	ftp.sra.ebi.ac.uk/vol1/fastq/ERR133/095/ERR13336595/ERR13336595_1.fastq.gz;ftp.sra.ebi.ac.uk/vol1/fastq/ERR133/095/ERR13336595/ERR13336595_2.fastq.gz	3275226563;3536616760	f0229dbae44c4115d2184a2f58648d19;6f3ba3cd4e1f1493bf37a877da576fda	ftp.sra.ebi.ac.uk/vol1/err/ERR133/095/ERR13336595/ERR13336595.bam	6723922274	dfb52147c08892e45bd5081d6c5b6d6e	ftp.sra.ebi.ac.uk/vol1/run/ERR133/ERR13336595/W3088_leaf_clean_1.fastq.gz;ftp.sra.ebi.ac.uk/vol1/run/ERR133/ERR13336595/W3088_leaf_clean_2.fastq.gz	3161968221;3424081060	5e51e42a9cc4ff31b5148224fab5e7d1;915d322272dd02a5f148069de0635fe7			
ERR13336596	ftp.sra.ebi.ac.uk/vol1/fastq/ERR133/096/ERR13336596/ERR13336596_1.fastq.gz;ftp.sra.ebi.ac.uk/vol1/fastq/ERR133/096/ERR13336596/ERR13336596_2.fastq.gz	2508714558;2540043446	c5e66daf92570b2bf1dd9d1e826fa071;9130ba2a02fc2da992bea85641306ff8	ftp.sra.ebi.ac.uk/vol1/err/ERR133/096/ERR13336596/ERR13336596.bam	4825572604	efb870cacd0135f4e997e87a6a883c71	ftp.sra.ebi.ac.uk/vol1/run/ERR133/ERR13336596/W3090_leaf_clean_1.fastq.gz;ftp.sra.ebi.ac.uk/vol1/run/ERR133/ERR13336596/W3090_leaf_clean_2.fastq.gz	2368126016;2399175446	b4b953ba6d0e453def44555977a1e90a;e0f661e2400ff6e1e6b771a2fd2b878b			
ERR13336597	ftp.sra.ebi.ac.uk/vol1/fastq/ERR133/097/ERR13336597/ERR13336597_1.fastq.gz;ftp.sra.ebi.ac.uk/vol1/fastq/ERR133/097/ERR13336597/ERR13336597_2.fastq.gz	2179618673;2444197498	f168a508714dd9657c89251b08765ecb;bdb49749c87452c4f40225ba7168725e	ftp.sra.ebi.ac.uk/vol1/err/ERR133/097/ERR13336597/ERR13336597.bam	4573870116	52367832f73ce62f69f99ea5186226e5	ftp.sra.ebi.ac.uk/vol1/run/ERR133/ERR13336597/W3092_leaf_clean_1.fastq.gz;ftp.sra.ebi.ac.uk/vol1/run/ERR133/ERR13336597/W3092_leaf_clean_2.fastq.gz	2097198901;2363149450	e2a407055f972dcfe57b70929d89983c;561a7843c6910a51df21a92011dc36ec			
ERR13336600	ftp.sra.ebi.ac.uk/vol1/fastq/ERR133/000/ERR13336600/ERR13336600_1.fastq.gz;ftp.sra.ebi.ac.uk/vol1/fastq/ERR133/000/ERR13336600/ERR13336600_2.fastq.gz	2937238042;3009843375	e5074aa7e7a11deb20f8852c0b046844;71df249bfb58e4342cb28dcf12166b72	ftp.sra.ebi.ac.uk/vol1/err/ERR133/000/ERR13336600/ERR13336600.bam	5670221753	28a0d8a625305b21710f18a00f66865b	ftp.sra.ebi.ac.uk/vol1/run/ERR133/ERR13336600/Gla4_root_clean_1.fastq.gz;ftp.sra.ebi.ac.uk/vol1/run/ERR133/ERR13336600/Gla4_root_clean_2.fastq.gz	2775053308;2845758283	441f372031c7ca605c0452069bf15df3;e487eadb75fc527f18de1e985413c0fb			
ERR13336601	ftp.sra.ebi.ac.uk/vol1/fastq/ERR133/001/ERR13336601/ERR13336601_1.fastq.gz;ftp.sra.ebi.ac.uk/vol1/fastq/ERR133/001/ERR13336601/ERR13336601_2.fastq.gz	3559621948;3727636484	4867efd91b5c935176faeffa2e415f9a;086eae7a1cac396fcdb901c6ce0316fe	ftp.sra.ebi.ac.uk/vol1/err/ERR133/001/ERR13336601/ERR13336601.bam	7187449009	63f211db3c1c77504218a2f73227df39	ftp.sra.ebi.ac.uk/vol1/run/ERR133/ERR13336601/GP100_root_clean_1.fastq.gz;ftp.sra.ebi.ac.uk/vol1/run/ERR133/ERR13336601/GP100_root_clean_2.fastq.gz	3458066114;3623921544	da16a300b583b61c109f39ac8b3f1844;d5422112acf9b072f74f5304ec4b096c			
ERR13336602	ftp.sra.ebi.ac.uk/vol1/fastq/ERR133/002/ERR13336602/ERR13336602_1.fastq.gz;ftp.sra.ebi.ac.uk/vol1/fastq/ERR133/002/ERR13336602/ERR13336602_2.fastq.gz	3699401699;3871438868	0b56eb11060f05a2c987fa576621af14;bc9a5d9611f31682800d03711b792215	ftp.sra.ebi.ac.uk/vol1/err/ERR133/002/ERR13336602/ERR13336602.bam	7484542006	7cfc938a1412f72d1b4317a12e0129b3	ftp.sra.ebi.ac.uk/vol1/run/ERR133/ERR13336602/GP117_root_clean_1.fastq.gz;ftp.sra.ebi.ac.uk/vol1/run/ERR133/ERR13336602/GP117_root_clean_2.fastq.gz	3595904866;3766654471	d560599fe7b896cdb3c58765d1ab038a;fb178dc2214c65174151a473d93e4eba			
ERR13336603	ftp.sra.ebi.ac.uk/vol1/fastq/ERR133/003/ERR13336603/ERR13336603_1.fastq.gz;ftp.sra.ebi.ac.uk/vol1/fastq/ERR133/003/ERR13336603/ERR13336603_2.fastq.gz	2638778020;2595205587	11883207a955e2106646ffd7e2b9f230;860120660a19a2c8f5d0dd7ebd6b2b1b	ftp.sra.ebi.ac.uk/vol1/err/ERR133/003/ERR13336603/ERR13336603.bam	5163659725	c7d6cc7d825815adf0d7cf5ac2bac457	ftp.sra.ebi.ac.uk/vol1/run/ERR133/ERR13336603/GP119_root_clean_1.fastq.gz;ftp.sra.ebi.ac.uk/vol1/run/ERR133/ERR13336603/GP119_root_clean_2.fastq.gz	2559089966;2512752801	70d75c3f54d4adcb230c7d63c73d6678;6b8537152d45cfdc056536d2d8f78098			
ERR13336609	ftp.sra.ebi.ac.uk/vol1/fastq/ERR133/009/ERR13336609/ERR13336609_1.fastq.gz;ftp.sra.ebi.ac.uk/vol1/fastq/ERR133/009/ERR13336609/ERR13336609_2.fastq.gz	4583680655;4852480108	1d66c1fa0de96833e11424e41b584f5a;4d0505a4cd4a415bc9ca436573042ff0	ftp.sra.ebi.ac.uk/vol1/err/ERR133/009/ERR13336609/ERR13336609.bam	9291862369	1041623a9750ba01470502237b30b152	ftp.sra.ebi.ac.uk/vol1/run/ERR133/ERR13336609/GP622_root_clean_1.fastq.gz;ftp.sra.ebi.ac.uk/vol1/run/ERR133/ERR13336609/GP622_root_clean_2.fastq.gz	4419640273;4683487088	64fdb826754a5d36b1719eb93593943a;5bb87fded5cf8f850a4b29311089beda			
ERR13336614	ftp.sra.ebi.ac.uk/vol1/fastq/ERR133/014/ERR13336614/ERR13336614_1.fastq.gz;ftp.sra.ebi.ac.uk/vol1/fastq/ERR133/014/ERR13336614/ERR13336614_2.fastq.gz	4573350806;4847611810	72046d04a54af6594061a2c93ab66110;8e80b3803f788ca292a284d421ebd096	ftp.sra.ebi.ac.uk/vol1/err/ERR133/014/ERR13336614/ERR13336614.bam	9270470391	8d1912df992c06b414bd78908d120806	ftp.sra.ebi.ac.uk/vol1/run/ERR133/ERR13336614/Nip_hifi_root_clean_1.fastq.gz;ftp.sra.ebi.ac.uk/vol1/run/ERR133/ERR13336614/Nip_hifi_root_clean_2.fastq.gz	4417347829;4683181107	ec2d7b8089a768c9ffd74b1f689700b8;19cfca0f8af0f5388fd7f13dde295aec			
ERR13336615	ftp.sra.ebi.ac.uk/vol1/fastq/ERR133/015/ERR13336615/ERR13336615_1.fastq.gz;ftp.sra.ebi.ac.uk/vol1/fastq/ERR133/015/ERR13336615/ERR13336615_2.fastq.gz	2629244257;2705787032	c8ff36b637d3f61278c17476c143577a;d5135083a1a57475c90410937ed27273	ftp.sra.ebi.ac.uk/vol1/err/ERR133/015/ERR13336615/ERR13336615.bam	5072147660	aeafe3e4b5e35b13b45718cf6fe167c9	ftp.sra.ebi.ac.uk/vol1/run/ERR133/ERR13336615/OL2296_root_clean_1.fastq.gz;ftp.sra.ebi.ac.uk/vol1/run/ERR133/ERR13336615/OL2296_root_clean_2.fastq.gz	2485753584;2562813117	19ffc1ba1815975eb1e109e60015d42c;8636178dc78290853ea3b57bd6286551			
ERR13336625	ftp.sra.ebi.ac.uk/vol1/fastq/ERR133/025/ERR13336625/ERR13336625_1.fastq.gz;ftp.sra.ebi.ac.uk/vol1/fastq/ERR133/025/ERR13336625/ERR13336625_2.fastq.gz	2132057413;2201616300	7909d56a79fd1debac6b88e6381e5728;84415990837ddb3be5a65534a69d76ac	ftp.sra.ebi.ac.uk/vol1/err/ERR133/025/ERR13336625/ERR13336625.bam	4148383724	1bfd89af7904abb1e25620cbc01838bd	ftp.sra.ebi.ac.uk/vol1/run/ERR133/ERR13336625/W0137_root_clean_1.fastq.gz;ftp.sra.ebi.ac.uk/vol1/run/ERR133/ERR13336625/W0137_root_clean_2.fastq.gz	2015128215;2084930781	f4df3bd7e5f113f56914ec43d4ee7f6f;f87fa28667f87e8ea1905ac52b32992d			
ERR13336627	ftp.sra.ebi.ac.uk/vol1/fastq/ERR133/027/ERR13336627/ERR13336627_1.fastq.gz;ftp.sra.ebi.ac.uk/vol1/fastq/ERR133/027/ERR13336627/ERR13336627_2.fastq.gz	2528530777;2644750950	b0ff9e9eccbae4b40b6cc4e3656be3ae;f31dc63ae34587ed5903f76fea24aa3b	ftp.sra.ebi.ac.uk/vol1/err/ERR133/027/ERR13336627/ERR13336627.bam	5142940847	f1805bcc239932f6bc9095cf4d43572d	ftp.sra.ebi.ac.uk/vol1/run/ERR133/ERR13336627/W0145_root_clean_1.fastq.gz;ftp.sra.ebi.ac.uk/vol1/run/ERR133/ERR13336627/W0145_root_clean_2.fastq.gz	2449276109;2566367812	ce076d8eebd0f296995cc6cac7b22d3d;0966e61968c8f06317cf5b67efc41ee8			
ERR13336628	ftp.sra.ebi.ac.uk/vol1/fastq/ERR133/028/ERR13336628/ERR13336628_1.fastq.gz;ftp.sra.ebi.ac.uk/vol1/fastq/ERR133/028/ERR13336628/ERR13336628_2.fastq.gz	3124464137;3201670693	1f292b2598664e2a1c770732ef23d0ec;141a7a5291ca6a5913f95596a9f19e4f	ftp.sra.ebi.ac.uk/vol1/err/ERR133/028/ERR13336628/ERR13336628.bam	6044729304	982e3a9c52c77b7d9da08ddc7271c9c4	ftp.sra.ebi.ac.uk/vol1/run/ERR133/ERR13336628/W0147_root_clean_1.fastq.gz;ftp.sra.ebi.ac.uk/vol1/run/ERR133/ERR13336628/W0147_root_clean_2.fastq.gz	2955033465;3032504889	b24da7d3e27735681386e568e22bec68;bc539600dacc07d32fb2394925923dfb			
ERR13336629	ftp.sra.ebi.ac.uk/vol1/fastq/ERR133/029/ERR13336629/ERR13336629_1.fastq.gz;ftp.sra.ebi.ac.uk/vol1/fastq/ERR133/029/ERR13336629/ERR13336629_2.fastq.gz	3088963018;3284553661	fe7694666226a37c6725ea23d71b8a49;6ff62d65d2fe300f376db49f14a65ece	ftp.sra.ebi.ac.uk/vol1/err/ERR133/029/ERR13336629/ERR13336629.bam	6253850301	08a1323a833a06ec7dca2e05397028e1	ftp.sra.ebi.ac.uk/vol1/run/ERR133/ERR13336629/W0149_root_clean_1.fastq.gz;ftp.sra.ebi.ac.uk/vol1/run/ERR133/ERR13336629/W0149_root_clean_2.fastq.gz	2982298953;3177158404	3f70484e67da16ffbce0fbbd82395aba;8730e31a9e3fb4e2242ae9b03297f29c			
ERR13336630	ftp.sra.ebi.ac.uk/vol1/fastq/ERR133/030/ERR13336630/ERR13336630_1.fastq.gz;ftp.sra.ebi.ac.uk/vol1/fastq/ERR133/030/ERR13336630/ERR13336630_2.fastq.gz	3588224306;3830293847	3dd1280570d12c19faf0e2275437e99a;08eec357bcccc0559767d4fed2d08ad1	ftp.sra.ebi.ac.uk/vol1/err/ERR133/030/ERR13336630/ERR13336630.bam	7291147186	1459e9481368e4c6e177d45b405328ac	ftp.sra.ebi.ac.uk/vol1/run/ERR133/ERR13336630/W0157_root_clean_1.fastq.gz;ftp.sra.ebi.ac.uk/vol1/run/ERR133/ERR13336630/W0157_root_clean_2.fastq.gz	3463597060;3704873695	3ba0071a860c5623ffeca7258c165921;fac791c63b62886318f9d0102441c3b1			
ERR13336631	ftp.sra.ebi.ac.uk/vol1/fastq/ERR133/031/ERR13336631/ERR13336631_1.fastq.gz;ftp.sra.ebi.ac.uk/vol1/fastq/ERR133/031/ERR13336631/ERR13336631_2.fastq.gz	2298816837;2467003439	425945784526b7f6d2ac16ca49dc9b5e;d5702d6577c7a9db01cfa171c5f80624	ftp.sra.ebi.ac.uk/vol1/err/ERR133/031/ERR13336631/ERR13336631.bam	4890945607	4abd52140b0125cbe776ef83efe30040	ftp.sra.ebi.ac.uk/vol1/run/ERR133/ERR13336631/W0164_root_clean_1.fastq.gz;ftp.sra.ebi.ac.uk/vol1/run/ERR133/ERR13336631/W0164_root_clean_2.fastq.gz	2215773088;2385214337	14dac9fba1817ff2f4ea1fda5ad29521;ab61721c4e8d5d9f48365c07550af927			
ERR13336632	ftp.sra.ebi.ac.uk/vol1/fastq/ERR133/032/ERR13336632/ERR13336632_1.fastq.gz;ftp.sra.ebi.ac.uk/vol1/fastq/ERR133/032/ERR13336632/ERR13336632_2.fastq.gz	3570154217;3722372720	4ada48144ed90420787078d3a5b87eba;abd18236a7a351325390a8a51b84f730	ftp.sra.ebi.ac.uk/vol1/err/ERR133/032/ERR13336632/ERR13336632.bam	7181831090	88525da099c05466cee468e589efe7e8	ftp.sra.ebi.ac.uk/vol1/run/ERR133/ERR13336632/W0166_root_clean_1.fastq.gz;ftp.sra.ebi.ac.uk/vol1/run/ERR133/ERR13336632/W0166_root_clean_2.fastq.gz	3442956742;3596595776	f06b0a9ab3e8cf431d25f359cabdc2a9;14a2586a13c4c95fa5aaff86483028c4			
ERR13336636	ftp.sra.ebi.ac.uk/vol1/fastq/ERR133/036/ERR13336636/ERR13336636_1.fastq.gz;ftp.sra.ebi.ac.uk/vol1/fastq/ERR133/036/ERR13336636/ERR13336636_2.fastq.gz	2157411972;2237356971	231f1f4028a9e3847bc8fcbafacbc35a;5e7d23e96efed4c3ce451d45fce36d7c	ftp.sra.ebi.ac.uk/vol1/err/ERR133/036/ERR13336636/ERR13336636.bam	4210254595	83c04227be65c11a52328493099d44e5	ftp.sra.ebi.ac.uk/vol1/run/ERR133/ERR13336636/W0180_root_clean_1.fastq.gz;ftp.sra.ebi.ac.uk/vol1/run/ERR133/ERR13336636/W0180_root_clean_2.fastq.gz	2039759226;2119986176	ccb6aa9114a3634874567320f136f62b;a4449df4adaadf19a7945f6a428c3ab1			
ERR13336637	ftp.sra.ebi.ac.uk/vol1/fastq/ERR133/037/ERR13336637/ERR13336637_1.fastq.gz;ftp.sra.ebi.ac.uk/vol1/fastq/ERR133/037/ERR13336637/ERR13336637_2.fastq.gz	2697275260;2783930561	97287b72941a0ee109f85259d1e2e91b;ed7beb8c0217c8378b01e1060230ff59	ftp.sra.ebi.ac.uk/vol1/err/ERR133/037/ERR13336637/ERR13336637.bam	5244335593	47627ba5edfae4830a1b39c3e9687af5	ftp.sra.ebi.ac.uk/vol1/run/ERR133/ERR13336637/W0234_root_clean_1.fastq.gz;ftp.sra.ebi.ac.uk/vol1/run/ERR133/ERR13336637/W0234_root_clean_2.fastq.gz	2552332738;2639466768	288a612709441e788d1b6fb0126d43e9;1c2167b5d9665fa3b7b581e9a8d0e204			
ERR13336638	ftp.sra.ebi.ac.uk/vol1/fastq/ERR133/038/ERR13336638/ERR13336638_1.fastq.gz;ftp.sra.ebi.ac.uk/vol1/fastq/ERR133/038/ERR13336638/ERR13336638_2.fastq.gz	3322693345;3573195847	57f8fb099e51a12a99c8928200ec6c53;f55ac074e5d572e21cca11594fb01c65	ftp.sra.ebi.ac.uk/vol1/err/ERR133/038/ERR13336638/ERR13336638.bam	6800183739	84c63c415e7c38938321b29ddfc2ea20	ftp.sra.ebi.ac.uk/vol1/run/ERR133/ERR13336638/W0573_root_clean_1.fastq.gz;ftp.sra.ebi.ac.uk/vol1/run/ERR133/ERR13336638/W0573_root_clean_2.fastq.gz	3208312237;3459592104	214100ff8df845ed2c200a61e54c0add;5df8d30d6d7dbddae6caeefb69ba6dd9			
ERR13336644	ftp.sra.ebi.ac.uk/vol1/fastq/ERR133/044/ERR13336644/ERR13336644_1.fastq.gz;ftp.sra.ebi.ac.uk/vol1/fastq/ERR133/044/ERR13336644/ERR13336644_2.fastq.gz	2434189017;2494595874	b22997e883b6f8711fde15476b64ec87;12590a2cf70ddb4db32803dc2232a68c	ftp.sra.ebi.ac.uk/vol1/err/ERR133/044/ERR13336644/ERR13336644.bam	4723735731	5a7e60bea813ef50aa5e8e616b15cef0	ftp.sra.ebi.ac.uk/vol1/run/ERR133/ERR13336644/W0630_root_clean_1.fastq.gz;ftp.sra.ebi.ac.uk/vol1/run/ERR133/ERR13336644/W0630_root_clean_2.fastq.gz	2301550893;2362270132	138af661dff827f034e2fc595962d925;e672eda4467379e2374715202d67b03c			
ERR13336647	ftp.sra.ebi.ac.uk/vol1/fastq/ERR133/047/ERR13336647/ERR13336647_1.fastq.gz;ftp.sra.ebi.ac.uk/vol1/fastq/ERR133/047/ERR13336647/ERR13336647_2.fastq.gz	3451766094;3448790622	bef1e7eede3082c363f2e47cb7facae2;33dd696e2f303cd60426c91f122cd8a8	ftp.sra.ebi.ac.uk/vol1/err/ERR133/047/ERR13336647/ERR13336647.bam	6772777643	4df35b0aa6e79e8064300d8077ed1a45	ftp.sra.ebi.ac.uk/vol1/run/ERR133/ERR13336647/W0639_root_clean_1.fastq.gz;ftp.sra.ebi.ac.uk/vol1/run/ERR133/ERR13336647/W0639_root_clean_2.fastq.gz	3264558432;3262150737	7656581aa90d8f1c173d9e9ccaec7d17;a7a4d15e57dd2ff52c1d6e9d75810d51			
ERR13336648	ftp.sra.ebi.ac.uk/vol1/fastq/ERR133/048/ERR13336648/ERR13336648_1.fastq.gz;ftp.sra.ebi.ac.uk/vol1/fastq/ERR133/048/ERR13336648/ERR13336648_2.fastq.gz	5054879527;5339157502	f022978a040ec4e7eef6da04f43550d6;e442f28bf88d4038fe206f5d2d4083cb	ftp.sra.ebi.ac.uk/vol1/err/ERR133/048/ERR13336648/ERR13336648.bam	10220930554	99e69b9455f8c79aa0f156660054bcbf	ftp.sra.ebi.ac.uk/vol1/run/ERR133/ERR13336648/W1080_root_clean_1.fastq.gz;ftp.sra.ebi.ac.uk/vol1/run/ERR133/ERR13336648/W1080_root_clean_2.fastq.gz	4876547606;5155404019	82281ad8c5aa99c9161d1f44495e0d43;ff226f3c2620cde8ffbbfc38ea827248			
ERR13336651	ftp.sra.ebi.ac.uk/vol1/fastq/ERR133/051/ERR13336651/ERR13336651_1.fastq.gz;ftp.sra.ebi.ac.uk/vol1/fastq/ERR133/051/ERR13336651/ERR13336651_2.fastq.gz	2623843103;2674957597	9942c6df2e51edc2394df362d386c989;9a3dfc2c75fbead7cf22ec01171d1a03	ftp.sra.ebi.ac.uk/vol1/err/ERR133/051/ERR13336651/ERR13336651.bam	5076288657	2677a60fbd67325fca945120181592fd	ftp.sra.ebi.ac.uk/vol1/run/ERR133/ERR13336651/W1117_root_clean_1.fastq.gz;ftp.sra.ebi.ac.uk/vol1/run/ERR133/ERR13336651/W1117_root_clean_2.fastq.gz	2482367745;2533976054	e88b02381cf363fad75a78b5b907b7e5;f800b463187eb78d1ff3dd2aa29366f3			
ERR13336653	ftp.sra.ebi.ac.uk/vol1/fastq/ERR133/053/ERR13336653/ERR13336653_1.fastq.gz;ftp.sra.ebi.ac.uk/vol1/fastq/ERR133/053/ERR13336653/ERR13336653_2.fastq.gz	1852700236;1966357169	d9bd30bf7cd23206c3b71aeb8e40cbef;958bb3b0366d61e84983c1f07c66d3d4	ftp.sra.ebi.ac.uk/vol1/err/ERR133/053/ERR13336653/ERR13336653.bam	3666219014	6b28b287d7af4b127cf263be639cf997	ftp.sra.ebi.ac.uk/vol1/run/ERR133/ERR13336653/W1214_root_clean_1.fastq.gz;ftp.sra.ebi.ac.uk/vol1/run/ERR133/ERR13336653/W1214_root_clean_2.fastq.gz	1759506821;1874094737	9475c5317e4d3a99db78bb57d3e2f9af;ce3cbed07e6108f88550b2468d8a9dc5			
ERR13336657							ftp.sra.ebi.ac.uk/vol1/run/ERR133/ERR13336657/W1547_root_clean_1.fastq.gz;ftp.sra.ebi.ac.uk/vol1/run/ERR133/ERR13336657/W1547_root_clean_2.fastq.gz	2148259329;2238837803	377063ee60250b28bf104cb1f6e9b948;1e7f421d6f5fc7b2b6d694a4f177177b			
ERR13336659	ftp.sra.ebi.ac.uk/vol1/fastq/ERR133/059/ERR13336659/ERR13336659_1.fastq.gz;ftp.sra.ebi.ac.uk/vol1/fastq/ERR133/059/ERR13336659/ERR13336659_2.fastq.gz	2159786653;2196202726	a9ea42d39503d1683608314147f18c6e;156f22df8d4713c8bbbfac917ebd9aaf	ftp.sra.ebi.ac.uk/vol1/err/ERR133/059/ERR13336659/ERR13336659.bam	4206153011	d9248c6bd5a7693b5e4d80b4ab77355a	ftp.sra.ebi.ac.uk/vol1/run/ERR133/ERR13336659/W1552_root_clean_1.fastq.gz;ftp.sra.ebi.ac.uk/vol1/run/ERR133/ERR13336659/W1552_root_clean_2.fastq.gz	2040116382;2076823479	545603be75ad9e9fecab0be5d22280f9;d8ae1b993b34c25972e326a1dae0df1a			
ERR13336660	ftp.sra.ebi.ac.uk/vol1/fastq/ERR133/060/ERR13336660/ERR13336660_1.fastq.gz;ftp.sra.ebi.ac.uk/vol1/fastq/ERR133/060/ERR13336660/ERR13336660_2.fastq.gz	2661155187;2779618526	ee19f341e6a05e1e6471151a06237e57;c223ce538bd210ad0af7d21615fe8365	ftp.sra.ebi.ac.uk/vol1/err/ERR133/060/ERR13336660/ERR13336660.bam	5207890115	cd2f29465a66572a73bf084a333b79df	ftp.sra.ebi.ac.uk/vol1/run/ERR133/ERR13336660/W1553_root_clean_1.fastq.gz;ftp.sra.ebi.ac.uk/vol1/run/ERR133/ERR13336660/W1553_root_clean_2.fastq.gz	2518364371;2637167753	55e8e32254e98295be14e24a0286109a;8308a312361fa5a950398880f3f1d63d			
ERR13336665	ftp.sra.ebi.ac.uk/vol1/fastq/ERR133/065/ERR13336665/ERR13336665_1.fastq.gz;ftp.sra.ebi.ac.uk/vol1/fastq/ERR133/065/ERR13336665/ERR13336665_2.fastq.gz	2337210700;2399541534	1221700ea6ffaa6844ef38a938b23077;11f6c907739246c0cc2eff37e6ab01af	ftp.sra.ebi.ac.uk/vol1/err/ERR133/065/ERR13336665/ERR13336665.bam	4526668445	fad671c90adcaf4cfd91a7242cb2ced2	ftp.sra.ebi.ac.uk/vol1/run/ERR133/ERR13336665/W1666_root_clean_1.fastq.gz;ftp.sra.ebi.ac.uk/vol1/run/ERR133/ERR13336665/W1666_root_clean_2.fastq.gz	2209616966;2272306449	697fffe8e1b59e61f702d3ca395447a2;ade30b9360a6a73beb2ebf290f31b25d			
ERR13336666	ftp.sra.ebi.ac.uk/vol1/fastq/ERR133/066/ERR13336666/ERR13336666_1.fastq.gz;ftp.sra.ebi.ac.uk/vol1/fastq/ERR133/066/ERR13336666/ERR13336666_2.fastq.gz	2403855104;2698277017	2c90a6e193c2659b7eb01a9093cf90ab;3e802cea8e313973bddd4c0bdca03456	ftp.sra.ebi.ac.uk/vol1/err/ERR133/066/ERR13336666/ERR13336666.bam	5089224640	d8eca75530c686ce5869defc521f0a2f	ftp.sra.ebi.ac.uk/vol1/run/ERR133/ERR13336666/W1668_root_clean_1.fastq.gz;ftp.sra.ebi.ac.uk/vol1/run/ERR133/ERR13336666/W1668_root_clean_2.fastq.gz	2311104669;2606854320	f732d6ed418b6236e2460ff323cd8897;e0ae63041f6e2ffe23fe7e66dec4d290			
ERR13336677	ftp.sra.ebi.ac.uk/vol1/fastq/ERR133/077/ERR13336677/ERR13336677_1.fastq.gz;ftp.sra.ebi.ac.uk/vol1/fastq/ERR133/077/ERR13336677/ERR13336677_2.fastq.gz	2190134139;2274798022	06d13814f1eea8ae8cbe7b6cd5e5b203;5629297bc25c4503cd99efa905d7f27c	ftp.sra.ebi.ac.uk/vol1/err/ERR133/077/ERR13336677/ERR13336677.bam	4268356292	0025ed8088bdf392b3e698d3b0159e37	ftp.sra.ebi.ac.uk/vol1/run/ERR133/ERR13336677/W1736_root_clean_1.fastq.gz;ftp.sra.ebi.ac.uk/vol1/run/ERR133/ERR13336677/W1736_root_clean_2.fastq.gz	2066256835;2151357844	383636ce1272bcce3e733fc5a1692f70;7e577f00059e1f1a9ce074b8152a5ccf			
ERR13336679	ftp.sra.ebi.ac.uk/vol1/fastq/ERR133/079/ERR13336679/ERR13336679_1.fastq.gz;ftp.sra.ebi.ac.uk/vol1/fastq/ERR133/079/ERR13336679/ERR13336679_2.fastq.gz	2578485425;2661823233	48eff0a24619abc623bfeb7dd46a1381;49be08180b091ff01462ec5222db4f7d	ftp.sra.ebi.ac.uk/vol1/err/ERR133/079/ERR13336679/ERR13336679.bam	5049646075	66fb75bb1b557deb2864eab2818326df	ftp.sra.ebi.ac.uk/vol1/run/ERR133/ERR13336679/W1742_root_clean_1.fastq.gz;ftp.sra.ebi.ac.uk/vol1/run/ERR133/ERR13336679/W1742_root_clean_2.fastq.gz	2437799554;2521535019	cdcb5bcef7468c0bedbe658410c298f4;e8c973c40f7a929cbf76da5448d3f3de			
ERR13336680	ftp.sra.ebi.ac.uk/vol1/fastq/ERR133/080/ERR13336680/ERR13336680_1.fastq.gz;ftp.sra.ebi.ac.uk/vol1/fastq/ERR133/080/ERR13336680/ERR13336680_2.fastq.gz	5559126088;5894083918	fc1abd1aab1af907bc519af501b87f81;597562dbd22ac28c90bcd48bc8bb5590	ftp.sra.ebi.ac.uk/vol1/err/ERR133/080/ERR13336680/ERR13336680.bam	11329087929	67f06a57bcbaa43f093e61f7a18efa4d	ftp.sra.ebi.ac.uk/vol1/run/ERR133/ERR13336680/W1748_root_clean_1.fastq.gz;ftp.sra.ebi.ac.uk/vol1/run/ERR133/ERR13336680/W1748_root_clean_2.fastq.gz	5364133529;5693787408	8e920c4f16f5725aaac66348dd65a5a8;f0d13be42af8a4e0cfc2f462e228ba78			
ERR13336685	ftp.sra.ebi.ac.uk/vol1/fastq/ERR133/085/ERR13336685/ERR13336685_1.fastq.gz;ftp.sra.ebi.ac.uk/vol1/fastq/ERR133/085/ERR13336685/ERR13336685_2.fastq.gz	2359872772;2427548725	5c886d15e8d71d72b4f0bf062edbdfe7;ff83192bae4f2091d91ced2c2516579b	ftp.sra.ebi.ac.uk/vol1/err/ERR133/085/ERR13336685/ERR13336685.bam	4577783768	427a90159493ffd60ca6474184e4e0d2	ftp.sra.ebi.ac.uk/vol1/run/ERR133/ERR13336685/W1809_root_clean_1.fastq.gz;ftp.sra.ebi.ac.uk/vol1/run/ERR133/ERR13336685/W1809_root_clean_2.fastq.gz	2227914020;2296114643	06ce59bb44e32d33cccba1eae0e57974;6e02ddc0938effdb7c00c3f6543c9150			
ERR13336689	ftp.sra.ebi.ac.uk/vol1/fastq/ERR133/089/ERR13336689/ERR13336689_1.fastq.gz;ftp.sra.ebi.ac.uk/vol1/fastq/ERR133/089/ERR13336689/ERR13336689_2.fastq.gz	2374301688;2447493998	0cfe3607ef7a49b3b0b7211a3b64aa82;3812f0d3612d25c6ee69440dbe82e17e	ftp.sra.ebi.ac.uk/vol1/err/ERR133/089/ERR13336689/ERR13336689.bam	4613405137	742b7c21295e6f8e11d4adf137f41b06	ftp.sra.ebi.ac.uk/vol1/run/ERR133/ERR13336689/W1859_root_clean_1.fastq.gz;ftp.sra.ebi.ac.uk/vol1/run/ERR133/ERR13336689/W1859_root_clean_2.fastq.gz	2245555479;2319185072	921a53c13d386d4d8888a041786c9a44;f2a741909711d361ed1956c4e2209986			
ERR13336692	ftp.sra.ebi.ac.uk/vol1/fastq/ERR133/092/ERR13336692/ERR13336692_1.fastq.gz;ftp.sra.ebi.ac.uk/vol1/fastq/ERR133/092/ERR13336692/ERR13336692_2.fastq.gz	2570714575;2621204635	e0240a4b4fc71c9355a6fd9c0846d263;09f06f4ee193631dd976e097ebe061e1	ftp.sra.ebi.ac.uk/vol1/err/ERR133/092/ERR13336692/ERR13336692.bam	4971004899	e8159e808685c9dc96281b746a319abb	ftp.sra.ebi.ac.uk/vol1/run/ERR133/ERR13336692/W1890_root_clean_1.fastq.gz;ftp.sra.ebi.ac.uk/vol1/run/ERR133/ERR13336692/W1890_root_clean_2.fastq.gz	2431092821;2481934732	2c5c19e4f54e491e9db474d80f73faf0;2ef4b635f4fa83080de7a42481374c18			
ERR13336694	ftp.sra.ebi.ac.uk/vol1/fastq/ERR133/094/ERR13336694/ERR13336694_1.fastq.gz;ftp.sra.ebi.ac.uk/vol1/fastq/ERR133/094/ERR13336694/ERR13336694_2.fastq.gz	2518155667;2612087881	850e171423064150ec1bd4f703faae29;b3fb1c702b15e5f7f75e86b825b43428	ftp.sra.ebi.ac.uk/vol1/err/ERR133/094/ERR13336694/ERR13336694.bam	4902343822	5af5809061d0749347142318fe89a3f4	ftp.sra.ebi.ac.uk/vol1/run/ERR133/ERR13336694/W1919_root_clean_1.fastq.gz;ftp.sra.ebi.ac.uk/vol1/run/ERR133/ERR13336694/W1919_root_clean_2.fastq.gz	2382870042;2477206051	96215e958ead2c98f2c84bee0b5ba300;ccbf3295dd5f1a4993064a5c0e3ed999			
ERR13336696	ftp.sra.ebi.ac.uk/vol1/fastq/ERR133/096/ERR13336696/ERR13336696_1.fastq.gz;ftp.sra.ebi.ac.uk/vol1/fastq/ERR133/096/ERR13336696/ERR13336696_2.fastq.gz	2407929580;2463444735	a4c801344f457eeef11a0531d6534f68;60fc703be4fae4a9171b770f19f8a1b0	ftp.sra.ebi.ac.uk/vol1/err/ERR133/096/ERR13336696/ERR13336696.bam	4663122315	f46e1f5311e39908304ac4f93f883d31	ftp.sra.ebi.ac.uk/vol1/run/ERR133/ERR13336696/W1970_root_clean_1.fastq.gz;ftp.sra.ebi.ac.uk/vol1/run/ERR133/ERR13336696/W1970_root_clean_2.fastq.gz	2274075892;2329999659	e5f7a396f9ed9b85c381f153a300c237;665d591af8f51a323a1d0bd442bf79d8			
ERR13336704	ftp.sra.ebi.ac.uk/vol1/fastq/ERR133/004/ERR13336704/ERR13336704_1.fastq.gz;ftp.sra.ebi.ac.uk/vol1/fastq/ERR133/004/ERR13336704/ERR13336704_2.fastq.gz	2980062698;3053412046	3e6ed377e4739bbbff74f7d84d7e8f4d;1869fda0b9d544509e3eb2d3e19b3567	ftp.sra.ebi.ac.uk/vol1/err/ERR133/004/ERR13336704/ERR13336704.bam	5763300077	e28b653330069ca0b4f71138a51ab1a3	ftp.sra.ebi.ac.uk/vol1/run/ERR133/ERR13336704/W2066_root_clean_1.fastq.gz;ftp.sra.ebi.ac.uk/vol1/run/ERR133/ERR13336704/W2066_root_clean_2.fastq.gz	2816010297;2889888766	0ff636c364401cdd10e5ed9cde4041e8;69a55e814456ea4bc102428473dcc382			
ERR13336705	ftp.sra.ebi.ac.uk/vol1/fastq/ERR133/005/ERR13336705/ERR13336705_1.fastq.gz;ftp.sra.ebi.ac.uk/vol1/fastq/ERR133/005/ERR13336705/ERR13336705_2.fastq.gz	3124679013;3281535568	f87c61aaaa216a677a21e1cc8475e0d0;4e193654c2773e6930566d1029c10881	ftp.sra.ebi.ac.uk/vol1/err/ERR133/005/ERR13336705/ERR13336705.bam	6316439525	b44d1a8b5a9ca981ce74354295e1b9f4	ftp.sra.ebi.ac.uk/vol1/run/ERR133/ERR13336705/W2099_root_clean_1.fastq.gz;ftp.sra.ebi.ac.uk/vol1/run/ERR133/ERR13336705/W2099_root_clean_2.fastq.gz	3014185262;3166705706	1a1f5756ba6c340921e6a26513679db8;e7c2c235f6bddd8e64bb172c1bbf6dc8			
ERR13336707	ftp.sra.ebi.ac.uk/vol1/fastq/ERR133/007/ERR13336707/ERR13336707_1.fastq.gz;ftp.sra.ebi.ac.uk/vol1/fastq/ERR133/007/ERR13336707/ERR13336707_2.fastq.gz	3169786842;2988322441	174d6dcf02a431e74b8eee672ec25640;9c1a4c1f441472c30980fc042be7bb5a	ftp.sra.ebi.ac.uk/vol1/err/ERR133/007/ERR13336707/ERR13336707.bam	6171402818	33cfe4063232ef3101f2501436bfa167	ftp.sra.ebi.ac.uk/vol1/run/ERR133/ERR13336707/W2197_root_clean_1.fastq.gz;ftp.sra.ebi.ac.uk/vol1/run/ERR133/ERR13336707/W2197_root_clean_2.fastq.gz	3047687142;2860269758	3f1f940520a642fb3ffbcd88f692a41b;746ebc58958561f49c3278ca64d541b1			
ERR13336708	ftp.sra.ebi.ac.uk/vol1/fastq/ERR133/008/ERR13336708/ERR13336708_1.fastq.gz;ftp.sra.ebi.ac.uk/vol1/fastq/ERR133/008/ERR13336708/ERR13336708_2.fastq.gz	2993356633;3299064782	32aae2b3aa73e10739e5cc1da1650208;94405af8d52ae84df83d5d3bb39869b7	ftp.sra.ebi.ac.uk/vol1/err/ERR133/008/ERR13336708/ERR13336708.bam	6170458935	2572d019cafbcfad65ca169d3bb75aa1	ftp.sra.ebi.ac.uk/vol1/run/ERR133/ERR13336708/W2267_root_clean_1.fastq.gz;ftp.sra.ebi.ac.uk/vol1/run/ERR133/ERR13336708/W2267_root_clean_2.fastq.gz	2883825420;3193915651	fdeebcd02c36c9afd7ea9a58341e68d4;a33bd298c4a1c6d8a1f6e6b58c821a68			
ERR13336709	ftp.sra.ebi.ac.uk/vol1/fastq/ERR133/009/ERR13336709/ERR13336709_1.fastq.gz;ftp.sra.ebi.ac.uk/vol1/fastq/ERR133/009/ERR13336709/ERR13336709_2.fastq.gz	2223844336;2393231521	37a9a32176deb2affa7839e25260aeb1;763bfab9eac67c08ec7a33b651b81e62	ftp.sra.ebi.ac.uk/vol1/err/ERR133/009/ERR13336709/ERR13336709.bam	4563917120	ca195c4467baafab7da77f32b3baa9fc	ftp.sra.ebi.ac.uk/vol1/run/ERR133/ERR13336709/W2275_root_clean_1.fastq.gz;ftp.sra.ebi.ac.uk/vol1/run/ERR133/ERR13336709/W2275_root_clean_2.fastq.gz	2144781994;2314574655	143c04fe56d24ab180d55e0520639506;b24b9e8e326ac96c0160cca69a81384a			
ERR13336711	ftp.sra.ebi.ac.uk/vol1/fastq/ERR133/011/ERR13336711/ERR13336711_1.fastq.gz;ftp.sra.ebi.ac.uk/vol1/fastq/ERR133/011/ERR13336711/ERR13336711_2.fastq.gz	5244073276;5481221758	fb5d6b04855048704c97818c10449d8f;a348b0af0852e7266e05c8b6569fde59	ftp.sra.ebi.ac.uk/vol1/err/ERR133/011/ERR13336711/ERR13336711.bam	10586887832	0723050dc93a29727584a723c44b31c2	ftp.sra.ebi.ac.uk/vol1/run/ERR133/ERR13336711/W2305_root_clean_1.fastq.gz;ftp.sra.ebi.ac.uk/vol1/run/ERR133/ERR13336711/W2305_root_clean_2.fastq.gz	5061414222;5295776014	2db7b3d40d2e1827466984c31b2cbd1e;2593d8cd240c92e34220ce06099c088f			
ERR13336715	ftp.sra.ebi.ac.uk/vol1/fastq/ERR133/015/ERR13336715/ERR13336715_1.fastq.gz;ftp.sra.ebi.ac.uk/vol1/fastq/ERR133/015/ERR13336715/ERR13336715_2.fastq.gz	2208521744;2250569707	54b2adc706316260d66cb119cbfe96d6;0df66251a81e4afcd5eb33df8bc74bcb	ftp.sra.ebi.ac.uk/vol1/err/ERR133/015/ERR13336715/ERR13336715.bam	4284841602	9e885c12661161731ba30c6e4d564c09	ftp.sra.ebi.ac.uk/vol1/run/ERR133/ERR13336715/W2318_root_clean_1.fastq.gz;ftp.sra.ebi.ac.uk/vol1/run/ERR133/ERR13336715/W2318_root_clean_2.fastq.gz	2083462309;2126032620	0542791b26d90cbaf10e95a2e7e57d95;e077082382ee014f39c93117f5bda622			
ERR13336720	ftp.sra.ebi.ac.uk/vol1/fastq/ERR133/020/ERR13336720/ERR13336720_1.fastq.gz;ftp.sra.ebi.ac.uk/vol1/fastq/ERR133/020/ERR13336720/ERR13336720_2.fastq.gz	2684840966;2965827830	7cb9644e4d50d0027108cc4bdef966b8;a2ab18ee6c3796c93df67c0cbc62ddb4	ftp.sra.ebi.ac.uk/vol1/err/ERR133/020/ERR13336720/ERR13336720.bam	5575415600	eaf87705278ae9dd893751c832c0417e	ftp.sra.ebi.ac.uk/vol1/run/ERR133/ERR13336720/W3000_root_clean_1.fastq.gz;ftp.sra.ebi.ac.uk/vol1/run/ERR133/ERR13336720/W3000_root_clean_2.fastq.gz	2585202442;2866802321	1f4aff5872e4fedfd416cb35b2c1d82a;8f5c44414de987c2fe71b58eef025f9e			
ERR13336725	ftp.sra.ebi.ac.uk/vol1/fastq/ERR133/025/ERR13336725/ERR13336725_1.fastq.gz;ftp.sra.ebi.ac.uk/vol1/fastq/ERR133/025/ERR13336725/ERR13336725_2.fastq.gz	2181093434;2240286274	5e7fe9914a427e50ba2089ef738c191b;ba65af7ea0084ec3c77617195cbd14ac	ftp.sra.ebi.ac.uk/vol1/err/ERR133/025/ERR13336725/ERR13336725.bam	4223172557	e6b376656df8807aa9a7b0de019a26cc	ftp.sra.ebi.ac.uk/vol1/run/ERR133/ERR13336725/W3033_root_clean_1.fastq.gz;ftp.sra.ebi.ac.uk/vol1/run/ERR133/ERR13336725/W3033_root_clean_2.fastq.gz	2058450335;2118074878	f2e25d959af49f7986d5df05e93beccd;838e2f17d6defb1f8f019e437c58f471			
ERR13336726	ftp.sra.ebi.ac.uk/vol1/fastq/ERR133/026/ERR13336726/ERR13336726_1.fastq.gz;ftp.sra.ebi.ac.uk/vol1/fastq/ERR133/026/ERR13336726/ERR13336726_2.fastq.gz	2748537119;2880479374	6426671fd1fa8ffb9ae579cac0776b45;44a1c951fa1cbea2d09c2282c9e8a1ca	ftp.sra.ebi.ac.uk/vol1/err/ERR133/026/ERR13336726/ERR13336726.bam	5557064243	76e27eca8d3cd33b435a107ed5ef9d8f	ftp.sra.ebi.ac.uk/vol1/run/ERR133/ERR13336726/W3035_root_clean_1.fastq.gz;ftp.sra.ebi.ac.uk/vol1/run/ERR133/ERR13336726/W3035_root_clean_2.fastq.gz	2666197205;2797816516	46709a5a7b96864973830a597787c556;ff609286cd8381f6f907767dc87d9946			
ERR13336729	ftp.sra.ebi.ac.uk/vol1/fastq/ERR133/029/ERR13336729/ERR13336729_1.fastq.gz;ftp.sra.ebi.ac.uk/vol1/fastq/ERR133/029/ERR13336729/ERR13336729_2.fastq.gz	3987844461;4117062291	a3f692a99a84bfaa4a8a937e60288562;f0c3806b4197815bbb5148ad2ea24117	ftp.sra.ebi.ac.uk/vol1/err/ERR133/029/ERR13336729/ERR13336729.bam	8022086808	e9ea25f175016b8239073f814befe0f9	ftp.sra.ebi.ac.uk/vol1/run/ERR133/ERR13336729/W3040_root_clean_1.fastq.gz;ftp.sra.ebi.ac.uk/vol1/run/ERR133/ERR13336729/W3040_root_clean_2.fastq.gz	3836862311;3966311842	b7ef7de86e25f8fa6f4f65b0d05373fb;a200f2b5670118e826271d23dd93c762			
ERR13336731	ftp.sra.ebi.ac.uk/vol1/fastq/ERR133/031/ERR13336731/ERR13336731_1.fastq.gz;ftp.sra.ebi.ac.uk/vol1/fastq/ERR133/031/ERR13336731/ERR13336731_2.fastq.gz	2665173291;2714524296	987c95bb66639a5970fca61602d2865a;27caf4e306aab0274a14573c6fdcb013	ftp.sra.ebi.ac.uk/vol1/err/ERR133/031/ERR13336731/ERR13336731.bam	5151745299	64e199b22a04522aa63451dd7c5f4176	ftp.sra.ebi.ac.uk/vol1/run/ERR133/ERR13336731/W3047_root_clean_1.fastq.gz;ftp.sra.ebi.ac.uk/vol1/run/ERR133/ERR13336731/W3047_root_clean_2.fastq.gz	2518230010;2568074094	e62464cecf9ba5f8da4ae5578194613f;6b51db5aa81bf7e832981d4f2568e697			
ERR13336732	ftp.sra.ebi.ac.uk/vol1/fastq/ERR133/032/ERR13336732/ERR13336732_1.fastq.gz;ftp.sra.ebi.ac.uk/vol1/fastq/ERR133/032/ERR13336732/ERR13336732_2.fastq.gz	1679985781;1731633602	b488727262a2639e38b6e3941c9b6e85;7cb78963372290a1550a2089b70e6ae4	ftp.sra.ebi.ac.uk/vol1/err/ERR133/032/ERR13336732/ERR13336732.bam	3256007696	3e30c4d42401237ad9d5f1fe79ff47c3	ftp.sra.ebi.ac.uk/vol1/run/ERR133/ERR13336732/W3051_root_clean_1.fastq.gz;ftp.sra.ebi.ac.uk/vol1/run/ERR133/ERR13336732/W3051_root_clean_2.fastq.gz	1587053229;1639125444	686bc05176bc44104d54c93a65bc160e;588bbda4f49ea9596b71472e70515cf9			
ERR13336734	ftp.sra.ebi.ac.uk/vol1/fastq/ERR133/034/ERR13336734/ERR13336734_1.fastq.gz;ftp.sra.ebi.ac.uk/vol1/fastq/ERR133/034/ERR13336734/ERR13336734_2.fastq.gz	3622360986;3744195201	6889d8e743caa5a1b1925c1576921f5f;53a1b3fd1e964b0b8905412b9ca2f238	ftp.sra.ebi.ac.uk/vol1/err/ERR133/034/ERR13336734/ERR13336734.bam	7289626474	b214c6323ee4d43c5c7a71d99b63e9e6	ftp.sra.ebi.ac.uk/vol1/run/ERR133/ERR13336734/W3054_root_clean_1.fastq.gz;ftp.sra.ebi.ac.uk/vol1/run/ERR133/ERR13336734/W3054_root_clean_2.fastq.gz	3484721917;3608001711	be07bca89697f8c81dbc2b4496442ce3;5e0672c5e438afa8d5568d604784eb98			
ERR13336735	ftp.sra.ebi.ac.uk/vol1/fastq/ERR133/035/ERR13336735/ERR13336735_1.fastq.gz;ftp.sra.ebi.ac.uk/vol1/fastq/ERR133/035/ERR13336735/ERR13336735_2.fastq.gz	2589195433;2632155284	78cb8909d8d4317061848ccd15431dff;67f6fbdbc1ac07c50ec98699defc5df0	ftp.sra.ebi.ac.uk/vol1/err/ERR133/035/ERR13336735/ERR13336735.bam	5026317283	dfa5873619df0a322ccde243e9a56204	ftp.sra.ebi.ac.uk/vol1/run/ERR133/ERR13336735/W3055_root_clean_1.fastq.gz;ftp.sra.ebi.ac.uk/vol1/run/ERR133/ERR13336735/W3055_root_clean_2.fastq.gz	2449406369;2492495618	faf4da2c99ca1a80c1596b4f562061a0;0fc51c9041f3d8976af03f1c9782373d			
ERR13336736	ftp.sra.ebi.ac.uk/vol1/fastq/ERR133/036/ERR13336736/ERR13336736_1.fastq.gz;ftp.sra.ebi.ac.uk/vol1/fastq/ERR133/036/ERR13336736/ERR13336736_2.fastq.gz	2956511450;3235604644	cacae760f926848d6ade99119208922e;74b785d5e4f1d96deecc808c0c921f45	ftp.sra.ebi.ac.uk/vol1/err/ERR133/036/ERR13336736/ERR13336736.bam	6142233905	bae25dae0b3c68797ebe10e6c99e4204	ftp.sra.ebi.ac.uk/vol1/run/ERR133/ERR13336736/W3063_root_clean_1.fastq.gz;ftp.sra.ebi.ac.uk/vol1/run/ERR133/ERR13336736/W3063_root_clean_2.fastq.gz	2843063001;3122771354	b19cc94fcd109e8ba49c247f4693d1e3;ec11ff1fc75bdee8ee9b6fe5f9691341			
ERR13336741	ftp.sra.ebi.ac.uk/vol1/fastq/ERR133/041/ERR13336741/ERR13336741_1.fastq.gz;ftp.sra.ebi.ac.uk/vol1/fastq/ERR133/041/ERR13336741/ERR13336741_2.fastq.gz	2923046660;3051898609	587219f27c9d3f9bf319d06a25598e5b;b72003cd7de7a060e4cab962680fd04e	ftp.sra.ebi.ac.uk/vol1/err/ERR133/041/ERR13336741/ERR13336741.bam	5925413292	956d4c14775d8a9e55954cfce0f05581	ftp.sra.ebi.ac.uk/vol1/run/ERR133/ERR13336741/W3088_root_clean_1.fastq.gz;ftp.sra.ebi.ac.uk/vol1/run/ERR133/ERR13336741/W3088_root_clean_2.fastq.gz	2817454564;2948721753	0153322f2d42c7e93bb7168634d02ae4;d14ec5e7d4a96b0aac64d39c2b2b9d0c			
ERR13336742	ftp.sra.ebi.ac.uk/vol1/fastq/ERR133/042/ERR13336742/ERR13336742_1.fastq.gz;ftp.sra.ebi.ac.uk/vol1/fastq/ERR133/042/ERR13336742/ERR13336742_2.fastq.gz	2287850641;2347254376	de51f0894c1d5b4fe00632ac0f902190;cfab7a917d13b7bdd973b113cf325028	ftp.sra.ebi.ac.uk/vol1/err/ERR133/042/ERR13336742/ERR13336742.bam	4432645693	bf8a92e0e4f80c9a8f1e494071a38768	ftp.sra.ebi.ac.uk/vol1/run/ERR133/ERR13336742/W3090_root_clean_1.fastq.gz;ftp.sra.ebi.ac.uk/vol1/run/ERR133/ERR13336742/W3090_root_clean_2.fastq.gz	2159059524;2218832397	5a392c47ef5a5f16b8f6a73e5d408dd4;595c3e49fc27ffae38df997c9452bd3b			
ERR13336743	ftp.sra.ebi.ac.uk/vol1/fastq/ERR133/043/ERR13336743/ERR13336743_1.fastq.gz;ftp.sra.ebi.ac.uk/vol1/fastq/ERR133/043/ERR13336743/ERR13336743_2.fastq.gz	2949945533;3175939550	48e071d01fcf4b129c867efc39b2b804;50cabbc9ffd0eaa578d0986c4f28c2a8	ftp.sra.ebi.ac.uk/vol1/err/ERR133/043/ERR13336743/ERR13336743.bam	6295802249	418e17ac10074d7262df06b5448bb38c	ftp.sra.ebi.ac.uk/vol1/run/ERR133/ERR13336743/W3092_root_clean_1.fastq.gz;ftp.sra.ebi.ac.uk/vol1/run/ERR133/ERR13336743/W3092_root_clean_2.fastq.gz	2828182542;3064612323	4a5f61a497130de3178a858206fea020;57f6439835f394e8bab82ce871eb1b84			
ERR13336744	ftp.sra.ebi.ac.uk/vol1/fastq/ERR133/044/ERR13336744/ERR13336744_1.fastq.gz;ftp.sra.ebi.ac.uk/vol1/fastq/ERR133/044/ERR13336744/ERR13336744_2.fastq.gz	2223341097;2235994874	cdd80b2fa0ec7dccfff886aeb9ef0709;52f748d1288b839ceeafc1792895e028	ftp.sra.ebi.ac.uk/vol1/err/ERR133/044/ERR13336744/ERR13336744.bam	4364761195	42937fba24adb17513d7de8ae7e6ae59	ftp.sra.ebi.ac.uk/vol1/run/ERR133/ERR13336744/W3096_root_clean_1.fastq.gz;ftp.sra.ebi.ac.uk/vol1/run/ERR133/ERR13336744/W3096_root_clean_2.fastq.gz	2097940083;2110632129	8432203c25c7a8219903b4c3b9fe50b9;d5cc691580a157cfbb2395be1db96408			
ERR13765362	ftp.sra.ebi.ac.uk/vol1/fastq/ERR137/062/ERR13765362/ERR13765362_1.fastq.gz;ftp.sra.ebi.ac.uk/vol1/fastq/ERR137/062/ERR13765362/ERR13765362_2.fastq.gz	2591948628;2657467090	2a1815fc328878eb0f5f81e60f8df1f9;8fd5bd07fa0b41ebd8d6f5f9cd82d5ba	ftp.sra.ebi.ac.uk/vol1/err/ERR137/062/ERR13765362/ERR13765362.bam	4927917997	bfd7e97ee193e471731854769c2e1d2e	ftp.sra.ebi.ac.uk/vol1/run/ERR137/ERR13765362/W0103_R1.fastq.gz;ftp.sra.ebi.ac.uk/vol1/run/ERR137/ERR13765362/W0103_R2.fastq.gz	2723542975;2799892527	06e3777814c78a4386e10efe6028578e;bd3caca8140852e0846cbb82e91a35c5			
ERR13765367	ftp.sra.ebi.ac.uk/vol1/fastq/ERR137/067/ERR13765367/ERR13765367_1.fastq.gz;ftp.sra.ebi.ac.uk/vol1/fastq/ERR137/067/ERR13765367/ERR13765367_2.fastq.gz	2026475299;2084247957	24490ffda20e3987094df92b48a8f79e;91c778f0205160121cefb5ea7c06f9a2	ftp.sra.ebi.ac.uk/vol1/err/ERR137/067/ERR13765367/ERR13765367.bam	3861394751	cd39578e1891dad1dadbff92f2bad1a6	ftp.sra.ebi.ac.uk/vol1/run/ERR137/ERR13765367/W0136_R1.fastq.gz;ftp.sra.ebi.ac.uk/vol1/run/ERR137/ERR13765367/W0136_R2.fastq.gz	2134796755;2201337605	02c81f66ea16db4f2a7839ba861d2c75;ddffa8d02ac2c4bc8eaa787c288b6217			
ERR13765371	ftp.sra.ebi.ac.uk/vol1/fastq/ERR137/071/ERR13765371/ERR13765371_1.fastq.gz;ftp.sra.ebi.ac.uk/vol1/fastq/ERR137/071/ERR13765371/ERR13765371_2.fastq.gz	1701287069;1760017757	0440603e034bf41c6a0de852ed705e15;4bcec8bb9070b78bb755ac7cf940fdf8	ftp.sra.ebi.ac.uk/vol1/err/ERR137/071/ERR13765371/ERR13765371.bam	3253107480	7a0913eb1d04c97ff07d2d809ea06082	ftp.sra.ebi.ac.uk/vol1/run/ERR137/ERR13765371/W0147_R1.fastq.gz;ftp.sra.ebi.ac.uk/vol1/run/ERR137/ERR13765371/W0147_R2.fastq.gz	1792973216;1860016640	b33715057755f986fe8ed8dc2f8af157;c13c8a515f7ca478fa95d49709e0934e			
ERR13765372	ftp.sra.ebi.ac.uk/vol1/fastq/ERR137/072/ERR13765372/ERR13765372_1.fastq.gz;ftp.sra.ebi.ac.uk/vol1/fastq/ERR137/072/ERR13765372/ERR13765372_2.fastq.gz	545437951;553011849	649df578d2bf843afd7dd165152c13dd;3855a1b37a72434470d7f773113b3be9	ftp.sra.ebi.ac.uk/vol1/err/ERR137/072/ERR13765372/ERR13765372.bam	1039546580	07f7a88671a85bdecc2f48ccd011f8bc	ftp.sra.ebi.ac.uk/vol1/run/ERR137/ERR13765372/W0149_R1.fastq.gz;ftp.sra.ebi.ac.uk/vol1/run/ERR137/ERR13765372/W0149_R2.fastq.gz	586545510;595604739	46325bbffb342410f3c60e9f6b81fd52;4e3355d6c85e2abcc6cc80cfd7e00d49			
ERR13765378	ftp.sra.ebi.ac.uk/vol1/fastq/ERR137/078/ERR13765378/ERR13765378_1.fastq.gz;ftp.sra.ebi.ac.uk/vol1/fastq/ERR137/078/ERR13765378/ERR13765378_2.fastq.gz	2284759694;2333423221	705c5e8ea2c7394a6b94f0b77f605481;6ae99559775a85860988ec677fe3a9f5	ftp.sra.ebi.ac.uk/vol1/err/ERR137/078/ERR13765378/ERR13765378.bam	4329511621	eb50c5d7ed47430bfad899ee299efc55	ftp.sra.ebi.ac.uk/vol1/run/ERR137/ERR13765378/W0179_R1.fastq.gz;ftp.sra.ebi.ac.uk/vol1/run/ERR137/ERR13765378/W0179_R2.fastq.gz	2400188375;2457345242	6a79a52be1357a03f218f82240f3fada;0abace800ced5ceec865934c48409039			
ERR13765380	ftp.sra.ebi.ac.uk/vol1/fastq/ERR137/080/ERR13765380/ERR13765380_1.fastq.gz;ftp.sra.ebi.ac.uk/vol1/fastq/ERR137/080/ERR13765380/ERR13765380_2.fastq.gz	4067682306;4124749979	52fd57b5fe5b27654fa143042cba3085;f45e7a75a9393f9d86865d2ba721d634	ftp.sra.ebi.ac.uk/vol1/err/ERR137/080/ERR13765380/ERR13765380.bam	7689081668	9ee6d6e250eda2afe58e8a65f83d71aa	ftp.sra.ebi.ac.uk/vol1/run/ERR137/ERR13765380/W0234_R1.fastq.gz;ftp.sra.ebi.ac.uk/vol1/run/ERR137/ERR13765380/W0234_R2.fastq.gz	4259967139;4328984204	b4c46c4acebb490f7ff988c7c237aebf;2722280eafa3bd638679129da1d648a9			
ERR13765396	ftp.sra.ebi.ac.uk/vol1/fastq/ERR137/096/ERR13765396/ERR13765396_1.fastq.gz;ftp.sra.ebi.ac.uk/vol1/fastq/ERR137/096/ERR13765396/ERR13765396_2.fastq.gz	1760894589;1823816852	b654a22296f59536c86b818e8b6eb84c;33bbedff98fe3e12bb46bc42e87a7875	ftp.sra.ebi.ac.uk/vol1/err/ERR137/096/ERR13765396/ERR13765396.bam	3372074290	8151429ddd8c21d729790c0fdb0fc8ca	ftp.sra.ebi.ac.uk/vol1/run/ERR137/ERR13765396/W1126_R1.fastq.gz;ftp.sra.ebi.ac.uk/vol1/run/ERR137/ERR13765396/W1126_R2.fastq.gz	1853449394;1924292081	e3fe721f326107918c85a59d976aedfb;04b30e5faf05cde75cccd00fec9ff510			
ERR13765403	ftp.sra.ebi.ac.uk/vol1/fastq/ERR137/003/ERR13765403/ERR13765403_1.fastq.gz;ftp.sra.ebi.ac.uk/vol1/fastq/ERR137/003/ERR13765403/ERR13765403_2.fastq.gz	2583092821;2640010512	3419eca788e9d9ed7f0292671f975c2b;c5d848eaab6b057f26cc901d0ab956ec	ftp.sra.ebi.ac.uk/vol1/err/ERR137/003/ERR13765403/ERR13765403.bam	4910978100	b04a4c5562cec9a2aa0949c67176f5cf	ftp.sra.ebi.ac.uk/vol1/run/ERR137/ERR13765403/W1550_R1.fastq.gz;ftp.sra.ebi.ac.uk/vol1/run/ERR137/ERR13765403/W1550_R2.fastq.gz	2714483808;2780576718	8553213b9139dc43a605bbf60d566998;9f25fccb0fc1a6615b54644d2006ced1			
ERR13765404	ftp.sra.ebi.ac.uk/vol1/fastq/ERR137/004/ERR13765404/ERR13765404_1.fastq.gz;ftp.sra.ebi.ac.uk/vol1/fastq/ERR137/004/ERR13765404/ERR13765404_2.fastq.gz	2051583666;2097178254	efcfe4e18ac78b8ffd4bf56687bbf38c;0f216d9c7004959252620b349bc44562	ftp.sra.ebi.ac.uk/vol1/err/ERR137/004/ERR13765404/ERR13765404.bam	3896234378	fd4f1f3b38e8d30e273ecc235174fef3	ftp.sra.ebi.ac.uk/vol1/run/ERR137/ERR13765404/W1552_R1.fastq.gz;ftp.sra.ebi.ac.uk/vol1/run/ERR137/ERR13765404/W1552_R2.fastq.gz	2157254156;2209682106	c2984f7e1105e0b4417ddc091bf3ac10;b9e5f94e972f1db14c6564291f7f858e			
ERR13765406	ftp.sra.ebi.ac.uk/vol1/fastq/ERR137/006/ERR13765406/ERR13765406_1.fastq.gz;ftp.sra.ebi.ac.uk/vol1/fastq/ERR137/006/ERR13765406/ERR13765406_2.fastq.gz	1502346998;1534104507	4fe2c1461989b4e2ec5255d2c91bee1d;68a88a7463c06f1b441ab9abb486dee3	ftp.sra.ebi.ac.uk/vol1/err/ERR137/006/ERR13765406/ERR13765406.bam	2857864779	ecb172a3cd04571cad0105e58f953a54	ftp.sra.ebi.ac.uk/vol1/run/ERR137/ERR13765406/W1556_R1.fastq.gz;ftp.sra.ebi.ac.uk/vol1/run/ERR137/ERR13765406/W1556_R2.fastq.gz	1586901905;1623206293	82ebf68ceb113a89f56a2357b2468d54;beb352f0153fbf43697e4e2014d51b23			
ERR13765412	ftp.sra.ebi.ac.uk/vol1/fastq/ERR137/012/ERR13765412/ERR13765412_1.fastq.gz;ftp.sra.ebi.ac.uk/vol1/fastq/ERR137/012/ERR13765412/ERR13765412_2.fastq.gz	2693314741;2737857358	0c5b09b3c2710eb6e162481e6c20aa27;874061b8c17a27c076487fcc7eaa1d5a	ftp.sra.ebi.ac.uk/vol1/err/ERR137/012/ERR13765412/ERR13765412.bam	5096781607	fa6d71b07a6234ac2d5bd0d69f9b9cda	ftp.sra.ebi.ac.uk/vol1/run/ERR137/ERR13765412/W1677_R1.fastq.gz;ftp.sra.ebi.ac.uk/vol1/run/ERR137/ERR13765412/W1677_R2.fastq.gz	2823865996;2876832764	5eea8aaecb9e6b793bd46a46cf6e5819;84c10bd4ae24fafdac19dd24e276d80a			
ERR13765418	ftp.sra.ebi.ac.uk/vol1/fastq/ERR137/018/ERR13765418/ERR13765418_1.fastq.gz;ftp.sra.ebi.ac.uk/vol1/fastq/ERR137/018/ERR13765418/ERR13765418_2.fastq.gz	3065095352;3111884729	7c0610cdae32ee8163bc6444502d18e4;9cb00a087553ae794dc1cc0187920030	ftp.sra.ebi.ac.uk/vol1/err/ERR137/018/ERR13765418/ERR13765418.bam	5802167119	e659e06d82f5414e39e793290836a0eb	ftp.sra.ebi.ac.uk/vol1/run/ERR137/ERR13765418/W1726_R1.fastq.gz;ftp.sra.ebi.ac.uk/vol1/run/ERR137/ERR13765418/W1726_R2.fastq.gz	3212038285;3267600209	d6d08261b845a3858a69e813e0436236;554ba026daae76e8914c5114b3e8b2f3			
ERR13765421	ftp.sra.ebi.ac.uk/vol1/fastq/ERR137/021/ERR13765421/ERR13765421_1.fastq.gz;ftp.sra.ebi.ac.uk/vol1/fastq/ERR137/021/ERR13765421/ERR13765421_2.fastq.gz	2053901930;2092709657	77601a2d1994f190f4988e1b269562bf;8912d7ef20b7eb29a03c568b63cd968e	ftp.sra.ebi.ac.uk/vol1/err/ERR137/021/ERR13765421/ERR13765421.bam	3893283698	018dd05d3999614a04ef06e4579e960c	ftp.sra.ebi.ac.uk/vol1/run/ERR137/ERR13765421/W1735_R1.fastq.gz;ftp.sra.ebi.ac.uk/vol1/run/ERR137/ERR13765421/W1735_R2.fastq.gz	2157778789;2202815779	181bb6e8fa39cc71f00ef15a0d1e2377;2a9eaf5b3527294c5aafb88107df7e79			
ERR13765427	ftp.sra.ebi.ac.uk/vol1/fastq/ERR137/027/ERR13765427/ERR13765427_1.fastq.gz;ftp.sra.ebi.ac.uk/vol1/fastq/ERR137/027/ERR13765427/ERR13765427_2.fastq.gz	2311696447;2376005474	c8085760d7feb76493b1e2786b55e9ee;3a200589aa92557690f9d9405326184f	ftp.sra.ebi.ac.uk/vol1/err/ERR137/027/ERR13765427/ERR13765427.bam	4406115850	6069a105d7a1f47d78b9744fc6e28802	ftp.sra.ebi.ac.uk/vol1/run/ERR137/ERR13765427/W1777_R1.fastq.gz;ftp.sra.ebi.ac.uk/vol1/run/ERR137/ERR13765427/W1777_R2.fastq.gz	2431456131;2504601105	f51a4b54b0861216edb8807d08f70088;d8a7e72a21b8842093715bc65481826a			
ERR13765428	ftp.sra.ebi.ac.uk/vol1/fastq/ERR137/028/ERR13765428/ERR13765428_1.fastq.gz;ftp.sra.ebi.ac.uk/vol1/fastq/ERR137/028/ERR13765428/ERR13765428_2.fastq.gz	5532345;5907026	b20d878e267e0a71338f87c104bf3bb0;7781888cdf655c38203f06a060e93d6c	ftp.sra.ebi.ac.uk/vol1/err/ERR137/028/ERR13765428/ERR13765428.bam	10890156	b3f57ef28159b40f1ba10669c0c63f31	ftp.sra.ebi.ac.uk/vol1/run/ERR137/ERR13765428/W1783_R1.fastq.gz;ftp.sra.ebi.ac.uk/vol1/run/ERR137/ERR13765428/W1783_R2.fastq.gz	6196898;6566243	52302a00320f1b659250b921b3d750cd;983a6bd077d14e24b8e35d0cad497b58			
ERR13765430	ftp.sra.ebi.ac.uk/vol1/fastq/ERR137/030/ERR13765430/ERR13765430_1.fastq.gz;ftp.sra.ebi.ac.uk/vol1/fastq/ERR137/030/ERR13765430/ERR13765430_2.fastq.gz	402005286;421258549	291bfa6582ad971d5b452ce9f9dd6238;6ce9a254e7b2e67b3aa644a7997a4683	ftp.sra.ebi.ac.uk/vol1/err/ERR137/030/ERR13765430/ERR13765430.bam	783234521	68353d7ca9de7173848a851654019192	ftp.sra.ebi.ac.uk/vol1/run/ERR137/ERR13765430/W1809_R1.fastq.gz;ftp.sra.ebi.ac.uk/vol1/run/ERR137/ERR13765430/W1809_R2.fastq.gz	434761077;455588341	d6bd5bed937962edf2b12716a19ef14d;4c37437542dc8fcce596e6edc48040c2			
ERR13765431	ftp.sra.ebi.ac.uk/vol1/fastq/ERR137/031/ERR13765431/ERR13765431_1.fastq.gz;ftp.sra.ebi.ac.uk/vol1/fastq/ERR137/031/ERR13765431/ERR13765431_2.fastq.gz	1121787893;1142336616	e87e353a97fb4a73e7d1ac6e1d4ecdaf;f204b74953e790f0cf09d47dc686911b	ftp.sra.ebi.ac.uk/vol1/err/ERR137/031/ERR13765431/ERR13765431.bam	2134960477	7a53597f0dc2e15282decc40735d6258	ftp.sra.ebi.ac.uk/vol1/run/ERR137/ERR13765431/W1810_R1.fastq.gz;ftp.sra.ebi.ac.uk/vol1/run/ERR137/ERR13765431/W1810_R2.fastq.gz	1191241203;1215115848	4b4c198e948b7c16ca2c7a65a8c8c10e;53ed522b35d7bf404d6a59cc11504476			
ERR13765432	ftp.sra.ebi.ac.uk/vol1/fastq/ERR137/032/ERR13765432/ERR13765432_1.fastq.gz;ftp.sra.ebi.ac.uk/vol1/fastq/ERR137/032/ERR13765432/ERR13765432_2.fastq.gz	1314847221;1341199027	32d3ced7d9d1c32eaff6f40f0a099476;1553b67771b9c36630ac56a6d04107cf	ftp.sra.ebi.ac.uk/vol1/err/ERR137/032/ERR13765432/ERR13765432.bam	2500570078	d41e9684871831b2a69e08660c8414ed	ftp.sra.ebi.ac.uk/vol1/run/ERR137/ERR13765432/W1825_R1.fastq.gz;ftp.sra.ebi.ac.uk/vol1/run/ERR137/ERR13765432/W1825_R2.fastq.gz	1391285735;1421339907	9202e95d01ac421f68a613d496b8cad8;61d96f88fa61d92fdd290cd401d604ce			
ERR13765434	ftp.sra.ebi.ac.uk/vol1/fastq/ERR137/034/ERR13765434/ERR13765434_1.fastq.gz;ftp.sra.ebi.ac.uk/vol1/fastq/ERR137/034/ERR13765434/ERR13765434_2.fastq.gz	2353511212;2401821054	2637d312b8de2d7a41175b5ad0e54b41;f05130ab1594cc886ffca68c96170e79	ftp.sra.ebi.ac.uk/vol1/err/ERR137/034/ERR13765434/ERR13765434.bam	4465432437	b34b055d72746b70b22c11da93304a98	ftp.sra.ebi.ac.uk/vol1/run/ERR137/ERR13765434/W1859_R1.fastq.gz;ftp.sra.ebi.ac.uk/vol1/run/ERR137/ERR13765434/W1859_R2.fastq.gz	2476349709;2533059805	f0eb23af72201b4993c791e76424bc3e;1f4ac64f8711ec0be466222a841c98b1			
ERR13765445	ftp.sra.ebi.ac.uk/vol1/fastq/ERR137/045/ERR13765445/ERR13765445_1.fastq.gz;ftp.sra.ebi.ac.uk/vol1/fastq/ERR137/045/ERR13765445/ERR13765445_2.fastq.gz	1843517444;1879798264	59680156c7ea968f6d053637b252e8bd;26f2bf80997be2785801517899127b3d	ftp.sra.ebi.ac.uk/vol1/err/ERR137/045/ERR13765445/ERR13765445.bam	3495110125	e1537ecc2efa2cc72b8567f2c8905b8e	ftp.sra.ebi.ac.uk/vol1/run/ERR137/ERR13765445/W2051_R1.fastq.gz;ftp.sra.ebi.ac.uk/vol1/run/ERR137/ERR13765445/W2051_R2.fastq.gz	1942027172;1984231287	06d314c6934274d2ce3e0335a692fbe9;50870d07323c1e6db870fd2f10726ea1			
ERR13765448	ftp.sra.ebi.ac.uk/vol1/fastq/ERR137/048/ERR13765448/ERR13765448_1.fastq.gz;ftp.sra.ebi.ac.uk/vol1/fastq/ERR137/048/ERR13765448/ERR13765448_2.fastq.gz	1277232301;1304019487	622d457ab57e2ca6d806a27553d460a6;91423e71f564bd51a2c8551df6d81425	ftp.sra.ebi.ac.uk/vol1/err/ERR137/048/ERR13765448/ERR13765448.bam	2431000797	2c6588f49022db13377f5ffeedff899f	ftp.sra.ebi.ac.uk/vol1/run/ERR137/ERR13765448/W2066_R1.fastq.gz;ftp.sra.ebi.ac.uk/vol1/run/ERR137/ERR13765448/W2066_R2.fastq.gz	1353225007;1384146742	925ace6038e45a839c9ece4e7e0d71da;ef0a5b5a7f755c2617c556edf495b485			
ERR13765461	ftp.sra.ebi.ac.uk/vol1/fastq/ERR137/061/ERR13765461/ERR13765461_1.fastq.gz;ftp.sra.ebi.ac.uk/vol1/fastq/ERR137/061/ERR13765461/ERR13765461_2.fastq.gz	2025975900;2087061944	7d4dd388676d175def29ce481dbbec72;e9a92381db1a6263997c44286ea1866a	ftp.sra.ebi.ac.uk/vol1/err/ERR137/061/ERR13765461/ERR13765461.bam	3866523714	38a95aa56aeaaae2df7d31f85fbb945f	ftp.sra.ebi.ac.uk/vol1/run/ERR137/ERR13765461/W2320_R1.fastq.gz;ftp.sra.ebi.ac.uk/vol1/run/ERR137/ERR13765461/W2320_R2.fastq.gz	2134996159;2203451202	2228883b783d7f798abfc1c8f55728b7;7271ebe73dd344673096234bbe3e36d2			
ERR13765462	ftp.sra.ebi.ac.uk/vol1/fastq/ERR137/062/ERR13765462/ERR13765462_1.fastq.gz;ftp.sra.ebi.ac.uk/vol1/fastq/ERR137/062/ERR13765462/ERR13765462_2.fastq.gz	1766327432;1818710252	ba4dc5bb8a4cc004bf9d2087e09661c5;ff9bbed3dcc8c6b6c2f0517c3c95e17c	ftp.sra.ebi.ac.uk/vol1/err/ERR137/062/ERR13765462/ERR13765462.bam	3374430015	040ffcf61c880d57e878c8735d1dab0f	ftp.sra.ebi.ac.uk/vol1/run/ERR137/ERR13765462/W2321_R1.fastq.gz;ftp.sra.ebi.ac.uk/vol1/run/ERR137/ERR13765462/W2321_R2.fastq.gz	1865920240;1924394644	73e1d4f123401ee5ae5e7628491beb66;6a339641b247ee75c2836cd6ed636cdf			
ERR13765465	ftp.sra.ebi.ac.uk/vol1/fastq/ERR137/065/ERR13765465/ERR13765465_1.fastq.gz;ftp.sra.ebi.ac.uk/vol1/fastq/ERR137/065/ERR13765465/ERR13765465_2.fastq.gz	2022953025;2075960396	c5471c065bed95b906db651d4957c474;9b890555ca590873eed6631ffccf5857	ftp.sra.ebi.ac.uk/vol1/err/ERR137/065/ERR13765465/ERR13765465.bam	3853261268	b5853b3d9212ffb214b68d5da7be7e5f	ftp.sra.ebi.ac.uk/vol1/run/ERR137/ERR13765465/W3007_R1.fastq.gz;ftp.sra.ebi.ac.uk/vol1/run/ERR137/ERR13765465/W3007_R2.fastq.gz	2131930647;2191637534	4e674bff9521e062459b943cbd171094;954f641875327587558e90624873c379			
ERR13765467	ftp.sra.ebi.ac.uk/vol1/fastq/ERR137/067/ERR13765467/ERR13765467_1.fastq.gz;ftp.sra.ebi.ac.uk/vol1/fastq/ERR137/067/ERR13765467/ERR13765467_2.fastq.gz	1508705499;1534623875	8e65eee42d382a62a966bf3c2f31650f;9c63b7bf9acd31a80f400f79aa9d739a	ftp.sra.ebi.ac.uk/vol1/err/ERR137/067/ERR13765467/ERR13765467.bam	2869386253	2c6b37688a9f3e0ddf84c6b83c8ba3eb	ftp.sra.ebi.ac.uk/vol1/run/ERR137/ERR13765467/W3012_R1.fastq.gz;ftp.sra.ebi.ac.uk/vol1/run/ERR137/ERR13765467/W3012_R2.fastq.gz	1601209177;1630506597	f89bc3e1162704c85ce0587b5b48ac4d;73f8f630061a301270364229f10decb8			
ERR13765469	ftp.sra.ebi.ac.uk/vol1/fastq/ERR137/069/ERR13765469/ERR13765469_1.fastq.gz;ftp.sra.ebi.ac.uk/vol1/fastq/ERR137/069/ERR13765469/ERR13765469_2.fastq.gz	2311397786;2339044256	a66d01c7b6a83c35e6d298ff759b4202;548b0f9773b2dbdc027b05ec115880b6	ftp.sra.ebi.ac.uk/vol1/err/ERR137/069/ERR13765469/ERR13765469.bam	4398443684	e975876be5b6b07ab1bd81071f11f68f	ftp.sra.ebi.ac.uk/vol1/run/ERR137/ERR13765469/W3033_R1.fastq.gz;ftp.sra.ebi.ac.uk/vol1/run/ERR137/ERR13765469/W3033_R2.fastq.gz	2492050346;2522722265	cfd936a6456becac312f01983d9e8436;784e3f7621c65afe490422a74886c0fb			
ERR13765471	ftp.sra.ebi.ac.uk/vol1/fastq/ERR137/071/ERR13765471/ERR13765471_1.fastq.gz;ftp.sra.ebi.ac.uk/vol1/fastq/ERR137/071/ERR13765471/ERR13765471_2.fastq.gz	1967223722;2018216668	eed72cb3cd067ff8965deaeaca0a2435;bbf437286717ad9f7594045d0a8602a2	ftp.sra.ebi.ac.uk/vol1/err/ERR137/071/ERR13765471/ERR13765471.bam	3739624112	ab6ef95a3e11cb62c14acb9908dbeab7	ftp.sra.ebi.ac.uk/vol1/run/ERR137/ERR13765471/W3037_R1.fastq.gz;ftp.sra.ebi.ac.uk/vol1/run/ERR137/ERR13765471/W3037_R2.fastq.gz	2068915175;2127375275	39fff29f3dba27c9cf3edebd031c5caf;35d794ba6e0a3430bf9b61d0db360112			
ERR13765473	ftp.sra.ebi.ac.uk/vol1/fastq/ERR137/073/ERR13765473/ERR13765473_1.fastq.gz;ftp.sra.ebi.ac.uk/vol1/fastq/ERR137/073/ERR13765473/ERR13765473_2.fastq.gz	1891227824;1911812299	c3f9847be42e0fcc8838e3765e9b0ef4;40a411ac02f05f8923192e0bb6b936a8	ftp.sra.ebi.ac.uk/vol1/err/ERR137/073/ERR13765473/ERR13765473.bam	3569379578	18d0258b1b6d9b87845b1e3ce5c7a8fe	ftp.sra.ebi.ac.uk/vol1/run/ERR137/ERR13765473/W3040_R1.fastq.gz;ftp.sra.ebi.ac.uk/vol1/run/ERR137/ERR13765473/W3040_R2.fastq.gz	1991084157;2015818391	7d48a4f82cb48b50a36a8871721cfb5b;5c5438a777c59f6c3ad025bcd371fce2			
ERR13765477	ftp.sra.ebi.ac.uk/vol1/fastq/ERR137/077/ERR13765477/ERR13765477_1.fastq.gz;ftp.sra.ebi.ac.uk/vol1/fastq/ERR137/077/ERR13765477/ERR13765477_2.fastq.gz	2486316028;2547440131	e18c4709be349554343ecc9b3fdad3b6;6d876aa26c3cfda6ef84e2920844ba09	ftp.sra.ebi.ac.uk/vol1/err/ERR137/077/ERR13765477/ERR13765477.bam	4726664652	d850218f36f7d3ddedcd0b5e8232fd0a	ftp.sra.ebi.ac.uk/vol1/run/ERR137/ERR13765477/W3052_R1.fastq.gz;ftp.sra.ebi.ac.uk/vol1/run/ERR137/ERR13765477/W3052_R2.fastq.gz	2615652918;2686433743	d9c1cc52a6b51bf97bbaa95eef78becc;34d6fb5c3a6e6b943362ccd7c96a6b1b			
ERR13765482	ftp.sra.ebi.ac.uk/vol1/fastq/ERR137/082/ERR13765482/ERR13765482_1.fastq.gz;ftp.sra.ebi.ac.uk/vol1/fastq/ERR137/082/ERR13765482/ERR13765482_2.fastq.gz	2999725407;3073460270	0173f0e994cd181bd2d27265d2672195;3c10c60bdbac303ce3b5c94441b0d1b7	ftp.sra.ebi.ac.uk/vol1/err/ERR137/082/ERR13765482/ERR13765482.bam	5711189510	32cac9d54ffd62de32bf93949ba567e9	ftp.sra.ebi.ac.uk/vol1/run/ERR137/ERR13765482/W3071_R1.fastq.gz;ftp.sra.ebi.ac.uk/vol1/run/ERR137/ERR13765482/W3071_R2.fastq.gz	3152541987;3236039800	3f9cb0ead1b28b1a1c7965e8ad2fc1da;b395f40171753b377ceea14cd4956a53			
ERR13765485	ftp.sra.ebi.ac.uk/vol1/fastq/ERR137/085/ERR13765485/ERR13765485_1.fastq.gz;ftp.sra.ebi.ac.uk/vol1/fastq/ERR137/085/ERR13765485/ERR13765485_2.fastq.gz	2135687066;2189660477	ae0076985263234068c08c8e0b8b3b45;b6615f3817d83d785b55a86791156f3d	ftp.sra.ebi.ac.uk/vol1/err/ERR137/085/ERR13765485/ERR13765485.bam	4065285716	a32cf31c26b81efcd5cfcafc4cb2b61d	ftp.sra.ebi.ac.uk/vol1/run/ERR137/ERR13765485/W3086_R1.fastq.gz;ftp.sra.ebi.ac.uk/vol1/run/ERR137/ERR13765485/W3086_R2.fastq.gz	2249954832;2310431361	e0dd65d1a8b1a93d7d253f8fe848007a;f5b55fef00ab0100df0c534595562a2f			
ERR13765486	ftp.sra.ebi.ac.uk/vol1/fastq/ERR137/086/ERR13765486/ERR13765486_1.fastq.gz;ftp.sra.ebi.ac.uk/vol1/fastq/ERR137/086/ERR13765486/ERR13765486_2.fastq.gz	431305972;447629531	46fd70182fa7a9ee5594ac2cf0c85daf;4b97d55ffdb8c7f48f9c9c2c12331ad7	ftp.sra.ebi.ac.uk/vol1/err/ERR137/086/ERR13765486/ERR13765486.bam	836347190	03f3d2349b23b290a29ba913620d9fdf	ftp.sra.ebi.ac.uk/vol1/run/ERR137/ERR13765486/W3088_R1.fastq.gz;ftp.sra.ebi.ac.uk/vol1/run/ERR137/ERR13765486/W3088_R2.fastq.gz	467965890;485769244	294b32bfbf79c259c7bf9c9213fd7eff;350183c3df82a9fd6c27259f39b53a20			
ERR13765487	ftp.sra.ebi.ac.uk/vol1/fastq/ERR137/087/ERR13765487/ERR13765487_1.fastq.gz;ftp.sra.ebi.ac.uk/vol1/fastq/ERR137/087/ERR13765487/ERR13765487_2.fastq.gz	1959559838;2011345841	7f28226d512117210127137322706c31;6481cf9510b06bbc010cc6524750d6f3	ftp.sra.ebi.ac.uk/vol1/err/ERR137/087/ERR13765487/ERR13765487.bam	3737760553	e385f72775baca2b90efec916b21719a	ftp.sra.ebi.ac.uk/vol1/run/ERR137/ERR13765487/W3090_R1.fastq.gz;ftp.sra.ebi.ac.uk/vol1/run/ERR137/ERR13765487/W3090_R2.fastq.gz	2070112433;2127987320	13965798ef0e47a9424a3b810a24507e;a5253f010f79a7ab9f62ff50537a03dc			
ERR13765489	ftp.sra.ebi.ac.uk/vol1/fastq/ERR137/089/ERR13765489/ERR13765489_1.fastq.gz;ftp.sra.ebi.ac.uk/vol1/fastq/ERR137/089/ERR13765489/ERR13765489_2.fastq.gz	1342129789;1392099611	596215823d37a6d45ed306399f8ec9a9;37ad97ca68c1f3a60c1ff9c2f063adc6	ftp.sra.ebi.ac.uk/vol1/err/ERR137/089/ERR13765489/ERR13765489.bam	2594409706	27a811d750f84391a5f21f1676464047	ftp.sra.ebi.ac.uk/vol1/run/ERR137/ERR13765489/W3096_R1.fastq.gz;ftp.sra.ebi.ac.uk/vol1/run/ERR137/ERR13765489/W3096_R2.fastq.gz	1447084278;1500604810	c447a14a02ff4d1b28e8159dca224104;d56643b8340912d670b58c96dd392946			
ERR13765490	ftp.sra.ebi.ac.uk/vol1/fastq/ERR137/090/ERR13765490/ERR13765490_1.fastq.gz;ftp.sra.ebi.ac.uk/vol1/fastq/ERR137/090/ERR13765490/ERR13765490_2.fastq.gz	1889697037;2050451298	e59c2553e0d70420a5cacb0ca2c1dc40;d64f4816c2583b344e9fb95db89feab6	ftp.sra.ebi.ac.uk/vol1/err/ERR137/090/ERR13765490/ERR13765490.bam	3702495085	b2d059581c77bdd3b59a3a880abbe362	ftp.sra.ebi.ac.uk/vol1/run/ERR137/ERR13765490/534M_1.1.fastq.gz;ftp.sra.ebi.ac.uk/vol1/run/ERR137/ERR13765490/534M_2.1.fastq.gz	1760068235;1918816362	0d5bf65e89654523f894eda86a5f2025;b113e7f7e1d76597791543564522bfcf			
ERR13765494	ftp.sra.ebi.ac.uk/vol1/fastq/ERR137/094/ERR13765494/ERR13765494_1.fastq.gz;ftp.sra.ebi.ac.uk/vol1/fastq/ERR137/094/ERR13765494/ERR13765494_2.fastq.gz	2922566429;3445203839	905df715cbf609251335350d41fc77ae;5027799fa328694748ca42a28bc9dd25	ftp.sra.ebi.ac.uk/vol1/err/ERR137/094/ERR13765494/ERR13765494.bam	6260852831	932289a31a8e90bedf8b1b7a4154e4f4	ftp.sra.ebi.ac.uk/vol1/run/ERR137/ERR13765494/GP119_1.1.fastq.gz;ftp.sra.ebi.ac.uk/vol1/run/ERR137/ERR13765494/GP119_2.1.fastq.gz	2778119432;3296312904	f474e41b6abede20f28ad1431991d82c;231e255ba44d6e2e94969b827a52cfb9			
ERR13765495	ftp.sra.ebi.ac.uk/vol1/fastq/ERR137/095/ERR13765495/ERR13765495_1.fastq.gz;ftp.sra.ebi.ac.uk/vol1/fastq/ERR137/095/ERR13765495/ERR13765495_2.fastq.gz	3028366010;3485578290	b403722eb2cf2baa72b9118a7992d397;8ee2eeddf1855108836add0b4e1264ee	ftp.sra.ebi.ac.uk/vol1/err/ERR137/095/ERR13765495/ERR13765495.bam	6414703000	20686725697311046c633f60b42dbe87	ftp.sra.ebi.ac.uk/vol1/run/ERR137/ERR13765495/GP505_1.1.fastq.gz;ftp.sra.ebi.ac.uk/vol1/run/ERR137/ERR13765495/GP505_2.1.fastq.gz	2891337376;3344630479	ee67e3403711a19454cbe58b5c14b3f2;7ad3315d2ca7338a7b4487fbd61d6428			
ERR13765496	ftp.sra.ebi.ac.uk/vol1/fastq/ERR137/096/ERR13765496/ERR13765496_1.fastq.gz;ftp.sra.ebi.ac.uk/vol1/fastq/ERR137/096/ERR13765496/ERR13765496_2.fastq.gz	2969880146;3448896291	9ebde22cdc99d0dd3d185e80a6f1414b;3089333aa2a9d4bd6ec7d61bf0f03072	ftp.sra.ebi.ac.uk/vol1/err/ERR137/096/ERR13765496/ERR13765496.bam	6311148206	5012712447e6502697aa00b7c1115e7e	ftp.sra.ebi.ac.uk/vol1/run/ERR137/ERR13765496/GP523_1.1.fastq.gz;ftp.sra.ebi.ac.uk/vol1/run/ERR137/ERR13765496/GP523_2.1.fastq.gz	2830144336;3305021628	4d6dd34cdbacd78cc9d52645b4526895;a7f96e89070a1aaee930fd8e3bbbef27			
ERR13765503	ftp.sra.ebi.ac.uk/vol1/fastq/ERR137/003/ERR13765503/ERR13765503_1.fastq.gz;ftp.sra.ebi.ac.uk/vol1/fastq/ERR137/003/ERR13765503/ERR13765503_2.fastq.gz	3089312896;3555799800	34317ab19a64021b762f9189ce630d15;d7e7b9781fc09dfac579a9318c61751f	ftp.sra.ebi.ac.uk/vol1/err/ERR137/003/ERR13765503/ERR13765503.bam	6550232517	8bf42f163b70bbe0d73d8ca380431838	ftp.sra.ebi.ac.uk/vol1/run/ERR137/ERR13765503/HP436_1.1.fastq.gz;ftp.sra.ebi.ac.uk/vol1/run/ERR137/ERR13765503/HP436_2.1.fastq.gz	2960496926;3421015123	e8e4b87a40931d464856bf768864f6f2;d07cefbce36ba8d820606a0aac4c5325			
ERR13765507	ftp.sra.ebi.ac.uk/vol1/fastq/ERR137/007/ERR13765507/ERR13765507_1.fastq.gz;ftp.sra.ebi.ac.uk/vol1/fastq/ERR137/007/ERR13765507/ERR13765507_2.fastq.gz	20778972555;18330227854	0dbe252622a3d07a1f1f6ccec673a591;68002978ffff93a4975acc13fb34b0f1	ftp.sra.ebi.ac.uk/vol1/err/ERR137/007/ERR13765507/ERR13765507.bam	38471421305	32ac770c63034b4fcc2301401a7a9244	ftp.sra.ebi.ac.uk/vol1/run/ERR137/ERR13765507/W0107_HIC_R1.fastq.gz;ftp.sra.ebi.ac.uk/vol1/run/ERR137/ERR13765507/W0107_HIC_R2.fastq.gz	21467581555;19367719235	d1ea3351f4da04f038381c782077bc13;a73447902b930b22600a3644a4497721			
ERR13765511	ftp.sra.ebi.ac.uk/vol1/fastq/ERR137/011/ERR13765511/ERR13765511_1.fastq.gz;ftp.sra.ebi.ac.uk/vol1/fastq/ERR137/011/ERR13765511/ERR13765511_2.fastq.gz	18324655679;17839772596	24218d923f52a91a27919b8191ef13d7;0c86d6a22842f641aea4757b519c8555	ftp.sra.ebi.ac.uk/vol1/err/ERR137/011/ERR13765511/ERR13765511.bam	35558381653	9bd068b1b7be8d7d8b0baede419389e3	ftp.sra.ebi.ac.uk/vol1/run/ERR137/ERR13765511/W0573_HIC_R1.fastq.gz;ftp.sra.ebi.ac.uk/vol1/run/ERR137/ERR13765511/W0573_HIC_R2.fastq.gz	18912567044;18615486632	7c23fb8ffd6f52655a8b8093475fea09;0ece96a5838b01ae857b62af8956874f			
ERR13765512	ftp.sra.ebi.ac.uk/vol1/fastq/ERR137/012/ERR13765512/ERR13765512_1.fastq.gz;ftp.sra.ebi.ac.uk/vol1/fastq/ERR137/012/ERR13765512/ERR13765512_2.fastq.gz	18965098701;16764900715	af5da281024d47b8bdb6c491616230c1;fc1655a1675db96f32bf2f4523410d96	ftp.sra.ebi.ac.uk/vol1/err/ERR137/012/ERR13765512/ERR13765512.bam	35139164090	bda0c13bb24ad63e8c3b4631df4a1e9f	ftp.sra.ebi.ac.uk/vol1/run/ERR137/ERR13765512/W0634_HIC_R1.fastq.gz;ftp.sra.ebi.ac.uk/vol1/run/ERR137/ERR13765512/W0634_HIC_R2.fastq.gz	19536726866;17658187027	e21a0ca3efdb9780919659d6a5288b0b;b67ba6a7a8b211c3674b5377ca5d5cc7			
ERR13765513	ftp.sra.ebi.ac.uk/vol1/fastq/ERR137/013/ERR13765513/ERR13765513_1.fastq.gz;ftp.sra.ebi.ac.uk/vol1/fastq/ERR137/013/ERR13765513/ERR13765513_2.fastq.gz	18035519706;16108251571	0b397bdd8a681736cf1a285e2ee5d8d8;fc2e3026fcec3a29deebc85cf9f654c6	ftp.sra.ebi.ac.uk/vol1/err/ERR137/013/ERR13765513/ERR13765513.bam	33572000957	12a74f4615b800be34cced2c40c72697	ftp.sra.ebi.ac.uk/vol1/run/ERR137/ERR13765513/W0639_HIC_R1.fastq.gz;ftp.sra.ebi.ac.uk/vol1/run/ERR137/ERR13765513/W0639_HIC_R2.fastq.gz	18630579559;16990168828	44e28dac2e8f4bd2494490e09d775cc4;a38121380040b340a4a4a19c389ec9b8			
ERR13765514	ftp.sra.ebi.ac.uk/vol1/fastq/ERR137/014/ERR13765514/ERR13765514_1.fastq.gz;ftp.sra.ebi.ac.uk/vol1/fastq/ERR137/014/ERR13765514/ERR13765514_2.fastq.gz	20694015343;18236983341	9a579d34561e4b00659644cfcb196674;9e0c685b9070f728a47fb5ba712e5400	ftp.sra.ebi.ac.uk/vol1/err/ERR137/014/ERR13765514/ERR13765514.bam	38301170086	d3dab2d6a3d636bdf5df15014632c793	ftp.sra.ebi.ac.uk/vol1/run/ERR137/ERR13765514/W1084_HIC_R1.fastq.gz;ftp.sra.ebi.ac.uk/vol1/run/ERR137/ERR13765514/W1084_HIC_R2.fastq.gz	21314649778;19214499168	6963dc0cec1896e2f912d8898e96fe63;a0e7f56c472e7ce6ce0847d595245019			
ERR13765517	ftp.sra.ebi.ac.uk/vol1/fastq/ERR137/017/ERR13765517/ERR13765517_1.fastq.gz;ftp.sra.ebi.ac.uk/vol1/fastq/ERR137/017/ERR13765517/ERR13765517_2.fastq.gz	20376631330;18110298360	73c7132bf25f178210d41866e7255fda;d52520b48c21184c1dbb1f760b8f7d20	ftp.sra.ebi.ac.uk/vol1/err/ERR137/017/ERR13765517/ERR13765517.bam	37852965894	2bcf678939c904cb6756ed9d83a97254	ftp.sra.ebi.ac.uk/vol1/run/ERR137/ERR13765517/W1679_HIC_R1.fastq.gz;ftp.sra.ebi.ac.uk/vol1/run/ERR137/ERR13765517/W1679_HIC_R2.fastq.gz	21055715572;19121431730	a9478421864d94d673b671ba76c189b7;668c0a4c5f87f3855b77ebcbe2ab2523			
ERR13765518	ftp.sra.ebi.ac.uk/vol1/fastq/ERR137/018/ERR13765518/ERR13765518_1.fastq.gz;ftp.sra.ebi.ac.uk/vol1/fastq/ERR137/018/ERR13765518/ERR13765518_2.fastq.gz	19931476566;18407212915	1d7f9392c166f375ca80bdaeba9c437a;708b1824136badee0b09b5cccf8b7dbd	ftp.sra.ebi.ac.uk/vol1/err/ERR137/018/ERR13765518/ERR13765518.bam	37707336108	c4c9e484cc8b0f435fa1e9c27eceec64	ftp.sra.ebi.ac.uk/vol1/run/ERR137/ERR13765518/W1726_HIC_R1.fastq.gz;ftp.sra.ebi.ac.uk/vol1/run/ERR137/ERR13765518/W1726_HIC_R2.fastq.gz	20568730658;19323367759	d6e4917e68e32f6ff55a70d3ead03d60;8b411daa3e977215db1d7ca11f513614			
ERR13765519	ftp.sra.ebi.ac.uk/vol1/fastq/ERR137/019/ERR13765519/ERR13765519_1.fastq.gz;ftp.sra.ebi.ac.uk/vol1/fastq/ERR137/019/ERR13765519/ERR13765519_2.fastq.gz	16107860230;14671873951	33ced686d929ef28c009f894640d4714;ea81a40d285fefd80ca98e9b4b3619a1	ftp.sra.ebi.ac.uk/vol1/err/ERR137/019/ERR13765519/ERR13765519.bam	30268574313	388881dea156fedfeff0da188cb80fad	ftp.sra.ebi.ac.uk/vol1/run/ERR137/ERR13765519/W1750_HIC_R1.fastq.gz;ftp.sra.ebi.ac.uk/vol1/run/ERR137/ERR13765519/W1750_HIC_R2.fastq.gz	16613476213;15417909190	b7f82f7a59843b8d2ec360dc2c0665c7;ce895ddf05043475288b87b9300202be			
ERR13765521	ftp.sra.ebi.ac.uk/vol1/fastq/ERR137/021/ERR13765521/ERR13765521_1.fastq.gz;ftp.sra.ebi.ac.uk/vol1/fastq/ERR137/021/ERR13765521/ERR13765521_2.fastq.gz	22223968190;20602124408	42d8800098868f63a39143c51e8a1dd4;5430f5e51a78972f03ebac854b42f3ff	ftp.sra.ebi.ac.uk/vol1/err/ERR137/021/ERR13765521/ERR13765521.bam	42118286981	d26e7247063c00e7cb00b686e3830a5e	ftp.sra.ebi.ac.uk/vol1/run/ERR137/ERR13765521/W1783_HIC_R1.fastq.gz;ftp.sra.ebi.ac.uk/vol1/run/ERR137/ERR13765521/W1783_HIC_R2.fastq.gz	22915312915;21597673869	39612196034930305f1aec68758ea023;35cf58180efff99fcfb6bf2f64e3cf5a			
ERR13765527	ftp.sra.ebi.ac.uk/vol1/fastq/ERR137/027/ERR13765527/ERR13765527_1.fastq.gz;ftp.sra.ebi.ac.uk/vol1/fastq/ERR137/027/ERR13765527/ERR13765527_2.fastq.gz	18503212923;17208628400	908ec1f6e3785743ec460401030711fb;d96eb5b07b347cc0135115f80695d8f5	ftp.sra.ebi.ac.uk/vol1/err/ERR137/027/ERR13765527/ERR13765527.bam	35118346205	8075f0f5afbdad0cf54051b3e557161d	ftp.sra.ebi.ac.uk/vol1/run/ERR137/ERR13765527/W2275_HIC_R1.fastq.gz;ftp.sra.ebi.ac.uk/vol1/run/ERR137/ERR13765527/W2275_HIC_R2.fastq.gz	19102001485;18055384450	17fc1c42e1fac61e4e76096f1a724b61;c9e6e2684fac75660837a83c1f127c09			
ERR13765528	ftp.sra.ebi.ac.uk/vol1/fastq/ERR137/028/ERR13765528/ERR13765528_1.fastq.gz;ftp.sra.ebi.ac.uk/vol1/fastq/ERR137/028/ERR13765528/ERR13765528_2.fastq.gz	19175178108;17942214844	12f756b3b4741eb21108abda61306c04;55e0e6a4989daa9233d2c27877be70ed	ftp.sra.ebi.ac.uk/vol1/err/ERR137/028/ERR13765528/ERR13765528.bam	36450770118	6c82b6846236689d2a201a30c5026343	ftp.sra.ebi.ac.uk/vol1/run/ERR137/ERR13765528/W2318_HIC_R1.fastq.gz;ftp.sra.ebi.ac.uk/vol1/run/ERR137/ERR13765528/W2318_HIC_R2.fastq.gz	19625935745;18662541341	d93e9243498f97b26bb1d546404662a0;1531f6cd0b87e62e39f6b02275521cfd			
ERR13765529	ftp.sra.ebi.ac.uk/vol1/fastq/ERR137/029/ERR13765529/ERR13765529_1.fastq.gz;ftp.sra.ebi.ac.uk/vol1/fastq/ERR137/029/ERR13765529/ERR13765529_2.fastq.gz	18801117586;17406635652	6bd1afc7978585221e38ffe53bf98262;ab6186fb48ad03d73152db08c55ebd81	ftp.sra.ebi.ac.uk/vol1/err/ERR137/029/ERR13765529/ERR13765529.bam	35595950744	c94630b6a3483b93b166d26dde5c5c46	ftp.sra.ebi.ac.uk/vol1/run/ERR137/ERR13765529/W3037_HIC_R1.fastq.gz;ftp.sra.ebi.ac.uk/vol1/run/ERR137/ERR13765529/W3037_HIC_R2.fastq.gz	19338716871;18208509706	dba85b61b2740c82903f744d34a21c94;62a4fcc86ffd3a503c06c34be55dcfbc			
